WIDTH=3;
DEPTH=76800;

ADDRESS_RADIX=UNS;
DATA_RADIX=BIN;

CONTENT BEGIN
0 : 000;
1 : 000;
2 : 000;
3 : 000;
4 : 000;
5 : 100;
6 : 000;
7 : 000;
8 : 000;
9 : 111;
10 : 000;
11 : 000;
12 : 000;
13 : 000;
14 : 000;
15 : 000;
16 : 000;
17 : 000;
18 : 000;
19 : 000;
20 : 000;
21 : 000;
22 : 000;
23 : 000;
24 : 000;
25 : 000;
26 : 000;
27 : 000;
28 : 000;
29 : 000;
30 : 000;
31 : 000;
32 : 000;
33 : 000;
34 : 000;
35 : 000;
36 : 000;
37 : 000;
38 : 000;
39 : 000;
40 : 000;
41 : 000;
42 : 000;
43 : 000;
44 : 000;
45 : 000;
46 : 000;
47 : 000;
48 : 000;
49 : 000;
50 : 000;
51 : 000;
52 : 000;
53 : 000;
54 : 000;
55 : 000;
56 : 000;
57 : 000;
58 : 000;
59 : 000;
60 : 000;
61 : 000;
62 : 000;
63 : 000;
64 : 000;
65 : 000;
66 : 000;
67 : 000;
68 : 000;
69 : 000;
70 : 000;
71 : 000;
72 : 000;
73 : 000;
74 : 000;
75 : 000;
76 : 000;
77 : 000;
78 : 000;
79 : 000;
80 : 000;
81 : 000;
82 : 000;
83 : 000;
84 : 000;
85 : 000;
86 : 000;
87 : 000;
88 : 000;
89 : 000;
90 : 000;
91 : 000;
92 : 000;
93 : 000;
94 : 000;
95 : 000;
96 : 000;
97 : 000;
98 : 000;
99 : 000;
100 : 000;
101 : 000;
102 : 000;
103 : 000;
104 : 000;
105 : 000;
106 : 000;
107 : 000;
108 : 000;
109 : 000;
110 : 000;
111 : 000;
112 : 000;
113 : 000;
114 : 000;
115 : 000;
116 : 000;
117 : 000;
118 : 000;
119 : 000;
120 : 000;
121 : 000;
122 : 000;
123 : 000;
124 : 000;
125 : 000;
126 : 000;
127 : 000;
128 : 000;
129 : 000;
130 : 000;
131 : 000;
132 : 000;
133 : 000;
134 : 000;
135 : 000;
136 : 000;
137 : 000;
138 : 000;
139 : 000;
140 : 000;
141 : 000;
142 : 000;
143 : 000;
144 : 000;
145 : 000;
146 : 000;
147 : 000;
148 : 000;
149 : 000;
150 : 000;
151 : 000;
152 : 000;
153 : 000;
154 : 000;
155 : 000;
156 : 000;
157 : 000;
158 : 000;
159 : 000;
160 : 000;
161 : 000;
162 : 000;
163 : 000;
164 : 000;
165 : 000;
166 : 000;
167 : 000;
168 : 000;
169 : 000;
170 : 000;
171 : 000;
172 : 000;
173 : 000;
174 : 000;
175 : 000;
176 : 000;
177 : 000;
178 : 000;
179 : 000;
180 : 000;
181 : 000;
182 : 000;
183 : 000;
184 : 000;
185 : 000;
186 : 000;
187 : 000;
188 : 000;
189 : 000;
190 : 000;
191 : 000;
192 : 000;
193 : 000;
194 : 000;
195 : 000;
196 : 000;
197 : 000;
198 : 000;
199 : 000;
200 : 000;
201 : 000;
202 : 000;
203 : 000;
204 : 000;
205 : 000;
206 : 000;
207 : 000;
208 : 000;
209 : 000;
210 : 000;
211 : 000;
212 : 000;
213 : 000;
214 : 000;
215 : 000;
216 : 000;
217 : 000;
218 : 000;
219 : 000;
220 : 000;
221 : 000;
222 : 000;
223 : 000;
224 : 000;
225 : 001;
226 : 110;
227 : 001;
228 : 000;
229 : 011;
230 : 100;
231 : 011;
232 : 000;
233 : 000;
234 : 000;
235 : 001;
236 : 000;
237 : 000;
238 : 000;
239 : 000;
240 : 000;
241 : 000;
242 : 000;
243 : 000;
244 : 000;
245 : 000;
246 : 000;
247 : 001;
248 : 000;
249 : 001;
250 : 000;
251 : 001;
252 : 010;
253 : 001;
254 : 000;
255 : 000;
256 : 000;
257 : 000;
258 : 000;
259 : 000;
260 : 000;
261 : 000;
262 : 000;
263 : 000;
264 : 000;
265 : 000;
266 : 000;
267 : 000;
268 : 000;
269 : 000;
270 : 000;
271 : 001;
272 : 000;
273 : 000;
274 : 001;
275 : 000;
276 : 000;
277 : 001;
278 : 000;
279 : 000;
280 : 000;
281 : 001;
282 : 000;
283 : 000;
284 : 000;
285 : 000;
286 : 000;
287 : 000;
288 : 000;
289 : 000;
290 : 000;
291 : 000;
292 : 000;
293 : 000;
294 : 000;
295 : 000;
296 : 000;
297 : 000;
298 : 000;
299 : 000;
300 : 000;
301 : 000;
302 : 000;
303 : 000;
304 : 001;
305 : 000;
306 : 000;
307 : 001;
308 : 000;
309 : 000;
310 : 001;
311 : 000;
312 : 000;
313 : 001;
314 : 000;
315 : 000;
316 : 000;
317 : 000;
318 : 000;
319 : 001;
320 : 000;
321 : 000;
322 : 000;
323 : 000;
324 : 000;
325 : 000;
326 : 000;
327 : 110;
328 : 000;
329 : 111;
330 : 111;
331 : 100;
332 : 010;
333 : 000;
334 : 000;
335 : 000;
336 : 000;
337 : 101;
338 : 010;
339 : 101;
340 : 000;
341 : 110;
342 : 000;
343 : 100;
344 : 001;
345 : 000;
346 : 000;
347 : 000;
348 : 111;
349 : 000;
350 : 100;
351 : 011;
352 : 100;
353 : 001;
354 : 110;
355 : 000;
356 : 101;
357 : 010;
358 : 000;
359 : 000;
360 : 000;
361 : 000;
362 : 000;
363 : 000;
364 : 000;
365 : 000;
366 : 000;
367 : 000;
368 : 000;
369 : 000;
370 : 000;
371 : 000;
372 : 000;
373 : 000;
374 : 000;
375 : 000;
376 : 000;
377 : 000;
378 : 000;
379 : 100;
380 : 000;
381 : 000;
382 : 000;
383 : 000;
384 : 000;
385 : 000;
386 : 000;
387 : 000;
388 : 000;
389 : 000;
390 : 000;
391 : 000;
392 : 000;
393 : 000;
394 : 000;
395 : 000;
396 : 000;
397 : 000;
398 : 000;
399 : 001;
400 : 010;
401 : 001;
402 : 100;
403 : 011;
404 : 000;
405 : 001;
406 : 110;
407 : 001;
408 : 000;
409 : 011;
410 : 100;
411 : 011;
412 : 000;
413 : 011;
414 : 000;
415 : 000;
416 : 000;
417 : 000;
418 : 000;
419 : 001;
420 : 000;
421 : 000;
422 : 000;
423 : 000;
424 : 000;
425 : 000;
426 : 000;
427 : 000;
428 : 000;
429 : 000;
430 : 000;
431 : 000;
432 : 000;
433 : 000;
434 : 000;
435 : 000;
436 : 000;
437 : 000;
438 : 000;
439 : 000;
440 : 000;
441 : 000;
442 : 000;
443 : 000;
444 : 000;
445 : 000;
446 : 000;
447 : 000;
448 : 000;
449 : 000;
450 : 000;
451 : 000;
452 : 000;
453 : 000;
454 : 000;
455 : 000;
456 : 000;
457 : 000;
458 : 000;
459 : 000;
460 : 000;
461 : 000;
462 : 000;
463 : 000;
464 : 000;
465 : 000;
466 : 000;
467 : 000;
468 : 000;
469 : 000;
470 : 000;
471 : 000;
472 : 000;
473 : 000;
474 : 000;
475 : 000;
476 : 000;
477 : 000;
478 : 000;
479 : 000;
480 : 000;
481 : 000;
482 : 000;
483 : 000;
484 : 000;
485 : 000;
486 : 000;
487 : 000;
488 : 000;
489 : 000;
490 : 000;
491 : 000;
492 : 000;
493 : 000;
494 : 000;
495 : 000;
496 : 000;
497 : 000;
498 : 000;
499 : 000;
500 : 000;
501 : 000;
502 : 000;
503 : 000;
504 : 000;
505 : 000;
506 : 000;
507 : 000;
508 : 000;
509 : 000;
510 : 000;
511 : 000;
512 : 000;
513 : 000;
514 : 000;
515 : 000;
516 : 000;
517 : 000;
518 : 000;
519 : 000;
520 : 000;
521 : 000;
522 : 000;
523 : 000;
524 : 000;
525 : 000;
526 : 000;
527 : 000;
528 : 000;
529 : 000;
530 : 000;
531 : 000;
532 : 000;
533 : 000;
534 : 000;
535 : 000;
536 : 000;
537 : 000;
538 : 000;
539 : 000;
540 : 000;
541 : 000;
542 : 000;
543 : 000;
544 : 000;
545 : 111;
546 : 001;
547 : 110;
548 : 001;
549 : 100;
550 : 011;
551 : 000;
552 : 100;
553 : 001;
554 : 000;
555 : 010;
556 : 100;
557 : 000;
558 : 011;
559 : 000;
560 : 001;
561 : 010;
562 : 001;
563 : 000;
564 : 011;
565 : 001;
566 : 010;
567 : 001;
568 : 010;
569 : 000;
570 : 010;
571 : 000;
572 : 000;
573 : 000;
574 : 001;
575 : 000;
576 : 001;
577 : 000;
578 : 001;
579 : 000;
580 : 001;
581 : 000;
582 : 001;
583 : 000;
584 : 001;
585 : 000;
586 : 001;
587 : 000;
588 : 001;
589 : 010;
590 : 001;
591 : 000;
592 : 000;
593 : 011;
594 : 000;
595 : 000;
596 : 010;
597 : 000;
598 : 001;
599 : 000;
600 : 010;
601 : 000;
602 : 000;
603 : 001;
604 : 000;
605 : 001;
606 : 000;
607 : 001;
608 : 000;
609 : 001;
610 : 000;
611 : 001;
612 : 000;
613 : 001;
614 : 000;
615 : 001;
616 : 000;
617 : 001;
618 : 010;
619 : 001;
620 : 000;
621 : 001;
622 : 011;
623 : 000;
624 : 000;
625 : 011;
626 : 000;
627 : 000;
628 : 011;
629 : 000;
630 : 000;
631 : 011;
632 : 000;
633 : 000;
634 : 010;
635 : 001;
636 : 000;
637 : 001;
638 : 000;
639 : 000;
640 : 100;
641 : 011;
642 : 000;
643 : 000;
644 : 100;
645 : 000;
646 : 000;
647 : 001;
648 : 100;
649 : 110;
650 : 000;
651 : 100;
652 : 001;
653 : 000;
654 : 000;
655 : 000;
656 : 000;
657 : 000;
658 : 000;
659 : 010;
660 : 000;
661 : 000;
662 : 000;
663 : 000;
664 : 000;
665 : 000;
666 : 010;
667 : 000;
668 : 000;
669 : 000;
670 : 000;
671 : 000;
672 : 000;
673 : 000;
674 : 000;
675 : 000;
676 : 000;
677 : 001;
678 : 100;
679 : 011;
680 : 100;
681 : 000;
682 : 001;
683 : 000;
684 : 000;
685 : 000;
686 : 000;
687 : 000;
688 : 000;
689 : 000;
690 : 000;
691 : 000;
692 : 000;
693 : 000;
694 : 000;
695 : 000;
696 : 000;
697 : 000;
698 : 000;
699 : 010;
700 : 001;
701 : 100;
702 : 010;
703 : 000;
704 : 000;
705 : 000;
706 : 000;
707 : 000;
708 : 000;
709 : 000;
710 : 000;
711 : 000;
712 : 000;
713 : 000;
714 : 000;
715 : 000;
716 : 000;
717 : 000;
718 : 011;
719 : 100;
720 : 000;
721 : 000;
722 : 000;
723 : 000;
724 : 100;
725 : 000;
726 : 000;
727 : 000;
728 : 100;
729 : 000;
730 : 001;
731 : 000;
732 : 100;
733 : 000;
734 : 000;
735 : 000;
736 : 000;
737 : 000;
738 : 000;
739 : 010;
740 : 100;
741 : 000;
742 : 000;
743 : 000;
744 : 000;
745 : 000;
746 : 000;
747 : 000;
748 : 000;
749 : 000;
750 : 000;
751 : 000;
752 : 000;
753 : 000;
754 : 000;
755 : 000;
756 : 000;
757 : 000;
758 : 000;
759 : 000;
760 : 000;
761 : 000;
762 : 000;
763 : 000;
764 : 000;
765 : 000;
766 : 100;
767 : 000;
768 : 000;
769 : 000;
770 : 100;
771 : 000;
772 : 000;
773 : 000;
774 : 100;
775 : 000;
776 : 000;
777 : 100;
778 : 000;
779 : 010;
780 : 101;
781 : 000;
782 : 000;
783 : 110;
784 : 000;
785 : 001;
786 : 100;
787 : 010;
788 : 000;
789 : 101;
790 : 010;
791 : 000;
792 : 100;
793 : 001;
794 : 110;
795 : 000;
796 : 000;
797 : 101;
798 : 000;
799 : 010;
800 : 100;
801 : 001;
802 : 000;
803 : 110;
804 : 000;
805 : 001;
806 : 110;
807 : 000;
808 : 000;
809 : 101;
810 : 010;
811 : 000;
812 : 100;
813 : 001;
814 : 010;
815 : 100;
816 : 001;
817 : 010;
818 : 100;
819 : 001;
820 : 010;
821 : 100;
822 : 001;
823 : 110;
824 : 000;
825 : 001;
826 : 110;
827 : 000;
828 : 001;
829 : 110;
830 : 000;
831 : 001;
832 : 100;
833 : 010;
834 : 001;
835 : 100;
836 : 000;
837 : 011;
838 : 100;
839 : 000;
840 : 011;
841 : 100;
842 : 000;
843 : 001;
844 : 110;
845 : 000;
846 : 001;
847 : 100;
848 : 010;
849 : 001;
850 : 100;
851 : 000;
852 : 001;
853 : 010;
854 : 100;
855 : 001;
856 : 000;
857 : 000;
858 : 111;
859 : 000;
860 : 000;
861 : 000;
862 : 001;
863 : 110;
864 : 000;
865 : 000;
866 : 000;
867 : 000;
868 : 000;
869 : 000;
870 : 000;
871 : 000;
872 : 000;
873 : 010;
874 : 000;
875 : 001;
876 : 000;
877 : 001;
878 : 000;
879 : 111;
880 : 000;
881 : 001;
882 : 100;
883 : 000;
884 : 000;
885 : 000;
886 : 000;
887 : 000;
888 : 000;
889 : 001;
890 : 000;
891 : 001;
892 : 000;
893 : 000;
894 : 000;
895 : 010;
896 : 000;
897 : 000;
898 : 010;
899 : 000;
900 : 000;
901 : 011;
902 : 000;
903 : 000;
904 : 010;
905 : 001;
906 : 000;
907 : 010;
908 : 000;
909 : 001;
910 : 000;
911 : 000;
912 : 000;
913 : 000;
914 : 000;
915 : 001;
916 : 000;
917 : 000;
918 : 000;
919 : 001;
920 : 000;
921 : 001;
922 : 000;
923 : 010;
924 : 000;
925 : 000;
926 : 010;
927 : 000;
928 : 001;
929 : 010;
930 : 000;
931 : 000;
932 : 011;
933 : 000;
934 : 000;
935 : 010;
936 : 001;
937 : 000;
938 : 000;
939 : 001;
940 : 000;
941 : 000;
942 : 000;
943 : 000;
944 : 000;
945 : 000;
946 : 001;
947 : 000;
948 : 000;
949 : 001;
950 : 000;
951 : 000;
952 : 001;
953 : 000;
954 : 001;
955 : 000;
956 : 000;
957 : 010;
958 : 001;
959 : 000;
960 : 000;
961 : 000;
962 : 100;
963 : 000;
964 : 000;
965 : 011;
966 : 000;
967 : 000;
968 : 000;
969 : 000;
970 : 000;
971 : 000;
972 : 010;
973 : 000;
974 : 000;
975 : 000;
976 : 000;
977 : 111;
978 : 000;
979 : 101;
980 : 000;
981 : 000;
982 : 000;
983 : 000;
984 : 000;
985 : 000;
986 : 100;
987 : 001;
988 : 100;
989 : 000;
990 : 000;
991 : 000;
992 : 000;
993 : 000;
994 : 000;
995 : 011;
996 : 100;
997 : 000;
998 : 000;
999 : 000;
1000 : 000;
1001 : 010;
1002 : 100;
1003 : 010;
1004 : 100;
1005 : 001;
1006 : 000;
1007 : 000;
1008 : 000;
1009 : 000;
1010 : 000;
1011 : 000;
1012 : 000;
1013 : 000;
1014 : 000;
1015 : 000;
1016 : 000;
1017 : 100;
1018 : 001;
1019 : 000;
1020 : 000;
1021 : 000;
1022 : 000;
1023 : 100;
1024 : 000;
1025 : 000;
1026 : 000;
1027 : 000;
1028 : 000;
1029 : 000;
1030 : 000;
1031 : 000;
1032 : 000;
1033 : 000;
1034 : 000;
1035 : 000;
1036 : 000;
1037 : 000;
1038 : 000;
1039 : 000;
1040 : 000;
1041 : 001;
1042 : 010;
1043 : 001;
1044 : 000;
1045 : 011;
1046 : 000;
1047 : 011;
1048 : 000;
1049 : 000;
1050 : 010;
1051 : 001;
1052 : 000;
1053 : 011;
1054 : 000;
1055 : 000;
1056 : 000;
1057 : 000;
1058 : 000;
1059 : 001;
1060 : 000;
1061 : 000;
1062 : 000;
1063 : 000;
1064 : 000;
1065 : 000;
1066 : 000;
1067 : 000;
1068 : 000;
1069 : 000;
1070 : 000;
1071 : 000;
1072 : 000;
1073 : 000;
1074 : 000;
1075 : 000;
1076 : 100;
1077 : 000;
1078 : 011;
1079 : 100;
1080 : 000;
1081 : 000;
1082 : 100;
1083 : 000;
1084 : 000;
1085 : 010;
1086 : 001;
1087 : 000;
1088 : 000;
1089 : 011;
1090 : 000;
1091 : 000;
1092 : 011;
1093 : 000;
1094 : 000;
1095 : 011;
1096 : 000;
1097 : 000;
1098 : 001;
1099 : 000;
1100 : 000;
1101 : 000;
1102 : 000;
1103 : 001;
1104 : 000;
1105 : 000;
1106 : 000;
1107 : 000;
1108 : 000;
1109 : 000;
1110 : 000;
1111 : 000;
1112 : 000;
1113 : 000;
1114 : 000;
1115 : 000;
1116 : 000;
1117 : 010;
1118 : 000;
1119 : 000;
1120 : 000;
1121 : 000;
1122 : 000;
1123 : 000;
1124 : 000;
1125 : 000;
1126 : 000;
1127 : 000;
1128 : 000;
1129 : 000;
1130 : 000;
1131 : 000;
1132 : 000;
1133 : 000;
1134 : 000;
1135 : 000;
1136 : 000;
1137 : 000;
1138 : 000;
1139 : 000;
1140 : 000;
1141 : 000;
1142 : 000;
1143 : 000;
1144 : 000;
1145 : 000;
1146 : 000;
1147 : 000;
1148 : 000;
1149 : 000;
1150 : 000;
1151 : 000;
1152 : 000;
1153 : 000;
1154 : 000;
1155 : 000;
1156 : 000;
1157 : 000;
1158 : 000;
1159 : 000;
1160 : 000;
1161 : 000;
1162 : 000;
1163 : 000;
1164 : 000;
1165 : 000;
1166 : 000;
1167 : 000;
1168 : 000;
1169 : 000;
1170 : 000;
1171 : 010;
1172 : 000;
1173 : 000;
1174 : 000;
1175 : 000;
1176 : 010;
1177 : 000;
1178 : 000;
1179 : 000;
1180 : 000;
1181 : 000;
1182 : 000;
1183 : 000;
1184 : 000;
1185 : 001;
1186 : 000;
1187 : 011;
1188 : 000;
1189 : 011;
1190 : 000;
1191 : 001;
1192 : 011;
1193 : 101;
1194 : 000;
1195 : 001;
1196 : 010;
1197 : 000;
1198 : 000;
1199 : 000;
1200 : 000;
1201 : 000;
1202 : 000;
1203 : 011;
1204 : 000;
1205 : 001;
1206 : 000;
1207 : 001;
1208 : 000;
1209 : 000;
1210 : 000;
1211 : 000;
1212 : 001;
1213 : 010;
1214 : 001;
1215 : 000;
1216 : 001;
1217 : 000;
1218 : 001;
1219 : 000;
1220 : 001;
1221 : 000;
1222 : 000;
1223 : 001;
1224 : 000;
1225 : 000;
1226 : 000;
1227 : 001;
1228 : 000;
1229 : 000;
1230 : 000;
1231 : 011;
1232 : 000;
1233 : 001;
1234 : 000;
1235 : 000;
1236 : 001;
1237 : 000;
1238 : 010;
1239 : 000;
1240 : 000;
1241 : 000;
1242 : 001;
1243 : 000;
1244 : 001;
1245 : 000;
1246 : 001;
1247 : 000;
1248 : 000;
1249 : 000;
1250 : 001;
1251 : 000;
1252 : 000;
1253 : 000;
1254 : 001;
1255 : 000;
1256 : 000;
1257 : 000;
1258 : 001;
1259 : 010;
1260 : 000;
1261 : 001;
1262 : 000;
1263 : 001;
1264 : 000;
1265 : 000;
1266 : 000;
1267 : 010;
1268 : 000;
1269 : 000;
1270 : 011;
1271 : 000;
1272 : 000;
1273 : 010;
1274 : 000;
1275 : 000;
1276 : 001;
1277 : 000;
1278 : 000;
1279 : 000;
1280 : 000;
1281 : 000;
1282 : 000;
1283 : 000;
1284 : 000;
1285 : 100;
1286 : 000;
1287 : 000;
1288 : 000;
1289 : 000;
1290 : 000;
1291 : 000;
1292 : 101;
1293 : 000;
1294 : 000;
1295 : 000;
1296 : 000;
1297 : 000;
1298 : 000;
1299 : 010;
1300 : 000;
1301 : 000;
1302 : 000;
1303 : 000;
1304 : 000;
1305 : 000;
1306 : 000;
1307 : 000;
1308 : 010;
1309 : 001;
1310 : 000;
1311 : 000;
1312 : 010;
1313 : 000;
1314 : 100;
1315 : 000;
1316 : 000;
1317 : 000;
1318 : 010;
1319 : 100;
1320 : 001;
1321 : 000;
1322 : 001;
1323 : 000;
1324 : 000;
1325 : 010;
1326 : 100;
1327 : 011;
1328 : 100;
1329 : 000;
1330 : 000;
1331 : 000;
1332 : 000;
1333 : 000;
1334 : 000;
1335 : 000;
1336 : 000;
1337 : 010;
1338 : 000;
1339 : 000;
1340 : 100;
1341 : 000;
1342 : 000;
1343 : 001;
1344 : 000;
1345 : 000;
1346 : 000;
1347 : 000;
1348 : 000;
1349 : 001;
1350 : 000;
1351 : 000;
1352 : 000;
1353 : 000;
1354 : 000;
1355 : 001;
1356 : 000;
1357 : 000;
1358 : 101;
1359 : 000;
1360 : 010;
1361 : 100;
1362 : 000;
1363 : 000;
1364 : 000;
1365 : 100;
1366 : 000;
1367 : 000;
1368 : 001;
1369 : 100;
1370 : 000;
1371 : 000;
1372 : 100;
1373 : 000;
1374 : 000;
1375 : 000;
1376 : 000;
1377 : 000;
1378 : 000;
1379 : 100;
1380 : 000;
1381 : 000;
1382 : 000;
1383 : 000;
1384 : 000;
1385 : 001;
1386 : 000;
1387 : 000;
1388 : 000;
1389 : 000;
1390 : 000;
1391 : 001;
1392 : 000;
1393 : 000;
1394 : 100;
1395 : 000;
1396 : 011;
1397 : 000;
1398 : 000;
1399 : 000;
1400 : 000;
1401 : 000;
1402 : 000;
1403 : 010;
1404 : 001;
1405 : 000;
1406 : 000;
1407 : 100;
1408 : 000;
1409 : 000;
1410 : 000;
1411 : 000;
1412 : 100;
1413 : 000;
1414 : 000;
1415 : 000;
1416 : 000;
1417 : 000;
1418 : 000;
1419 : 000;
1420 : 000;
1421 : 000;
1422 : 000;
1423 : 000;
1424 : 000;
1425 : 000;
1426 : 000;
1427 : 000;
1428 : 000;
1429 : 000;
1430 : 100;
1431 : 001;
1432 : 010;
1433 : 000;
1434 : 000;
1435 : 001;
1436 : 100;
1437 : 000;
1438 : 000;
1439 : 000;
1440 : 101;
1441 : 010;
1442 : 000;
1443 : 100;
1444 : 001;
1445 : 000;
1446 : 100;
1447 : 001;
1448 : 010;
1449 : 000;
1450 : 100;
1451 : 001;
1452 : 010;
1453 : 000;
1454 : 100;
1455 : 000;
1456 : 000;
1457 : 100;
1458 : 000;
1459 : 000;
1460 : 100;
1461 : 000;
1462 : 000;
1463 : 000;
1464 : 000;
1465 : 100;
1466 : 000;
1467 : 000;
1468 : 000;
1469 : 000;
1470 : 100;
1471 : 010;
1472 : 000;
1473 : 000;
1474 : 000;
1475 : 010;
1476 : 100;
1477 : 000;
1478 : 000;
1479 : 000;
1480 : 100;
1481 : 000;
1482 : 010;
1483 : 100;
1484 : 000;
1485 : 010;
1486 : 100;
1487 : 000;
1488 : 010;
1489 : 100;
1490 : 000;
1491 : 000;
1492 : 100;
1493 : 000;
1494 : 000;
1495 : 000;
1496 : 100;
1497 : 000;
1498 : 000;
1499 : 000;
1500 : 001;
1501 : 000;
1502 : 000;
1503 : 000;
1504 : 011;
1505 : 100;
1506 : 011;
1507 : 000;
1508 : 101;
1509 : 000;
1510 : 000;
1511 : 000;
1512 : 000;
1513 : 000;
1514 : 000;
1515 : 000;
1516 : 000;
1517 : 001;
1518 : 000;
1519 : 001;
1520 : 000;
1521 : 011;
1522 : 000;
1523 : 000;
1524 : 000;
1525 : 000;
1526 : 000;
1527 : 000;
1528 : 010;
1529 : 001;
1530 : 000;
1531 : 000;
1532 : 000;
1533 : 000;
1534 : 000;
1535 : 000;
1536 : 000;
1537 : 000;
1538 : 000;
1539 : 000;
1540 : 000;
1541 : 000;
1542 : 010;
1543 : 000;
1544 : 000;
1545 : 001;
1546 : 000;
1547 : 000;
1548 : 000;
1549 : 011;
1550 : 000;
1551 : 000;
1552 : 000;
1553 : 000;
1554 : 010;
1555 : 000;
1556 : 000;
1557 : 001;
1558 : 000;
1559 : 001;
1560 : 000;
1561 : 010;
1562 : 000;
1563 : 000;
1564 : 000;
1565 : 010;
1566 : 000;
1567 : 001;
1568 : 010;
1569 : 001;
1570 : 010;
1571 : 001;
1572 : 000;
1573 : 011;
1574 : 000;
1575 : 001;
1576 : 010;
1577 : 000;
1578 : 000;
1579 : 000;
1580 : 000;
1581 : 000;
1582 : 010;
1583 : 000;
1584 : 001;
1585 : 010;
1586 : 001;
1587 : 000;
1588 : 001;
1589 : 100;
1590 : 000;
1591 : 001;
1592 : 100;
1593 : 001;
1594 : 000;
1595 : 011;
1596 : 100;
1597 : 011;
1598 : 001;
1599 : 100;
1600 : 000;
1601 : 000;
1602 : 000;
1603 : 000;
1604 : 000;
1605 : 011;
1606 : 000;
1607 : 100;
1608 : 010;
1609 : 111;
1610 : 000;
1611 : 000;
1612 : 000;
1613 : 000;
1614 : 000;
1615 : 000;
1616 : 100;
1617 : 011;
1618 : 100;
1619 : 001;
1620 : 100;
1621 : 111;
1622 : 100;
1623 : 000;
1624 : 000;
1625 : 000;
1626 : 010;
1627 : 000;
1628 : 100;
1629 : 000;
1630 : 000;
1631 : 000;
1632 : 101;
1633 : 000;
1634 : 000;
1635 : 000;
1636 : 000;
1637 : 000;
1638 : 000;
1639 : 000;
1640 : 000;
1641 : 000;
1642 : 100;
1643 : 010;
1644 : 101;
1645 : 000;
1646 : 000;
1647 : 000;
1648 : 000;
1649 : 011;
1650 : 100;
1651 : 011;
1652 : 100;
1653 : 000;
1654 : 000;
1655 : 000;
1656 : 000;
1657 : 000;
1658 : 100;
1659 : 000;
1660 : 010;
1661 : 000;
1662 : 000;
1663 : 000;
1664 : 000;
1665 : 000;
1666 : 000;
1667 : 000;
1668 : 000;
1669 : 000;
1670 : 000;
1671 : 000;
1672 : 000;
1673 : 000;
1674 : 000;
1675 : 000;
1676 : 100;
1677 : 000;
1678 : 010;
1679 : 000;
1680 : 001;
1681 : 000;
1682 : 000;
1683 : 111;
1684 : 000;
1685 : 001;
1686 : 010;
1687 : 000;
1688 : 000;
1689 : 011;
1690 : 000;
1691 : 011;
1692 : 000;
1693 : 001;
1694 : 000;
1695 : 000;
1696 : 000;
1697 : 000;
1698 : 000;
1699 : 011;
1700 : 000;
1701 : 000;
1702 : 000;
1703 : 000;
1704 : 000;
1705 : 000;
1706 : 000;
1707 : 000;
1708 : 000;
1709 : 000;
1710 : 000;
1711 : 100;
1712 : 000;
1713 : 000;
1714 : 010;
1715 : 000;
1716 : 000;
1717 : 000;
1718 : 000;
1719 : 000;
1720 : 000;
1721 : 000;
1722 : 001;
1723 : 000;
1724 : 000;
1725 : 100;
1726 : 000;
1727 : 000;
1728 : 000;
1729 : 000;
1730 : 100;
1731 : 000;
1732 : 000;
1733 : 000;
1734 : 000;
1735 : 100;
1736 : 000;
1737 : 000;
1738 : 110;
1739 : 000;
1740 : 000;
1741 : 110;
1742 : 000;
1743 : 000;
1744 : 110;
1745 : 000;
1746 : 000;
1747 : 111;
1748 : 000;
1749 : 000;
1750 : 010;
1751 : 000;
1752 : 000;
1753 : 100;
1754 : 000;
1755 : 000;
1756 : 010;
1757 : 000;
1758 : 101;
1759 : 000;
1760 : 000;
1761 : 000;
1762 : 000;
1763 : 000;
1764 : 010;
1765 : 000;
1766 : 000;
1767 : 000;
1768 : 100;
1769 : 000;
1770 : 000;
1771 : 000;
1772 : 000;
1773 : 000;
1774 : 001;
1775 : 010;
1776 : 000;
1777 : 001;
1778 : 010;
1779 : 000;
1780 : 001;
1781 : 010;
1782 : 000;
1783 : 101;
1784 : 010;
1785 : 000;
1786 : 001;
1787 : 110;
1788 : 000;
1789 : 001;
1790 : 000;
1791 : 000;
1792 : 001;
1793 : 100;
1794 : 000;
1795 : 001;
1796 : 000;
1797 : 000;
1798 : 011;
1799 : 000;
1800 : 000;
1801 : 001;
1802 : 000;
1803 : 000;
1804 : 101;
1805 : 000;
1806 : 001;
1807 : 100;
1808 : 000;
1809 : 001;
1810 : 000;
1811 : 000;
1812 : 001;
1813 : 000;
1814 : 000;
1815 : 001;
1816 : 000;
1817 : 000;
1818 : 001;
1819 : 100;
1820 : 000;
1821 : 000;
1822 : 110;
1823 : 000;
1824 : 001;
1825 : 000;
1826 : 000;
1827 : 000;
1828 : 000;
1829 : 001;
1830 : 010;
1831 : 001;
1832 : 000;
1833 : 000;
1834 : 011;
1835 : 000;
1836 : 000;
1837 : 000;
1838 : 010;
1839 : 000;
1840 : 000;
1841 : 000;
1842 : 001;
1843 : 000;
1844 : 001;
1845 : 000;
1846 : 011;
1847 : 000;
1848 : 000;
1849 : 000;
1850 : 001;
1851 : 010;
1852 : 001;
1853 : 000;
1854 : 001;
1855 : 000;
1856 : 001;
1857 : 010;
1858 : 001;
1859 : 000;
1860 : 011;
1861 : 000;
1862 : 001;
1863 : 000;
1864 : 000;
1865 : 010;
1866 : 000;
1867 : 001;
1868 : 000;
1869 : 000;
1870 : 000;
1871 : 101;
1872 : 010;
1873 : 001;
1874 : 000;
1875 : 001;
1876 : 010;
1877 : 000;
1878 : 000;
1879 : 010;
1880 : 001;
1881 : 000;
1882 : 001;
1883 : 000;
1884 : 001;
1885 : 000;
1886 : 001;
1887 : 000;
1888 : 000;
1889 : 000;
1890 : 101;
1891 : 000;
1892 : 000;
1893 : 000;
1894 : 000;
1895 : 000;
1896 : 001;
1897 : 000;
1898 : 001;
1899 : 000;
1900 : 011;
1901 : 000;
1902 : 001;
1903 : 000;
1904 : 000;
1905 : 000;
1906 : 101;
1907 : 000;
1908 : 010;
1909 : 001;
1910 : 010;
1911 : 000;
1912 : 011;
1913 : 000;
1914 : 111;
1915 : 000;
1916 : 000;
1917 : 000;
1918 : 011;
1919 : 000;
1920 : 100;
1921 : 000;
1922 : 000;
1923 : 000;
1924 : 000;
1925 : 100;
1926 : 000;
1927 : 000;
1928 : 100;
1929 : 011;
1930 : 000;
1931 : 000;
1932 : 111;
1933 : 000;
1934 : 000;
1935 : 000;
1936 : 000;
1937 : 000;
1938 : 000;
1939 : 110;
1940 : 000;
1941 : 111;
1942 : 010;
1943 : 000;
1944 : 000;
1945 : 000;
1946 : 001;
1947 : 000;
1948 : 001;
1949 : 010;
1950 : 000;
1951 : 000;
1952 : 000;
1953 : 000;
1954 : 000;
1955 : 000;
1956 : 000;
1957 : 001;
1958 : 000;
1959 : 000;
1960 : 000;
1961 : 010;
1962 : 000;
1963 : 000;
1964 : 000;
1965 : 000;
1966 : 111;
1967 : 000;
1968 : 100;
1969 : 000;
1970 : 000;
1971 : 000;
1972 : 000;
1973 : 111;
1974 : 000;
1975 : 111;
1976 : 000;
1977 : 000;
1978 : 001;
1979 : 000;
1980 : 000;
1981 : 000;
1982 : 101;
1983 : 010;
1984 : 000;
1985 : 000;
1986 : 000;
1987 : 000;
1988 : 000;
1989 : 000;
1990 : 000;
1991 : 000;
1992 : 000;
1993 : 000;
1994 : 110;
1995 : 000;
1996 : 000;
1997 : 000;
1998 : 000;
1999 : 000;
2000 : 000;
2001 : 001;
2002 : 000;
2003 : 000;
2004 : 000;
2005 : 000;
2006 : 000;
2007 : 101;
2008 : 000;
2009 : 000;
2010 : 100;
2011 : 000;
2012 : 000;
2013 : 110;
2014 : 000;
2015 : 000;
2016 : 000;
2017 : 000;
2018 : 000;
2019 : 000;
2020 : 000;
2021 : 000;
2022 : 001;
2023 : 000;
2024 : 000;
2025 : 000;
2026 : 000;
2027 : 000;
2028 : 000;
2029 : 000;
2030 : 000;
2031 : 010;
2032 : 000;
2033 : 000;
2034 : 000;
2035 : 000;
2036 : 000;
2037 : 000;
2038 : 000;
2039 : 100;
2040 : 000;
2041 : 000;
2042 : 000;
2043 : 000;
2044 : 000;
2045 : 000;
2046 : 000;
2047 : 010;
2048 : 000;
2049 : 000;
2050 : 000;
2051 : 000;
2052 : 000;
2053 : 000;
2054 : 000;
2055 : 000;
2056 : 000;
2057 : 000;
2058 : 000;
2059 : 000;
2060 : 001;
2061 : 000;
2062 : 000;
2063 : 000;
2064 : 000;
2065 : 001;
2066 : 000;
2067 : 000;
2068 : 000;
2069 : 100;
2070 : 000;
2071 : 000;
2072 : 000;
2073 : 000;
2074 : 000;
2075 : 000;
2076 : 100;
2077 : 000;
2078 : 000;
2079 : 000;
2080 : 000;
2081 : 000;
2082 : 100;
2083 : 000;
2084 : 000;
2085 : 100;
2086 : 010;
2087 : 000;
2088 : 000;
2089 : 001;
2090 : 010;
2091 : 000;
2092 : 100;
2093 : 000;
2094 : 000;
2095 : 000;
2096 : 100;
2097 : 000;
2098 : 000;
2099 : 000;
2100 : 100;
2101 : 000;
2102 : 000;
2103 : 000;
2104 : 000;
2105 : 000;
2106 : 000;
2107 : 000;
2108 : 000;
2109 : 010;
2110 : 000;
2111 : 100;
2112 : 000;
2113 : 010;
2114 : 000;
2115 : 000;
2116 : 000;
2117 : 100;
2118 : 000;
2119 : 100;
2120 : 010;
2121 : 100;
2122 : 110;
2123 : 011;
2124 : 110;
2125 : 111;
2126 : 110;
2127 : 111;
2128 : 110;
2129 : 110;
2130 : 000;
2131 : 110;
2132 : 000;
2133 : 110;
2134 : 000;
2135 : 000;
2136 : 000;
2137 : 000;
2138 : 010;
2139 : 000;
2140 : 000;
2141 : 000;
2142 : 000;
2143 : 000;
2144 : 011;
2145 : 000;
2146 : 001;
2147 : 000;
2148 : 011;
2149 : 000;
2150 : 000;
2151 : 000;
2152 : 001;
2153 : 000;
2154 : 000;
2155 : 001;
2156 : 000;
2157 : 001;
2158 : 000;
2159 : 001;
2160 : 000;
2161 : 000;
2162 : 000;
2163 : 000;
2164 : 010;
2165 : 000;
2166 : 000;
2167 : 001;
2168 : 000;
2169 : 000;
2170 : 000;
2171 : 000;
2172 : 000;
2173 : 000;
2174 : 000;
2175 : 111;
2176 : 000;
2177 : 100;
2178 : 000;
2179 : 000;
2180 : 000;
2181 : 000;
2182 : 000;
2183 : 001;
2184 : 000;
2185 : 001;
2186 : 000;
2187 : 010;
2188 : 000;
2189 : 001;
2190 : 000;
2191 : 000;
2192 : 001;
2193 : 000;
2194 : 100;
2195 : 001;
2196 : 000;
2197 : 001;
2198 : 000;
2199 : 000;
2200 : 000;
2201 : 000;
2202 : 000;
2203 : 010;
2204 : 000;
2205 : 000;
2206 : 000;
2207 : 000;
2208 : 001;
2209 : 010;
2210 : 000;
2211 : 011;
2212 : 000;
2213 : 001;
2214 : 000;
2215 : 010;
2216 : 000;
2217 : 000;
2218 : 010;
2219 : 001;
2220 : 100;
2221 : 001;
2222 : 000;
2223 : 011;
2224 : 101;
2225 : 010;
2226 : 000;
2227 : 001;
2228 : 000;
2229 : 000;
2230 : 000;
2231 : 001;
2232 : 000;
2233 : 001;
2234 : 000;
2235 : 001;
2236 : 000;
2237 : 001;
2238 : 100;
2239 : 000;
2240 : 000;
2241 : 011;
2242 : 000;
2243 : 000;
2244 : 010;
2245 : 000;
2246 : 000;
2247 : 000;
2248 : 000;
2249 : 000;
2250 : 000;
2251 : 000;
2252 : 000;
2253 : 000;
2254 : 000;
2255 : 000;
2256 : 011;
2257 : 100;
2258 : 001;
2259 : 000;
2260 : 000;
2261 : 000;
2262 : 000;
2263 : 000;
2264 : 000;
2265 : 000;
2266 : 100;
2267 : 000;
2268 : 100;
2269 : 000;
2270 : 000;
2271 : 000;
2272 : 000;
2273 : 000;
2274 : 010;
2275 : 001;
2276 : 000;
2277 : 000;
2278 : 110;
2279 : 000;
2280 : 000;
2281 : 001;
2282 : 000;
2283 : 000;
2284 : 000;
2285 : 000;
2286 : 000;
2287 : 000;
2288 : 000;
2289 : 011;
2290 : 100;
2291 : 000;
2292 : 001;
2293 : 000;
2294 : 000;
2295 : 000;
2296 : 100;
2297 : 011;
2298 : 100;
2299 : 000;
2300 : 100;
2301 : 000;
2302 : 000;
2303 : 000;
2304 : 000;
2305 : 000;
2306 : 000;
2307 : 000;
2308 : 000;
2309 : 000;
2310 : 010;
2311 : 000;
2312 : 100;
2313 : 001;
2314 : 000;
2315 : 000;
2316 : 000;
2317 : 000;
2318 : 001;
2319 : 100;
2320 : 010;
2321 : 100;
2322 : 000;
2323 : 010;
2324 : 001;
2325 : 100;
2326 : 010;
2327 : 000;
2328 : 011;
2329 : 000;
2330 : 001;
2331 : 010;
2332 : 001;
2333 : 000;
2334 : 000;
2335 : 000;
2336 : 000;
2337 : 000;
2338 : 001;
2339 : 110;
2340 : 001;
2341 : 000;
2342 : 000;
2343 : 000;
2344 : 010;
2345 : 000;
2346 : 000;
2347 : 100;
2348 : 000;
2349 : 000;
2350 : 000;
2351 : 000;
2352 : 000;
2353 : 000;
2354 : 000;
2355 : 000;
2356 : 000;
2357 : 100;
2358 : 000;
2359 : 000;
2360 : 000;
2361 : 010;
2362 : 100;
2363 : 000;
2364 : 000;
2365 : 000;
2366 : 000;
2367 : 000;
2368 : 101;
2369 : 000;
2370 : 000;
2371 : 010;
2372 : 001;
2373 : 000;
2374 : 010;
2375 : 001;
2376 : 000;
2377 : 100;
2378 : 001;
2379 : 000;
2380 : 000;
2381 : 100;
2382 : 000;
2383 : 001;
2384 : 100;
2385 : 000;
2386 : 000;
2387 : 100;
2388 : 000;
2389 : 000;
2390 : 001;
2391 : 000;
2392 : 100;
2393 : 011;
2394 : 000;
2395 : 000;
2396 : 001;
2397 : 000;
2398 : 010;
2399 : 000;
2400 : 100;
2401 : 010;
2402 : 001;
2403 : 000;
2404 : 000;
2405 : 001;
2406 : 000;
2407 : 000;
2408 : 000;
2409 : 100;
2410 : 000;
2411 : 000;
2412 : 000;
2413 : 010;
2414 : 100;
2415 : 000;
2416 : 000;
2417 : 000;
2418 : 001;
2419 : 010;
2420 : 000;
2421 : 000;
2422 : 111;
2423 : 000;
2424 : 000;
2425 : 111;
2426 : 000;
2427 : 000;
2428 : 100;
2429 : 000;
2430 : 001;
2431 : 000;
2432 : 000;
2433 : 000;
2434 : 100;
2435 : 000;
2436 : 011;
2437 : 000;
2438 : 000;
2439 : 000;
2440 : 111;
2441 : 111;
2442 : 111;
2443 : 111;
2444 : 111;
2445 : 111;
2446 : 111;
2447 : 111;
2448 : 111;
2449 : 111;
2450 : 111;
2451 : 000;
2452 : 001;
2453 : 000;
2454 : 000;
2455 : 110;
2456 : 000;
2457 : 000;
2458 : 000;
2459 : 000;
2460 : 000;
2461 : 000;
2462 : 000;
2463 : 001;
2464 : 100;
2465 : 000;
2466 : 010;
2467 : 001;
2468 : 000;
2469 : 000;
2470 : 001;
2471 : 000;
2472 : 000;
2473 : 010;
2474 : 000;
2475 : 000;
2476 : 000;
2477 : 010;
2478 : 000;
2479 : 000;
2480 : 001;
2481 : 010;
2482 : 001;
2483 : 000;
2484 : 001;
2485 : 000;
2486 : 000;
2487 : 000;
2488 : 001;
2489 : 000;
2490 : 111;
2491 : 001;
2492 : 000;
2493 : 001;
2494 : 110;
2495 : 001;
2496 : 000;
2497 : 011;
2498 : 000;
2499 : 001;
2500 : 000;
2501 : 001;
2502 : 000;
2503 : 000;
2504 : 000;
2505 : 000;
2506 : 001;
2507 : 000;
2508 : 000;
2509 : 011;
2510 : 000;
2511 : 000;
2512 : 010;
2513 : 001;
2514 : 000;
2515 : 010;
2516 : 000;
2517 : 000;
2518 : 001;
2519 : 000;
2520 : 001;
2521 : 000;
2522 : 001;
2523 : 000;
2524 : 001;
2525 : 000;
2526 : 011;
2527 : 000;
2528 : 000;
2529 : 001;
2530 : 000;
2531 : 000;
2532 : 100;
2533 : 011;
2534 : 000;
2535 : 101;
2536 : 001;
2537 : 000;
2538 : 000;
2539 : 001;
2540 : 010;
2541 : 000;
2542 : 000;
2543 : 000;
2544 : 001;
2545 : 001;
2546 : 000;
2547 : 000;
2548 : 000;
2549 : 001;
2550 : 000;
2551 : 000;
2552 : 000;
2553 : 111;
2554 : 000;
2555 : 011;
2556 : 000;
2557 : 010;
2558 : 001;
2559 : 000;
2560 : 100;
2561 : 000;
2562 : 100;
2563 : 000;
2564 : 000;
2565 : 101;
2566 : 000;
2567 : 000;
2568 : 000;
2569 : 000;
2570 : 000;
2571 : 000;
2572 : 100;
2573 : 000;
2574 : 000;
2575 : 000;
2576 : 000;
2577 : 000;
2578 : 110;
2579 : 001;
2580 : 000;
2581 : 000;
2582 : 000;
2583 : 000;
2584 : 000;
2585 : 000;
2586 : 000;
2587 : 010;
2588 : 001;
2589 : 000;
2590 : 000;
2591 : 100;
2592 : 010;
2593 : 101;
2594 : 000;
2595 : 100;
2596 : 010;
2597 : 000;
2598 : 000;
2599 : 000;
2600 : 000;
2601 : 100;
2602 : 000;
2603 : 000;
2604 : 000;
2605 : 000;
2606 : 000;
2607 : 000;
2608 : 000;
2609 : 000;
2610 : 000;
2611 : 000;
2612 : 110;
2613 : 000;
2614 : 111;
2615 : 000;
2616 : 000;
2617 : 000;
2618 : 000;
2619 : 011;
2620 : 000;
2621 : 011;
2622 : 100;
2623 : 000;
2624 : 000;
2625 : 000;
2626 : 000;
2627 : 000;
2628 : 000;
2629 : 101;
2630 : 000;
2631 : 000;
2632 : 000;
2633 : 000;
2634 : 000;
2635 : 000;
2636 : 000;
2637 : 000;
2638 : 010;
2639 : 000;
2640 : 000;
2641 : 000;
2642 : 000;
2643 : 100;
2644 : 000;
2645 : 000;
2646 : 001;
2647 : 000;
2648 : 000;
2649 : 100;
2650 : 000;
2651 : 000;
2652 : 100;
2653 : 001;
2654 : 000;
2655 : 000;
2656 : 000;
2657 : 000;
2658 : 000;
2659 : 000;
2660 : 000;
2661 : 000;
2662 : 000;
2663 : 000;
2664 : 000;
2665 : 100;
2666 : 000;
2667 : 000;
2668 : 011;
2669 : 000;
2670 : 000;
2671 : 001;
2672 : 000;
2673 : 000;
2674 : 000;
2675 : 001;
2676 : 000;
2677 : 000;
2678 : 000;
2679 : 001;
2680 : 000;
2681 : 000;
2682 : 000;
2683 : 000;
2684 : 000;
2685 : 100;
2686 : 001;
2687 : 000;
2688 : 000;
2689 : 000;
2690 : 000;
2691 : 000;
2692 : 100;
2693 : 000;
2694 : 000;
2695 : 100;
2696 : 000;
2697 : 010;
2698 : 000;
2699 : 000;
2700 : 010;
2701 : 000;
2702 : 000;
2703 : 010;
2704 : 000;
2705 : 000;
2706 : 010;
2707 : 000;
2708 : 000;
2709 : 010;
2710 : 100;
2711 : 000;
2712 : 000;
2713 : 000;
2714 : 100;
2715 : 000;
2716 : 010;
2717 : 100;
2718 : 000;
2719 : 000;
2720 : 001;
2721 : 000;
2722 : 000;
2723 : 110;
2724 : 000;
2725 : 000;
2726 : 100;
2727 : 010;
2728 : 001;
2729 : 000;
2730 : 000;
2731 : 000;
2732 : 101;
2733 : 000;
2734 : 000;
2735 : 001;
2736 : 010;
2737 : 000;
2738 : 100;
2739 : 000;
2740 : 100;
2741 : 000;
2742 : 000;
2743 : 000;
2744 : 100;
2745 : 000;
2746 : 000;
2747 : 110;
2748 : 001;
2749 : 000;
2750 : 110;
2751 : 000;
2752 : 000;
2753 : 001;
2754 : 010;
2755 : 000;
2756 : 100;
2757 : 000;
2758 : 110;
2759 : 111;
2760 : 111;
2761 : 110;
2762 : 101;
2763 : 111;
2764 : 110;
2765 : 111;
2766 : 111;
2767 : 110;
2768 : 111;
2769 : 111;
2770 : 111;
2771 : 111;
2772 : 110;
2773 : 000;
2774 : 000;
2775 : 001;
2776 : 000;
2777 : 000;
2778 : 101;
2779 : 000;
2780 : 000;
2781 : 000;
2782 : 000;
2783 : 000;
2784 : 011;
2785 : 000;
2786 : 001;
2787 : 000;
2788 : 000;
2789 : 000;
2790 : 000;
2791 : 010;
2792 : 001;
2793 : 000;
2794 : 001;
2795 : 000;
2796 : 001;
2797 : 000;
2798 : 001;
2799 : 100;
2800 : 000;
2801 : 001;
2802 : 000;
2803 : 000;
2804 : 111;
2805 : 101;
2806 : 010;
2807 : 000;
2808 : 000;
2809 : 011;
2810 : 100;
2811 : 011;
2812 : 000;
2813 : 000;
2814 : 111;
2815 : 000;
2816 : 000;
2817 : 000;
2818 : 000;
2819 : 000;
2820 : 010;
2821 : 000;
2822 : 000;
2823 : 011;
2824 : 000;
2825 : 000;
2826 : 010;
2827 : 001;
2828 : 000;
2829 : 000;
2830 : 000;
2831 : 001;
2832 : 000;
2833 : 000;
2834 : 000;
2835 : 001;
2836 : 000;
2837 : 000;
2838 : 010;
2839 : 100;
2840 : 000;
2841 : 010;
2842 : 000;
2843 : 101;
2844 : 010;
2845 : 001;
2846 : 100;
2847 : 001;
2848 : 110;
2849 : 000;
2850 : 101;
2851 : 011;
2852 : 000;
2853 : 001;
2854 : 010;
2855 : 001;
2856 : 010;
2857 : 000;
2858 : 001;
2859 : 100;
2860 : 001;
2861 : 010;
2862 : 101;
2863 : 000;
2864 : 010;
2865 : 101;
2866 : 010;
2867 : 000;
2868 : 000;
2869 : 000;
2870 : 000;
2871 : 001;
2872 : 000;
2873 : 011;
2874 : 000;
2875 : 000;
2876 : 101;
2877 : 000;
2878 : 000;
2879 : 000;
2880 : 000;
2881 : 010;
2882 : 000;
2883 : 001;
2884 : 000;
2885 : 000;
2886 : 000;
2887 : 010;
2888 : 100;
2889 : 000;
2890 : 000;
2891 : 000;
2892 : 011;
2893 : 000;
2894 : 000;
2895 : 000;
2896 : 000;
2897 : 111;
2898 : 000;
2899 : 000;
2900 : 110;
2901 : 000;
2902 : 000;
2903 : 000;
2904 : 000;
2905 : 000;
2906 : 001;
2907 : 000;
2908 : 100;
2909 : 010;
2910 : 000;
2911 : 000;
2912 : 000;
2913 : 000;
2914 : 010;
2915 : 000;
2916 : 101;
2917 : 000;
2918 : 000;
2919 : 101;
2920 : 000;
2921 : 000;
2922 : 000;
2923 : 000;
2924 : 111;
2925 : 000;
2926 : 000;
2927 : 101;
2928 : 000;
2929 : 000;
2930 : 000;
2931 : 000;
2932 : 000;
2933 : 000;
2934 : 000;
2935 : 000;
2936 : 111;
2937 : 000;
2938 : 100;
2939 : 000;
2940 : 000;
2941 : 000;
2942 : 000;
2943 : 011;
2944 : 100;
2945 : 000;
2946 : 000;
2947 : 000;
2948 : 000;
2949 : 000;
2950 : 000;
2951 : 000;
2952 : 000;
2953 : 000;
2954 : 000;
2955 : 000;
2956 : 000;
2957 : 000;
2958 : 000;
2959 : 100;
2960 : 001;
2961 : 000;
2962 : 000;
2963 : 011;
2964 : 000;
2965 : 000;
2966 : 010;
2967 : 100;
2968 : 001;
2969 : 010;
2970 : 001;
2971 : 000;
2972 : 010;
2973 : 000;
2974 : 000;
2975 : 000;
2976 : 000;
2977 : 000;
2978 : 000;
2979 : 111;
2980 : 000;
2981 : 000;
2982 : 000;
2983 : 000;
2984 : 000;
2985 : 000;
2986 : 000;
2987 : 000;
2988 : 000;
2989 : 000;
2990 : 000;
2991 : 000;
2992 : 000;
2993 : 000;
2994 : 100;
2995 : 000;
2996 : 000;
2997 : 000;
2998 : 010;
2999 : 000;
3000 : 000;
3001 : 000;
3002 : 000;
3003 : 000;
3004 : 001;
3005 : 010;
3006 : 000;
3007 : 000;
3008 : 000;
3009 : 010;
3010 : 100;
3011 : 000;
3012 : 000;
3013 : 000;
3014 : 000;
3015 : 000;
3016 : 000;
3017 : 000;
3018 : 000;
3019 : 100;
3020 : 000;
3021 : 000;
3022 : 100;
3023 : 000;
3024 : 000;
3025 : 100;
3026 : 000;
3027 : 001;
3028 : 100;
3029 : 000;
3030 : 000;
3031 : 010;
3032 : 000;
3033 : 000;
3034 : 010;
3035 : 000;
3036 : 000;
3037 : 000;
3038 : 001;
3039 : 100;
3040 : 010;
3041 : 000;
3042 : 000;
3043 : 000;
3044 : 000;
3045 : 010;
3046 : 001;
3047 : 100;
3048 : 000;
3049 : 010;
3050 : 100;
3051 : 010;
3052 : 000;
3053 : 000;
3054 : 000;
3055 : 000;
3056 : 100;
3057 : 000;
3058 : 000;
3059 : 011;
3060 : 000;
3061 : 110;
3062 : 001;
3063 : 110;
3064 : 111;
3065 : 111;
3066 : 110;
3067 : 001;
3068 : 000;
3069 : 000;
3070 : 000;
3071 : 000;
3072 : 100;
3073 : 000;
3074 : 000;
3075 : 000;
3076 : 000;
3077 : 111;
3078 : 101;
3079 : 111;
3080 : 111;
3081 : 111;
3082 : 111;
3083 : 111;
3084 : 111;
3085 : 111;
3086 : 111;
3087 : 111;
3088 : 111;
3089 : 111;
3090 : 110;
3091 : 111;
3092 : 111;
3093 : 100;
3094 : 000;
3095 : 000;
3096 : 100;
3097 : 000;
3098 : 000;
3099 : 010;
3100 : 000;
3101 : 000;
3102 : 100;
3103 : 000;
3104 : 001;
3105 : 000;
3106 : 000;
3107 : 000;
3108 : 001;
3109 : 010;
3110 : 001;
3111 : 000;
3112 : 000;
3113 : 000;
3114 : 111;
3115 : 000;
3116 : 110;
3117 : 000;
3118 : 001;
3119 : 111;
3120 : 000;
3121 : 111;
3122 : 000;
3123 : 000;
3124 : 000;
3125 : 011;
3126 : 000;
3127 : 001;
3128 : 000;
3129 : 101;
3130 : 010;
3131 : 101;
3132 : 000;
3133 : 000;
3134 : 001;
3135 : 011;
3136 : 101;
3137 : 010;
3138 : 001;
3139 : 000;
3140 : 001;
3141 : 000;
3142 : 000;
3143 : 000;
3144 : 001;
3145 : 000;
3146 : 000;
3147 : 000;
3148 : 000;
3149 : 001;
3150 : 100;
3151 : 010;
3152 : 001;
3153 : 000;
3154 : 001;
3155 : 000;
3156 : 010;
3157 : 001;
3158 : 000;
3159 : 001;
3160 : 011;
3161 : 000;
3162 : 001;
3163 : 000;
3164 : 000;
3165 : 001;
3166 : 010;
3167 : 001;
3168 : 001;
3169 : 010;
3170 : 001;
3171 : 000;
3172 : 011;
3173 : 100;
3174 : 001;
3175 : 110;
3176 : 001;
3177 : 000;
3178 : 000;
3179 : 011;
3180 : 000;
3181 : 001;
3182 : 000;
3183 : 000;
3184 : 011;
3185 : 000;
3186 : 001;
3187 : 000;
3188 : 001;
3189 : 010;
3190 : 000;
3191 : 000;
3192 : 000;
3193 : 101;
3194 : 010;
3195 : 001;
3196 : 000;
3197 : 011;
3198 : 000;
3199 : 001;
3200 : 000;
3201 : 000;
3202 : 000;
3203 : 000;
3204 : 000;
3205 : 110;
3206 : 000;
3207 : 101;
3208 : 000;
3209 : 000;
3210 : 000;
3211 : 000;
3212 : 000;
3213 : 000;
3214 : 000;
3215 : 000;
3216 : 000;
3217 : 000;
3218 : 100;
3219 : 001;
3220 : 000;
3221 : 111;
3222 : 100;
3223 : 000;
3224 : 000;
3225 : 000;
3226 : 100;
3227 : 000;
3228 : 010;
3229 : 000;
3230 : 001;
3231 : 000;
3232 : 000;
3233 : 101;
3234 : 000;
3235 : 000;
3236 : 010;
3237 : 000;
3238 : 100;
3239 : 010;
3240 : 000;
3241 : 011;
3242 : 100;
3243 : 000;
3244 : 000;
3245 : 000;
3246 : 000;
3247 : 010;
3248 : 000;
3249 : 000;
3250 : 011;
3251 : 000;
3252 : 000;
3253 : 000;
3254 : 000;
3255 : 000;
3256 : 000;
3257 : 000;
3258 : 010;
3259 : 001;
3260 : 110;
3261 : 000;
3262 : 100;
3263 : 000;
3264 : 000;
3265 : 011;
3266 : 100;
3267 : 011;
3268 : 100;
3269 : 000;
3270 : 000;
3271 : 000;
3272 : 000;
3273 : 000;
3274 : 000;
3275 : 000;
3276 : 000;
3277 : 000;
3278 : 001;
3279 : 000;
3280 : 010;
3281 : 100;
3282 : 000;
3283 : 000;
3284 : 100;
3285 : 000;
3286 : 000;
3287 : 000;
3288 : 000;
3289 : 000;
3290 : 000;
3291 : 100;
3292 : 001;
3293 : 000;
3294 : 000;
3295 : 000;
3296 : 000;
3297 : 000;
3298 : 000;
3299 : 000;
3300 : 000;
3301 : 000;
3302 : 000;
3303 : 000;
3304 : 000;
3305 : 000;
3306 : 000;
3307 : 000;
3308 : 000;
3309 : 000;
3310 : 000;
3311 : 100;
3312 : 000;
3313 : 000;
3314 : 000;
3315 : 010;
3316 : 000;
3317 : 000;
3318 : 000;
3319 : 100;
3320 : 000;
3321 : 000;
3322 : 001;
3323 : 000;
3324 : 000;
3325 : 000;
3326 : 000;
3327 : 100;
3328 : 000;
3329 : 000;
3330 : 000;
3331 : 001;
3332 : 000;
3333 : 010;
3334 : 100;
3335 : 000;
3336 : 001;
3337 : 100;
3338 : 000;
3339 : 000;
3340 : 001;
3341 : 000;
3342 : 000;
3343 : 000;
3344 : 011;
3345 : 000;
3346 : 000;
3347 : 000;
3348 : 010;
3349 : 000;
3350 : 001;
3351 : 100;
3352 : 000;
3353 : 001;
3354 : 100;
3355 : 000;
3356 : 101;
3357 : 000;
3358 : 010;
3359 : 000;
3360 : 000;
3361 : 100;
3362 : 000;
3363 : 101;
3364 : 000;
3365 : 100;
3366 : 000;
3367 : 000;
3368 : 000;
3369 : 000;
3370 : 000;
3371 : 001;
3372 : 100;
3373 : 010;
3374 : 001;
3375 : 000;
3376 : 010;
3377 : 001;
3378 : 100;
3379 : 000;
3380 : 000;
3381 : 111;
3382 : 111;
3383 : 111;
3384 : 111;
3385 : 111;
3386 : 111;
3387 : 110;
3388 : 000;
3389 : 100;
3390 : 000;
3391 : 011;
3392 : 000;
3393 : 000;
3394 : 100;
3395 : 011;
3396 : 100;
3397 : 010;
3398 : 111;
3399 : 110;
3400 : 111;
3401 : 110;
3402 : 111;
3403 : 110;
3404 : 111;
3405 : 100;
3406 : 111;
3407 : 110;
3408 : 101;
3409 : 111;
3410 : 111;
3411 : 111;
3412 : 100;
3413 : 010;
3414 : 001;
3415 : 000;
3416 : 010;
3417 : 000;
3418 : 000;
3419 : 000;
3420 : 000;
3421 : 000;
3422 : 001;
3423 : 010;
3424 : 000;
3425 : 111;
3426 : 000;
3427 : 000;
3428 : 000;
3429 : 000;
3430 : 000;
3431 : 000;
3432 : 001;
3433 : 000;
3434 : 111;
3435 : 000;
3436 : 001;
3437 : 000;
3438 : 010;
3439 : 001;
3440 : 010;
3441 : 101;
3442 : 010;
3443 : 000;
3444 : 000;
3445 : 101;
3446 : 000;
3447 : 000;
3448 : 010;
3449 : 001;
3450 : 000;
3451 : 010;
3452 : 001;
3453 : 000;
3454 : 000;
3455 : 000;
3456 : 000;
3457 : 000;
3458 : 000;
3459 : 000;
3460 : 000;
3461 : 001;
3462 : 000;
3463 : 000;
3464 : 000;
3465 : 011;
3466 : 000;
3467 : 001;
3468 : 100;
3469 : 010;
3470 : 001;
3471 : 000;
3472 : 000;
3473 : 000;
3474 : 010;
3475 : 000;
3476 : 001;
3477 : 000;
3478 : 000;
3479 : 000;
3480 : 101;
3481 : 000;
3482 : 000;
3483 : 010;
3484 : 001;
3485 : 110;
3486 : 001;
3487 : 110;
3488 : 001;
3489 : 000;
3490 : 011;
3491 : 100;
3492 : 001;
3493 : 010;
3494 : 001;
3495 : 001;
3496 : 000;
3497 : 000;
3498 : 001;
3499 : 100;
3500 : 010;
3501 : 001;
3502 : 000;
3503 : 001;
3504 : 100;
3505 : 011;
3506 : 000;
3507 : 000;
3508 : 000;
3509 : 001;
3510 : 000;
3511 : 111;
3512 : 000;
3513 : 011;
3514 : 000;
3515 : 001;
3516 : 000;
3517 : 000;
3518 : 101;
3519 : 000;
3520 : 100;
3521 : 000;
3522 : 000;
3523 : 000;
3524 : 000;
3525 : 101;
3526 : 010;
3527 : 000;
3528 : 000;
3529 : 000;
3530 : 000;
3531 : 000;
3532 : 101;
3533 : 000;
3534 : 000;
3535 : 000;
3536 : 100;
3537 : 011;
3538 : 000;
3539 : 110;
3540 : 000;
3541 : 111;
3542 : 000;
3543 : 000;
3544 : 000;
3545 : 000;
3546 : 010;
3547 : 000;
3548 : 101;
3549 : 000;
3550 : 000;
3551 : 000;
3552 : 000;
3553 : 000;
3554 : 000;
3555 : 100;
3556 : 001;
3557 : 000;
3558 : 011;
3559 : 000;
3560 : 100;
3561 : 000;
3562 : 010;
3563 : 001;
3564 : 000;
3565 : 000;
3566 : 100;
3567 : 000;
3568 : 000;
3569 : 000;
3570 : 100;
3571 : 000;
3572 : 000;
3573 : 101;
3574 : 010;
3575 : 000;
3576 : 000;
3577 : 000;
3578 : 000;
3579 : 000;
3580 : 000;
3581 : 001;
3582 : 010;
3583 : 101;
3584 : 000;
3585 : 000;
3586 : 000;
3587 : 000;
3588 : 010;
3589 : 001;
3590 : 110;
3591 : 000;
3592 : 000;
3593 : 000;
3594 : 000;
3595 : 000;
3596 : 000;
3597 : 000;
3598 : 110;
3599 : 000;
3600 : 000;
3601 : 000;
3602 : 000;
3603 : 000;
3604 : 011;
3605 : 000;
3606 : 100;
3607 : 001;
3608 : 000;
3609 : 110;
3610 : 000;
3611 : 000;
3612 : 010;
3613 : 000;
3614 : 000;
3615 : 000;
3616 : 000;
3617 : 000;
3618 : 000;
3619 : 011;
3620 : 000;
3621 : 000;
3622 : 100;
3623 : 000;
3624 : 000;
3625 : 001;
3626 : 000;
3627 : 000;
3628 : 000;
3629 : 000;
3630 : 000;
3631 : 000;
3632 : 000;
3633 : 000;
3634 : 000;
3635 : 000;
3636 : 000;
3637 : 101;
3638 : 000;
3639 : 000;
3640 : 000;
3641 : 000;
3642 : 100;
3643 : 010;
3644 : 000;
3645 : 100;
3646 : 000;
3647 : 000;
3648 : 000;
3649 : 000;
3650 : 000;
3651 : 010;
3652 : 100;
3653 : 000;
3654 : 001;
3655 : 000;
3656 : 010;
3657 : 000;
3658 : 000;
3659 : 010;
3660 : 100;
3661 : 000;
3662 : 010;
3663 : 100;
3664 : 000;
3665 : 000;
3666 : 100;
3667 : 000;
3668 : 100;
3669 : 000;
3670 : 000;
3671 : 000;
3672 : 010;
3673 : 000;
3674 : 000;
3675 : 000;
3676 : 010;
3677 : 000;
3678 : 100;
3679 : 000;
3680 : 100;
3681 : 010;
3682 : 000;
3683 : 010;
3684 : 000;
3685 : 000;
3686 : 110;
3687 : 001;
3688 : 110;
3689 : 111;
3690 : 100;
3691 : 111;
3692 : 000;
3693 : 000;
3694 : 100;
3695 : 000;
3696 : 000;
3697 : 000;
3698 : 000;
3699 : 110;
3700 : 101;
3701 : 111;
3702 : 110;
3703 : 111;
3704 : 110;
3705 : 111;
3706 : 111;
3707 : 111;
3708 : 000;
3709 : 010;
3710 : 000;
3711 : 000;
3712 : 100;
3713 : 000;
3714 : 010;
3715 : 000;
3716 : 100;
3717 : 111;
3718 : 111;
3719 : 111;
3720 : 111;
3721 : 111;
3722 : 111;
3723 : 000;
3724 : 100;
3725 : 000;
3726 : 000;
3727 : 111;
3728 : 110;
3729 : 111;
3730 : 100;
3731 : 000;
3732 : 000;
3733 : 100;
3734 : 000;
3735 : 000;
3736 : 000;
3737 : 001;
3738 : 000;
3739 : 100;
3740 : 001;
3741 : 000;
3742 : 000;
3743 : 000;
3744 : 001;
3745 : 000;
3746 : 000;
3747 : 001;
3748 : 000;
3749 : 001;
3750 : 000;
3751 : 000;
3752 : 000;
3753 : 000;
3754 : 111;
3755 : 000;
3756 : 001;
3757 : 000;
3758 : 001;
3759 : 110;
3760 : 001;
3761 : 011;
3762 : 000;
3763 : 001;
3764 : 000;
3765 : 011;
3766 : 000;
3767 : 000;
3768 : 000;
3769 : 000;
3770 : 001;
3771 : 000;
3772 : 000;
3773 : 000;
3774 : 011;
3775 : 000;
3776 : 001;
3777 : 000;
3778 : 001;
3779 : 010;
3780 : 000;
3781 : 000;
3782 : 011;
3783 : 000;
3784 : 000;
3785 : 000;
3786 : 000;
3787 : 000;
3788 : 001;
3789 : 000;
3790 : 000;
3791 : 000;
3792 : 001;
3793 : 000;
3794 : 001;
3795 : 000;
3796 : 000;
3797 : 000;
3798 : 001;
3799 : 010;
3800 : 000;
3801 : 001;
3802 : 000;
3803 : 001;
3804 : 000;
3805 : 000;
3806 : 001;
3807 : 000;
3808 : 011;
3809 : 100;
3810 : 001;
3811 : 010;
3812 : 001;
3813 : 101;
3814 : 010;
3815 : 101;
3816 : 010;
3817 : 000;
3818 : 000;
3819 : 011;
3820 : 000;
3821 : 101;
3822 : 010;
3823 : 000;
3824 : 001;
3825 : 010;
3826 : 101;
3827 : 000;
3828 : 000;
3829 : 000;
3830 : 000;
3831 : 000;
3832 : 000;
3833 : 001;
3834 : 100;
3835 : 010;
3836 : 001;
3837 : 000;
3838 : 010;
3839 : 000;
3840 : 000;
3841 : 000;
3842 : 000;
3843 : 000;
3844 : 000;
3845 : 000;
3846 : 000;
3847 : 000;
3848 : 100;
3849 : 000;
3850 : 000;
3851 : 010;
3852 : 000;
3853 : 000;
3854 : 000;
3855 : 000;
3856 : 000;
3857 : 000;
3858 : 001;
3859 : 000;
3860 : 000;
3861 : 000;
3862 : 000;
3863 : 000;
3864 : 000;
3865 : 000;
3866 : 001;
3867 : 000;
3868 : 000;
3869 : 000;
3870 : 000;
3871 : 100;
3872 : 010;
3873 : 000;
3874 : 000;
3875 : 000;
3876 : 000;
3877 : 000;
3878 : 100;
3879 : 000;
3880 : 000;
3881 : 001;
3882 : 100;
3883 : 000;
3884 : 110;
3885 : 000;
3886 : 011;
3887 : 000;
3888 : 001;
3889 : 000;
3890 : 000;
3891 : 000;
3892 : 000;
3893 : 000;
3894 : 000;
3895 : 000;
3896 : 101;
3897 : 000;
3898 : 000;
3899 : 100;
3900 : 000;
3901 : 000;
3902 : 000;
3903 : 000;
3904 : 010;
3905 : 101;
3906 : 010;
3907 : 101;
3908 : 000;
3909 : 000;
3910 : 000;
3911 : 101;
3912 : 010;
3913 : 101;
3914 : 010;
3915 : 000;
3916 : 000;
3917 : 000;
3918 : 000;
3919 : 000;
3920 : 001;
3921 : 100;
3922 : 010;
3923 : 000;
3924 : 100;
3925 : 000;
3926 : 000;
3927 : 010;
3928 : 000;
3929 : 000;
3930 : 001;
3931 : 000;
3932 : 100;
3933 : 001;
3934 : 100;
3935 : 010;
3936 : 000;
3937 : 000;
3938 : 000;
3939 : 100;
3940 : 000;
3941 : 000;
3942 : 000;
3943 : 000;
3944 : 000;
3945 : 000;
3946 : 000;
3947 : 000;
3948 : 000;
3949 : 000;
3950 : 000;
3951 : 000;
3952 : 010;
3953 : 000;
3954 : 000;
3955 : 001;
3956 : 000;
3957 : 000;
3958 : 000;
3959 : 000;
3960 : 000;
3961 : 010;
3962 : 000;
3963 : 000;
3964 : 000;
3965 : 000;
3966 : 000;
3967 : 010;
3968 : 001;
3969 : 100;
3970 : 000;
3971 : 000;
3972 : 000;
3973 : 000;
3974 : 000;
3975 : 000;
3976 : 100;
3977 : 000;
3978 : 000;
3979 : 000;
3980 : 000;
3981 : 000;
3982 : 001;
3983 : 000;
3984 : 100;
3985 : 000;
3986 : 010;
3987 : 001;
3988 : 000;
3989 : 110;
3990 : 000;
3991 : 101;
3992 : 000;
3993 : 100;
3994 : 000;
3995 : 100;
3996 : 000;
3997 : 100;
3998 : 000;
3999 : 011;
4000 : 100;
4001 : 001;
4002 : 110;
4003 : 101;
4004 : 000;
4005 : 000;
4006 : 111;
4007 : 111;
4008 : 111;
4009 : 111;
4010 : 111;
4011 : 111;
4012 : 100;
4013 : 010;
4014 : 000;
4015 : 000;
4016 : 100;
4017 : 010;
4018 : 000;
4019 : 000;
4020 : 111;
4021 : 111;
4022 : 111;
4023 : 111;
4024 : 111;
4025 : 111;
4026 : 100;
4027 : 111;
4028 : 110;
4029 : 001;
4030 : 100;
4031 : 000;
4032 : 000;
4033 : 001;
4034 : 100;
4035 : 000;
4036 : 111;
4037 : 111;
4038 : 111;
4039 : 111;
4040 : 110;
4041 : 111;
4042 : 000;
4043 : 100;
4044 : 010;
4045 : 000;
4046 : 100;
4047 : 000;
4048 : 000;
4049 : 110;
4050 : 000;
4051 : 010;
4052 : 001;
4053 : 000;
4054 : 010;
4055 : 100;
4056 : 000;
4057 : 000;
4058 : 000;
4059 : 000;
4060 : 010;
4061 : 000;
4062 : 000;
4063 : 000;
4064 : 111;
4065 : 000;
4066 : 000;
4067 : 010;
4068 : 000;
4069 : 000;
4070 : 011;
4071 : 000;
4072 : 001;
4073 : 000;
4074 : 011;
4075 : 101;
4076 : 010;
4077 : 000;
4078 : 000;
4079 : 000;
4080 : 000;
4081 : 000;
4082 : 000;
4083 : 000;
4084 : 000;
4085 : 000;
4086 : 000;
4087 : 001;
4088 : 000;
4089 : 000;
4090 : 000;
4091 : 001;
4092 : 010;
4093 : 000;
4094 : 000;
4095 : 000;
4096 : 000;
4097 : 010;
4098 : 000;
4099 : 001;
4100 : 000;
4101 : 001;
4102 : 000;
4103 : 000;
4104 : 001;
4105 : 100;
4106 : 011;
4107 : 000;
4108 : 000;
4109 : 000;
4110 : 001;
4111 : 000;
4112 : 010;
4113 : 000;
4114 : 000;
4115 : 000;
4116 : 001;
4117 : 010;
4118 : 000;
4119 : 001;
4120 : 000;
4121 : 010;
4122 : 000;
4123 : 000;
4124 : 000;
4125 : 000;
4126 : 010;
4127 : 000;
4128 : 000;
4129 : 001;
4130 : 000;
4131 : 001;
4132 : 010;
4133 : 001;
4134 : 000;
4135 : 011;
4136 : 100;
4137 : 001;
4138 : 000;
4139 : 001;
4140 : 000;
4141 : 011;
4142 : 000;
4143 : 000;
4144 : 111;
4145 : 001;
4146 : 000;
4147 : 000;
4148 : 011;
4149 : 000;
4150 : 001;
4151 : 000;
4152 : 000;
4153 : 011;
4154 : 001;
4155 : 000;
4156 : 100;
4157 : 011;
4158 : 000;
4159 : 001;
4160 : 000;
4161 : 011;
4162 : 000;
4163 : 100;
4164 : 010;
4165 : 000;
4166 : 000;
4167 : 000;
4168 : 010;
4169 : 000;
4170 : 000;
4171 : 000;
4172 : 001;
4173 : 000;
4174 : 000;
4175 : 000;
4176 : 011;
4177 : 100;
4178 : 010;
4179 : 100;
4180 : 000;
4181 : 000;
4182 : 000;
4183 : 000;
4184 : 000;
4185 : 000;
4186 : 100;
4187 : 000;
4188 : 010;
4189 : 100;
4190 : 000;
4191 : 000;
4192 : 000;
4193 : 000;
4194 : 001;
4195 : 010;
4196 : 000;
4197 : 000;
4198 : 000;
4199 : 000;
4200 : 010;
4201 : 000;
4202 : 000;
4203 : 000;
4204 : 001;
4205 : 000;
4206 : 100;
4207 : 000;
4208 : 000;
4209 : 110;
4210 : 000;
4211 : 001;
4212 : 010;
4213 : 000;
4214 : 100;
4215 : 000;
4216 : 000;
4217 : 010;
4218 : 001;
4219 : 000;
4220 : 000;
4221 : 000;
4222 : 000;
4223 : 100;
4224 : 000;
4225 : 000;
4226 : 000;
4227 : 000;
4228 : 100;
4229 : 011;
4230 : 100;
4231 : 000;
4232 : 000;
4233 : 000;
4234 : 101;
4235 : 010;
4236 : 101;
4237 : 000;
4238 : 000;
4239 : 100;
4240 : 000;
4241 : 000;
4242 : 001;
4243 : 000;
4244 : 000;
4245 : 000;
4246 : 001;
4247 : 100;
4248 : 000;
4249 : 000;
4250 : 100;
4251 : 010;
4252 : 000;
4253 : 000;
4254 : 000;
4255 : 001;
4256 : 100;
4257 : 000;
4258 : 001;
4259 : 000;
4260 : 001;
4261 : 000;
4262 : 000;
4263 : 000;
4264 : 010;
4265 : 000;
4266 : 000;
4267 : 000;
4268 : 000;
4269 : 000;
4270 : 000;
4271 : 000;
4272 : 000;
4273 : 001;
4274 : 000;
4275 : 100;
4276 : 000;
4277 : 000;
4278 : 000;
4279 : 010;
4280 : 000;
4281 : 000;
4282 : 000;
4283 : 000;
4284 : 000;
4285 : 000;
4286 : 000;
4287 : 000;
4288 : 000;
4289 : 000;
4290 : 000;
4291 : 000;
4292 : 101;
4293 : 000;
4294 : 110;
4295 : 000;
4296 : 000;
4297 : 010;
4298 : 101;
4299 : 000;
4300 : 110;
4301 : 000;
4302 : 100;
4303 : 010;
4304 : 000;
4305 : 001;
4306 : 100;
4307 : 000;
4308 : 110;
4309 : 000;
4310 : 000;
4311 : 010;
4312 : 000;
4313 : 000;
4314 : 011;
4315 : 000;
4316 : 000;
4317 : 111;
4318 : 111;
4319 : 110;
4320 : 111;
4321 : 111;
4322 : 111;
4323 : 000;
4324 : 110;
4325 : 000;
4326 : 110;
4327 : 111;
4328 : 110;
4329 : 111;
4330 : 111;
4331 : 110;
4332 : 000;
4333 : 000;
4334 : 101;
4335 : 010;
4336 : 000;
4337 : 001;
4338 : 100;
4339 : 010;
4340 : 111;
4341 : 110;
4342 : 111;
4343 : 111;
4344 : 110;
4345 : 111;
4346 : 111;
4347 : 111;
4348 : 111;
4349 : 000;
4350 : 000;
4351 : 010;
4352 : 000;
4353 : 000;
4354 : 010;
4355 : 101;
4356 : 111;
4357 : 111;
4358 : 110;
4359 : 111;
4360 : 111;
4361 : 101;
4362 : 010;
4363 : 000;
4364 : 000;
4365 : 001;
4366 : 010;
4367 : 000;
4368 : 000;
4369 : 001;
4370 : 000;
4371 : 100;
4372 : 000;
4373 : 000;
4374 : 000;
4375 : 000;
4376 : 000;
4377 : 000;
4378 : 010;
4379 : 000;
4380 : 000;
4381 : 000;
4382 : 000;
4383 : 000;
4384 : 000;
4385 : 011;
4386 : 000;
4387 : 001;
4388 : 000;
4389 : 000;
4390 : 000;
4391 : 000;
4392 : 000;
4393 : 000;
4394 : 000;
4395 : 000;
4396 : 000;
4397 : 001;
4398 : 000;
4399 : 001;
4400 : 000;
4401 : 000;
4402 : 001;
4403 : 000;
4404 : 001;
4405 : 000;
4406 : 010;
4407 : 000;
4408 : 001;
4409 : 010;
4410 : 000;
4411 : 000;
4412 : 001;
4413 : 000;
4414 : 001;
4415 : 000;
4416 : 001;
4417 : 000;
4418 : 000;
4419 : 000;
4420 : 000;
4421 : 010;
4422 : 001;
4423 : 000;
4424 : 010;
4425 : 001;
4426 : 000;
4427 : 000;
4428 : 001;
4429 : 010;
4430 : 000;
4431 : 000;
4432 : 001;
4433 : 000;
4434 : 001;
4435 : 010;
4436 : 000;
4437 : 000;
4438 : 000;
4439 : 000;
4440 : 111;
4441 : 000;
4442 : 001;
4443 : 000;
4444 : 111;
4445 : 001;
4446 : 000;
4447 : 001;
4448 : 000;
4449 : 000;
4450 : 010;
4451 : 100;
4452 : 000;
4453 : 001;
4454 : 100;
4455 : 001;
4456 : 000;
4457 : 011;
4458 : 000;
4459 : 111;
4460 : 000;
4461 : 101;
4462 : 000;
4463 : 001;
4464 : 000;
4465 : 011;
4466 : 000;
4467 : 000;
4468 : 000;
4469 : 001;
4470 : 010;
4471 : 000;
4472 : 001;
4473 : 100;
4474 : 010;
4475 : 001;
4476 : 000;
4477 : 001;
4478 : 000;
4479 : 000;
4480 : 100;
4481 : 000;
4482 : 000;
4483 : 000;
4484 : 101;
4485 : 000;
4486 : 000;
4487 : 100;
4488 : 001;
4489 : 000;
4490 : 000;
4491 : 000;
4492 : 100;
4493 : 000;
4494 : 000;
4495 : 000;
4496 : 000;
4497 : 100;
4498 : 000;
4499 : 001;
4500 : 000;
4501 : 000;
4502 : 010;
4503 : 000;
4504 : 000;
4505 : 000;
4506 : 010;
4507 : 000;
4508 : 101;
4509 : 000;
4510 : 000;
4511 : 000;
4512 : 001;
4513 : 000;
4514 : 000;
4515 : 100;
4516 : 000;
4517 : 000;
4518 : 000;
4519 : 001;
4520 : 000;
4521 : 000;
4522 : 000;
4523 : 000;
4524 : 110;
4525 : 000;
4526 : 000;
4527 : 011;
4528 : 000;
4529 : 000;
4530 : 000;
4531 : 000;
4532 : 100;
4533 : 000;
4534 : 001;
4535 : 000;
4536 : 000;
4537 : 000;
4538 : 000;
4539 : 000;
4540 : 010;
4541 : 101;
4542 : 000;
4543 : 000;
4544 : 000;
4545 : 000;
4546 : 000;
4547 : 000;
4548 : 000;
4549 : 000;
4550 : 010;
4551 : 001;
4552 : 110;
4553 : 000;
4554 : 000;
4555 : 100;
4556 : 010;
4557 : 101;
4558 : 010;
4559 : 001;
4560 : 110;
4561 : 000;
4562 : 000;
4563 : 100;
4564 : 010;
4565 : 000;
4566 : 000;
4567 : 000;
4568 : 010;
4569 : 000;
4570 : 000;
4571 : 001;
4572 : 000;
4573 : 110;
4574 : 000;
4575 : 000;
4576 : 000;
4577 : 010;
4578 : 100;
4579 : 010;
4580 : 000;
4581 : 000;
4582 : 000;
4583 : 000;
4584 : 000;
4585 : 000;
4586 : 000;
4587 : 000;
4588 : 000;
4589 : 000;
4590 : 000;
4591 : 101;
4592 : 000;
4593 : 000;
4594 : 000;
4595 : 000;
4596 : 000;
4597 : 010;
4598 : 000;
4599 : 000;
4600 : 101;
4601 : 000;
4602 : 000;
4603 : 000;
4604 : 000;
4605 : 101;
4606 : 000;
4607 : 000;
4608 : 100;
4609 : 010;
4610 : 101;
4611 : 010;
4612 : 000;
4613 : 000;
4614 : 000;
4615 : 000;
4616 : 101;
4617 : 000;
4618 : 000;
4619 : 100;
4620 : 000;
4621 : 001;
4622 : 000;
4623 : 000;
4624 : 100;
4625 : 010;
4626 : 100;
4627 : 111;
4628 : 000;
4629 : 111;
4630 : 100;
4631 : 000;
4632 : 101;
4633 : 000;
4634 : 100;
4635 : 000;
4636 : 110;
4637 : 000;
4638 : 111;
4639 : 111;
4640 : 111;
4641 : 111;
4642 : 111;
4643 : 100;
4644 : 000;
4645 : 000;
4646 : 111;
4647 : 111;
4648 : 111;
4649 : 111;
4650 : 111;
4651 : 111;
4652 : 100;
4653 : 010;
4654 : 000;
4655 : 000;
4656 : 000;
4657 : 100;
4658 : 000;
4659 : 111;
4660 : 111;
4661 : 111;
4662 : 111;
4663 : 111;
4664 : 111;
4665 : 111;
4666 : 111;
4667 : 110;
4668 : 111;
4669 : 110;
4670 : 100;
4671 : 001;
4672 : 100;
4673 : 000;
4674 : 100;
4675 : 010;
4676 : 111;
4677 : 111;
4678 : 111;
4679 : 111;
4680 : 111;
4681 : 100;
4682 : 000;
4683 : 100;
4684 : 000;
4685 : 100;
4686 : 000;
4687 : 000;
4688 : 100;
4689 : 000;
4690 : 000;
4691 : 000;
4692 : 000;
4693 : 000;
4694 : 101;
4695 : 000;
4696 : 000;
4697 : 001;
4698 : 100;
4699 : 000;
4700 : 000;
4701 : 000;
4702 : 100;
4703 : 001;
4704 : 000;
4705 : 001;
4706 : 000;
4707 : 000;
4708 : 001;
4709 : 000;
4710 : 001;
4711 : 010;
4712 : 001;
4713 : 000;
4714 : 001;
4715 : 000;
4716 : 000;
4717 : 000;
4718 : 010;
4719 : 000;
4720 : 001;
4721 : 000;
4722 : 010;
4723 : 000;
4724 : 010;
4725 : 001;
4726 : 000;
4727 : 001;
4728 : 000;
4729 : 000;
4730 : 001;
4731 : 000;
4732 : 000;
4733 : 000;
4734 : 000;
4735 : 010;
4736 : 000;
4737 : 001;
4738 : 000;
4739 : 001;
4740 : 000;
4741 : 000;
4742 : 000;
4743 : 000;
4744 : 001;
4745 : 000;
4746 : 000;
4747 : 000;
4748 : 000;
4749 : 001;
4750 : 000;
4751 : 000;
4752 : 000;
4753 : 000;
4754 : 000;
4755 : 001;
4756 : 000;
4757 : 001;
4758 : 000;
4759 : 001;
4760 : 000;
4761 : 000;
4762 : 000;
4763 : 001;
4764 : 000;
4765 : 000;
4766 : 011;
4767 : 100;
4768 : 001;
4769 : 000;
4770 : 001;
4771 : 011;
4772 : 000;
4773 : 011;
4774 : 000;
4775 : 010;
4776 : 001;
4777 : 000;
4778 : 001;
4779 : 000;
4780 : 011;
4781 : 000;
4782 : 011;
4783 : 000;
4784 : 000;
4785 : 101;
4786 : 010;
4787 : 001;
4788 : 000;
4789 : 000;
4790 : 101;
4791 : 000;
4792 : 000;
4793 : 011;
4794 : 000;
4795 : 001;
4796 : 010;
4797 : 000;
4798 : 001;
4799 : 000;
4800 : 000;
4801 : 000;
4802 : 100;
4803 : 010;
4804 : 000;
4805 : 000;
4806 : 000;
4807 : 000;
4808 : 000;
4809 : 000;
4810 : 000;
4811 : 000;
4812 : 011;
4813 : 000;
4814 : 000;
4815 : 000;
4816 : 000;
4817 : 011;
4818 : 100;
4819 : 010;
4820 : 000;
4821 : 111;
4822 : 111;
4823 : 000;
4824 : 100;
4825 : 000;
4826 : 001;
4827 : 000;
4828 : 000;
4829 : 000;
4830 : 000;
4831 : 010;
4832 : 000;
4833 : 000;
4834 : 000;
4835 : 000;
4836 : 000;
4837 : 000;
4838 : 110;
4839 : 000;
4840 : 000;
4841 : 100;
4842 : 000;
4843 : 000;
4844 : 000;
4845 : 000;
4846 : 000;
4847 : 000;
4848 : 100;
4849 : 000;
4850 : 000;
4851 : 000;
4852 : 000;
4853 : 000;
4854 : 000;
4855 : 010;
4856 : 000;
4857 : 100;
4858 : 000;
4859 : 001;
4860 : 000;
4861 : 000;
4862 : 000;
4863 : 010;
4864 : 001;
4865 : 000;
4866 : 110;
4867 : 001;
4868 : 000;
4869 : 111;
4870 : 000;
4871 : 000;
4872 : 100;
4873 : 111;
4874 : 010;
4875 : 001;
4876 : 100;
4877 : 000;
4878 : 110;
4879 : 000;
4880 : 111;
4881 : 000;
4882 : 000;
4883 : 000;
4884 : 001;
4885 : 100;
4886 : 010;
4887 : 100;
4888 : 001;
4889 : 100;
4890 : 000;
4891 : 000;
4892 : 000;
4893 : 000;
4894 : 000;
4895 : 011;
4896 : 100;
4897 : 000;
4898 : 000;
4899 : 000;
4900 : 100;
4901 : 000;
4902 : 000;
4903 : 000;
4904 : 001;
4905 : 000;
4906 : 000;
4907 : 000;
4908 : 100;
4909 : 000;
4910 : 010;
4911 : 000;
4912 : 000;
4913 : 000;
4914 : 000;
4915 : 000;
4916 : 000;
4917 : 000;
4918 : 100;
4919 : 000;
4920 : 000;
4921 : 000;
4922 : 000;
4923 : 100;
4924 : 000;
4925 : 010;
4926 : 000;
4927 : 000;
4928 : 001;
4929 : 000;
4930 : 000;
4931 : 000;
4932 : 100;
4933 : 010;
4934 : 100;
4935 : 010;
4936 : 100;
4937 : 010;
4938 : 100;
4939 : 011;
4940 : 110;
4941 : 110;
4942 : 100;
4943 : 010;
4944 : 000;
4945 : 111;
4946 : 111;
4947 : 111;
4948 : 111;
4949 : 111;
4950 : 111;
4951 : 110;
4952 : 000;
4953 : 010;
4954 : 000;
4955 : 000;
4956 : 001;
4957 : 110;
4958 : 111;
4959 : 111;
4960 : 111;
4961 : 110;
4962 : 111;
4963 : 010;
4964 : 100;
4965 : 000;
4966 : 111;
4967 : 111;
4968 : 110;
4969 : 111;
4970 : 111;
4971 : 110;
4972 : 001;
4973 : 100;
4974 : 000;
4975 : 100;
4976 : 001;
4977 : 010;
4978 : 000;
4979 : 111;
4980 : 110;
4981 : 111;
4982 : 111;
4983 : 100;
4984 : 110;
4985 : 111;
4986 : 111;
4987 : 111;
4988 : 111;
4989 : 111;
4990 : 000;
4991 : 000;
4992 : 010;
4993 : 000;
4994 : 001;
4995 : 110;
4996 : 111;
4997 : 110;
4998 : 111;
4999 : 111;
5000 : 110;
5001 : 111;
5002 : 000;
5003 : 010;
5004 : 000;
5005 : 000;
5006 : 001;
5007 : 010;
5008 : 000;
5009 : 000;
5010 : 110;
5011 : 001;
5012 : 010;
5013 : 000;
5014 : 000;
5015 : 010;
5016 : 000;
5017 : 000;
5018 : 000;
5019 : 000;
5020 : 001;
5021 : 000;
5022 : 000;
5023 : 010;
5024 : 001;
5025 : 110;
5026 : 000;
5027 : 000;
5028 : 000;
5029 : 010;
5030 : 000;
5031 : 000;
5032 : 000;
5033 : 000;
5034 : 010;
5035 : 001;
5036 : 000;
5037 : 001;
5038 : 000;
5039 : 000;
5040 : 010;
5041 : 001;
5042 : 000;
5043 : 001;
5044 : 000;
5045 : 000;
5046 : 000;
5047 : 000;
5048 : 000;
5049 : 001;
5050 : 010;
5051 : 000;
5052 : 001;
5053 : 010;
5054 : 001;
5055 : 000;
5056 : 000;
5057 : 000;
5058 : 010;
5059 : 000;
5060 : 001;
5061 : 000;
5062 : 001;
5063 : 000;
5064 : 000;
5065 : 000;
5066 : 001;
5067 : 010;
5068 : 000;
5069 : 000;
5070 : 001;
5071 : 010;
5072 : 001;
5073 : 000;
5074 : 010;
5075 : 000;
5076 : 000;
5077 : 000;
5078 : 000;
5079 : 000;
5080 : 011;
5081 : 000;
5082 : 000;
5083 : 010;
5084 : 001;
5085 : 000;
5086 : 000;
5087 : 011;
5088 : 000;
5089 : 010;
5090 : 100;
5091 : 001;
5092 : 000;
5093 : 101;
5094 : 000;
5095 : 001;
5096 : 000;
5097 : 110;
5098 : 001;
5099 : 000;
5100 : 000;
5101 : 001;
5102 : 000;
5103 : 000;
5104 : 011;
5105 : 000;
5106 : 001;
5107 : 000;
5108 : 111;
5109 : 000;
5110 : 010;
5111 : 001;
5112 : 000;
5113 : 001;
5114 : 110;
5115 : 001;
5116 : 000;
5117 : 101;
5118 : 010;
5119 : 001;
5120 : 000;
5121 : 000;
5122 : 000;
5123 : 000;
5124 : 000;
5125 : 111;
5126 : 000;
5127 : 110;
5128 : 000;
5129 : 000;
5130 : 000;
5131 : 000;
5132 : 100;
5133 : 000;
5134 : 000;
5135 : 000;
5136 : 100;
5137 : 000;
5138 : 000;
5139 : 101;
5140 : 000;
5141 : 000;
5142 : 110;
5143 : 000;
5144 : 000;
5145 : 000;
5146 : 100;
5147 : 000;
5148 : 010;
5149 : 000;
5150 : 000;
5151 : 000;
5152 : 100;
5153 : 000;
5154 : 110;
5155 : 000;
5156 : 001;
5157 : 000;
5158 : 000;
5159 : 000;
5160 : 000;
5161 : 000;
5162 : 011;
5163 : 000;
5164 : 000;
5165 : 001;
5166 : 100;
5167 : 000;
5168 : 000;
5169 : 000;
5170 : 001;
5171 : 000;
5172 : 010;
5173 : 000;
5174 : 000;
5175 : 100;
5176 : 001;
5177 : 000;
5178 : 010;
5179 : 000;
5180 : 100;
5181 : 000;
5182 : 000;
5183 : 000;
5184 : 100;
5185 : 000;
5186 : 000;
5187 : 000;
5188 : 000;
5189 : 000;
5190 : 100;
5191 : 000;
5192 : 011;
5193 : 100;
5194 : 101;
5195 : 010;
5196 : 100;
5197 : 011;
5198 : 100;
5199 : 000;
5200 : 100;
5201 : 110;
5202 : 001;
5203 : 000;
5204 : 010;
5205 : 000;
5206 : 000;
5207 : 000;
5208 : 000;
5209 : 000;
5210 : 010;
5211 : 100;
5212 : 001;
5213 : 110;
5214 : 000;
5215 : 000;
5216 : 000;
5217 : 000;
5218 : 001;
5219 : 000;
5220 : 000;
5221 : 000;
5222 : 001;
5223 : 000;
5224 : 000;
5225 : 000;
5226 : 000;
5227 : 000;
5228 : 000;
5229 : 000;
5230 : 000;
5231 : 000;
5232 : 000;
5233 : 000;
5234 : 000;
5235 : 010;
5236 : 100;
5237 : 000;
5238 : 000;
5239 : 000;
5240 : 000;
5241 : 000;
5242 : 000;
5243 : 001;
5244 : 000;
5245 : 000;
5246 : 100;
5247 : 010;
5248 : 100;
5249 : 010;
5250 : 100;
5251 : 110;
5252 : 001;
5253 : 110;
5254 : 101;
5255 : 111;
5256 : 111;
5257 : 111;
5258 : 111;
5259 : 111;
5260 : 111;
5261 : 111;
5262 : 100;
5263 : 001;
5264 : 100;
5265 : 110;
5266 : 111;
5267 : 111;
5268 : 110;
5269 : 111;
5270 : 111;
5271 : 111;
5272 : 100;
5273 : 000;
5274 : 100;
5275 : 010;
5276 : 100;
5277 : 000;
5278 : 111;
5279 : 111;
5280 : 111;
5281 : 111;
5282 : 111;
5283 : 100;
5284 : 000;
5285 : 000;
5286 : 110;
5287 : 111;
5288 : 101;
5289 : 111;
5290 : 111;
5291 : 111;
5292 : 100;
5293 : 010;
5294 : 000;
5295 : 000;
5296 : 000;
5297 : 100;
5298 : 010;
5299 : 111;
5300 : 111;
5301 : 101;
5302 : 111;
5303 : 110;
5304 : 001;
5305 : 110;
5306 : 111;
5307 : 111;
5308 : 101;
5309 : 111;
5310 : 110;
5311 : 000;
5312 : 101;
5313 : 000;
5314 : 100;
5315 : 110;
5316 : 111;
5317 : 111;
5318 : 111;
5319 : 111;
5320 : 111;
5321 : 000;
5322 : 100;
5323 : 000;
5324 : 001;
5325 : 110;
5326 : 000;
5327 : 100;
5328 : 000;
5329 : 111;
5330 : 000;
5331 : 000;
5332 : 100;
5333 : 000;
5334 : 000;
5335 : 100;
5336 : 000;
5337 : 000;
5338 : 000;
5339 : 100;
5340 : 000;
5341 : 000;
5342 : 000;
5343 : 000;
5344 : 000;
5345 : 001;
5346 : 000;
5347 : 001;
5348 : 000;
5349 : 001;
5350 : 000;
5351 : 101;
5352 : 000;
5353 : 001;
5354 : 000;
5355 : 000;
5356 : 010;
5357 : 000;
5358 : 001;
5359 : 000;
5360 : 000;
5361 : 000;
5362 : 000;
5363 : 000;
5364 : 000;
5365 : 001;
5366 : 000;
5367 : 011;
5368 : 000;
5369 : 000;
5370 : 000;
5371 : 000;
5372 : 000;
5373 : 000;
5374 : 000;
5375 : 001;
5376 : 000;
5377 : 001;
5378 : 000;
5379 : 000;
5380 : 000;
5381 : 010;
5382 : 100;
5383 : 000;
5384 : 011;
5385 : 000;
5386 : 000;
5387 : 001;
5388 : 000;
5389 : 000;
5390 : 000;
5391 : 000;
5392 : 000;
5393 : 001;
5394 : 000;
5395 : 101;
5396 : 000;
5397 : 011;
5398 : 000;
5399 : 000;
5400 : 001;
5401 : 000;
5402 : 001;
5403 : 000;
5404 : 100;
5405 : 011;
5406 : 000;
5407 : 101;
5408 : 000;
5409 : 001;
5410 : 000;
5411 : 000;
5412 : 011;
5413 : 000;
5414 : 011;
5415 : 100;
5416 : 011;
5417 : 000;
5418 : 001;
5419 : 110;
5420 : 001;
5421 : 110;
5422 : 001;
5423 : 000;
5424 : 101;
5425 : 010;
5426 : 000;
5427 : 001;
5428 : 000;
5429 : 001;
5430 : 000;
5431 : 000;
5432 : 010;
5433 : 000;
5434 : 001;
5435 : 000;
5436 : 000;
5437 : 000;
5438 : 001;
5439 : 000;
5440 : 000;
5441 : 000;
5442 : 000;
5443 : 000;
5444 : 000;
5445 : 100;
5446 : 000;
5447 : 001;
5448 : 000;
5449 : 110;
5450 : 000;
5451 : 000;
5452 : 001;
5453 : 000;
5454 : 000;
5455 : 000;
5456 : 010;
5457 : 001;
5458 : 010;
5459 : 000;
5460 : 000;
5461 : 000;
5462 : 000;
5463 : 000;
5464 : 000;
5465 : 000;
5466 : 000;
5467 : 000;
5468 : 101;
5469 : 000;
5470 : 000;
5471 : 000;
5472 : 001;
5473 : 010;
5474 : 001;
5475 : 000;
5476 : 100;
5477 : 010;
5478 : 000;
5479 : 000;
5480 : 001;
5481 : 000;
5482 : 000;
5483 : 000;
5484 : 100;
5485 : 000;
5486 : 010;
5487 : 000;
5488 : 000;
5489 : 000;
5490 : 010;
5491 : 100;
5492 : 000;
5493 : 001;
5494 : 000;
5495 : 000;
5496 : 000;
5497 : 000;
5498 : 000;
5499 : 000;
5500 : 000;
5501 : 010;
5502 : 001;
5503 : 000;
5504 : 000;
5505 : 000;
5506 : 000;
5507 : 000;
5508 : 110;
5509 : 001;
5510 : 000;
5511 : 110;
5512 : 000;
5513 : 110;
5514 : 100;
5515 : 010;
5516 : 101;
5517 : 000;
5518 : 111;
5519 : 110;
5520 : 001;
5521 : 000;
5522 : 110;
5523 : 000;
5524 : 101;
5525 : 111;
5526 : 100;
5527 : 000;
5528 : 010;
5529 : 101;
5530 : 000;
5531 : 000;
5532 : 000;
5533 : 000;
5534 : 000;
5535 : 100;
5536 : 001;
5537 : 010;
5538 : 100;
5539 : 000;
5540 : 010;
5541 : 000;
5542 : 000;
5543 : 000;
5544 : 000;
5545 : 000;
5546 : 000;
5547 : 000;
5548 : 001;
5549 : 000;
5550 : 000;
5551 : 000;
5552 : 000;
5553 : 000;
5554 : 000;
5555 : 000;
5556 : 000;
5557 : 001;
5558 : 000;
5559 : 000;
5560 : 000;
5561 : 000;
5562 : 000;
5563 : 010;
5564 : 000;
5565 : 000;
5566 : 000;
5567 : 000;
5568 : 111;
5569 : 111;
5570 : 111;
5571 : 111;
5572 : 111;
5573 : 111;
5574 : 111;
5575 : 111;
5576 : 110;
5577 : 111;
5578 : 111;
5579 : 110;
5580 : 111;
5581 : 111;
5582 : 110;
5583 : 000;
5584 : 000;
5585 : 111;
5586 : 111;
5587 : 111;
5588 : 111;
5589 : 111;
5590 : 111;
5591 : 111;
5592 : 111;
5593 : 110;
5594 : 001;
5595 : 000;
5596 : 100;
5597 : 111;
5598 : 111;
5599 : 110;
5600 : 111;
5601 : 111;
5602 : 110;
5603 : 001;
5604 : 110;
5605 : 000;
5606 : 101;
5607 : 111;
5608 : 111;
5609 : 110;
5610 : 111;
5611 : 111;
5612 : 000;
5613 : 000;
5614 : 101;
5615 : 010;
5616 : 000;
5617 : 000;
5618 : 111;
5619 : 111;
5620 : 111;
5621 : 110;
5622 : 111;
5623 : 100;
5624 : 010;
5625 : 101;
5626 : 111;
5627 : 110;
5628 : 111;
5629 : 111;
5630 : 111;
5631 : 000;
5632 : 000;
5633 : 110;
5634 : 000;
5635 : 001;
5636 : 111;
5637 : 111;
5638 : 110;
5639 : 101;
5640 : 111;
5641 : 110;
5642 : 000;
5643 : 110;
5644 : 000;
5645 : 000;
5646 : 000;
5647 : 100;
5648 : 111;
5649 : 111;
5650 : 110;
5651 : 111;
5652 : 000;
5653 : 110;
5654 : 001;
5655 : 000;
5656 : 000;
5657 : 011;
5658 : 000;
5659 : 000;
5660 : 010;
5661 : 000;
5662 : 000;
5663 : 100;
5664 : 011;
5665 : 000;
5666 : 000;
5667 : 010;
5668 : 001;
5669 : 000;
5670 : 000;
5671 : 010;
5672 : 000;
5673 : 000;
5674 : 001;
5675 : 000;
5676 : 001;
5677 : 000;
5678 : 000;
5679 : 001;
5680 : 000;
5681 : 001;
5682 : 000;
5683 : 001;
5684 : 010;
5685 : 000;
5686 : 000;
5687 : 000;
5688 : 000;
5689 : 001;
5690 : 000;
5691 : 001;
5692 : 000;
5693 : 101;
5694 : 000;
5695 : 000;
5696 : 000;
5697 : 000;
5698 : 001;
5699 : 000;
5700 : 001;
5701 : 000;
5702 : 001;
5703 : 000;
5704 : 000;
5705 : 001;
5706 : 010;
5707 : 000;
5708 : 001;
5709 : 010;
5710 : 001;
5711 : 000;
5712 : 011;
5713 : 000;
5714 : 000;
5715 : 000;
5716 : 000;
5717 : 000;
5718 : 001;
5719 : 000;
5720 : 110;
5721 : 000;
5722 : 000;
5723 : 011;
5724 : 000;
5725 : 000;
5726 : 001;
5727 : 010;
5728 : 001;
5729 : 000;
5730 : 011;
5731 : 100;
5732 : 001;
5733 : 000;
5734 : 000;
5735 : 011;
5736 : 000;
5737 : 000;
5738 : 001;
5739 : 000;
5740 : 000;
5741 : 001;
5742 : 010;
5743 : 000;
5744 : 000;
5745 : 001;
5746 : 110;
5747 : 000;
5748 : 000;
5749 : 010;
5750 : 001;
5751 : 000;
5752 : 001;
5753 : 100;
5754 : 011;
5755 : 000;
5756 : 000;
5757 : 010;
5758 : 000;
5759 : 000;
5760 : 000;
5761 : 000;
5762 : 000;
5763 : 000;
5764 : 001;
5765 : 000;
5766 : 000;
5767 : 010;
5768 : 101;
5769 : 111;
5770 : 000;
5771 : 110;
5772 : 000;
5773 : 000;
5774 : 000;
5775 : 000;
5776 : 000;
5777 : 100;
5778 : 000;
5779 : 100;
5780 : 000;
5781 : 000;
5782 : 000;
5783 : 100;
5784 : 000;
5785 : 000;
5786 : 011;
5787 : 000;
5788 : 000;
5789 : 000;
5790 : 000;
5791 : 000;
5792 : 100;
5793 : 000;
5794 : 100;
5795 : 000;
5796 : 010;
5797 : 101;
5798 : 000;
5799 : 000;
5800 : 110;
5801 : 000;
5802 : 100;
5803 : 000;
5804 : 000;
5805 : 000;
5806 : 000;
5807 : 000;
5808 : 001;
5809 : 000;
5810 : 000;
5811 : 000;
5812 : 000;
5813 : 000;
5814 : 100;
5815 : 000;
5816 : 010;
5817 : 000;
5818 : 101;
5819 : 000;
5820 : 000;
5821 : 000;
5822 : 100;
5823 : 000;
5824 : 010;
5825 : 001;
5826 : 000;
5827 : 000;
5828 : 000;
5829 : 000;
5830 : 010;
5831 : 000;
5832 : 100;
5833 : 011;
5834 : 000;
5835 : 100;
5836 : 010;
5837 : 100;
5838 : 110;
5839 : 000;
5840 : 000;
5841 : 000;
5842 : 101;
5843 : 110;
5844 : 010;
5845 : 111;
5846 : 111;
5847 : 111;
5848 : 100;
5849 : 000;
5850 : 000;
5851 : 010;
5852 : 100;
5853 : 001;
5854 : 000;
5855 : 010;
5856 : 000;
5857 : 000;
5858 : 000;
5859 : 100;
5860 : 001;
5861 : 000;
5862 : 000;
5863 : 000;
5864 : 000;
5865 : 100;
5866 : 000;
5867 : 010;
5868 : 000;
5869 : 000;
5870 : 000;
5871 : 000;
5872 : 000;
5873 : 000;
5874 : 100;
5875 : 001;
5876 : 000;
5877 : 000;
5878 : 000;
5879 : 000;
5880 : 000;
5881 : 111;
5882 : 000;
5883 : 000;
5884 : 100;
5885 : 000;
5886 : 111;
5887 : 000;
5888 : 100;
5889 : 111;
5890 : 111;
5891 : 110;
5892 : 111;
5893 : 111;
5894 : 110;
5895 : 111;
5896 : 111;
5897 : 111;
5898 : 111;
5899 : 111;
5900 : 111;
5901 : 110;
5902 : 101;
5903 : 010;
5904 : 100;
5905 : 010;
5906 : 111;
5907 : 110;
5908 : 111;
5909 : 111;
5910 : 110;
5911 : 111;
5912 : 111;
5913 : 111;
5914 : 100;
5915 : 010;
5916 : 000;
5917 : 100;
5918 : 111;
5919 : 111;
5920 : 111;
5921 : 111;
5922 : 111;
5923 : 100;
5924 : 000;
5925 : 000;
5926 : 111;
5927 : 110;
5928 : 111;
5929 : 111;
5930 : 111;
5931 : 110;
5932 : 100;
5933 : 010;
5934 : 000;
5935 : 000;
5936 : 101;
5937 : 010;
5938 : 111;
5939 : 111;
5940 : 111;
5941 : 111;
5942 : 111;
5943 : 000;
5944 : 100;
5945 : 010;
5946 : 111;
5947 : 111;
5948 : 111;
5949 : 110;
5950 : 111;
5951 : 110;
5952 : 000;
5953 : 000;
5954 : 100;
5955 : 010;
5956 : 111;
5957 : 111;
5958 : 111;
5959 : 111;
5960 : 111;
5961 : 111;
5962 : 111;
5963 : 000;
5964 : 100;
5965 : 000;
5966 : 111;
5967 : 010;
5968 : 111;
5969 : 111;
5970 : 111;
5971 : 111;
5972 : 111;
5973 : 100;
5974 : 000;
5975 : 000;
5976 : 000;
5977 : 100;
5978 : 000;
5979 : 000;
5980 : 000;
5981 : 000;
5982 : 000;
5983 : 000;
5984 : 001;
5985 : 000;
5986 : 001;
5987 : 000;
5988 : 000;
5989 : 000;
5990 : 001;
5991 : 000;
5992 : 001;
5993 : 000;
5994 : 010;
5995 : 000;
5996 : 000;
5997 : 000;
5998 : 010;
5999 : 000;
6000 : 000;
6001 : 010;
6002 : 000;
6003 : 000;
6004 : 000;
6005 : 001;
6006 : 000;
6007 : 001;
6008 : 000;
6009 : 010;
6010 : 000;
6011 : 100;
6012 : 010;
6013 : 000;
6014 : 001;
6015 : 010;
6016 : 001;
6017 : 110;
6018 : 000;
6019 : 010;
6020 : 000;
6021 : 001;
6022 : 010;
6023 : 000;
6024 : 001;
6025 : 100;
6026 : 000;
6027 : 001;
6028 : 000;
6029 : 100;
6030 : 001;
6031 : 000;
6032 : 100;
6033 : 001;
6034 : 010;
6035 : 001;
6036 : 011;
6037 : 000;
6038 : 000;
6039 : 000;
6040 : 001;
6041 : 000;
6042 : 001;
6043 : 000;
6044 : 001;
6045 : 010;
6046 : 000;
6047 : 101;
6048 : 010;
6049 : 000;
6050 : 001;
6051 : 010;
6052 : 000;
6053 : 111;
6054 : 000;
6055 : 101;
6056 : 000;
6057 : 011;
6058 : 000;
6059 : 011;
6060 : 000;
6061 : 110;
6062 : 001;
6063 : 000;
6064 : 111;
6065 : 000;
6066 : 001;
6067 : 011;
6068 : 000;
6069 : 001;
6070 : 100;
6071 : 000;
6072 : 000;
6073 : 011;
6074 : 000;
6075 : 101;
6076 : 001;
6077 : 000;
6078 : 001;
6079 : 000;
6080 : 100;
6081 : 010;
6082 : 000;
6083 : 100;
6084 : 010;
6085 : 000;
6086 : 000;
6087 : 000;
6088 : 110;
6089 : 111;
6090 : 000;
6091 : 001;
6092 : 000;
6093 : 000;
6094 : 000;
6095 : 000;
6096 : 001;
6097 : 110;
6098 : 001;
6099 : 010;
6100 : 000;
6101 : 000;
6102 : 000;
6103 : 000;
6104 : 000;
6105 : 000;
6106 : 100;
6107 : 000;
6108 : 010;
6109 : 100;
6110 : 000;
6111 : 010;
6112 : 000;
6113 : 000;
6114 : 011;
6115 : 000;
6116 : 000;
6117 : 000;
6118 : 000;
6119 : 101;
6120 : 000;
6121 : 000;
6122 : 011;
6123 : 000;
6124 : 000;
6125 : 000;
6126 : 001;
6127 : 000;
6128 : 110;
6129 : 000;
6130 : 000;
6131 : 000;
6132 : 100;
6133 : 000;
6134 : 010;
6135 : 001;
6136 : 000;
6137 : 000;
6138 : 000;
6139 : 000;
6140 : 000;
6141 : 000;
6142 : 000;
6143 : 000;
6144 : 000;
6145 : 100;
6146 : 000;
6147 : 010;
6148 : 101;
6149 : 000;
6150 : 101;
6151 : 000;
6152 : 111;
6153 : 110;
6154 : 000;
6155 : 000;
6156 : 000;
6157 : 000;
6158 : 101;
6159 : 010;
6160 : 000;
6161 : 000;
6162 : 010;
6163 : 100;
6164 : 000;
6165 : 100;
6166 : 111;
6167 : 110;
6168 : 111;
6169 : 111;
6170 : 100;
6171 : 001;
6172 : 000;
6173 : 010;
6174 : 100;
6175 : 000;
6176 : 100;
6177 : 000;
6178 : 001;
6179 : 010;
6180 : 000;
6181 : 000;
6182 : 000;
6183 : 000;
6184 : 000;
6185 : 010;
6186 : 000;
6187 : 000;
6188 : 000;
6189 : 000;
6190 : 000;
6191 : 100;
6192 : 011;
6193 : 000;
6194 : 000;
6195 : 000;
6196 : 000;
6197 : 000;
6198 : 010;
6199 : 100;
6200 : 000;
6201 : 000;
6202 : 000;
6203 : 000;
6204 : 000;
6205 : 000;
6206 : 000;
6207 : 000;
6208 : 111;
6209 : 111;
6210 : 110;
6211 : 111;
6212 : 111;
6213 : 111;
6214 : 111;
6215 : 111;
6216 : 110;
6217 : 111;
6218 : 100;
6219 : 110;
6220 : 101;
6221 : 010;
6222 : 100;
6223 : 000;
6224 : 000;
6225 : 111;
6226 : 111;
6227 : 111;
6228 : 101;
6229 : 111;
6230 : 111;
6231 : 111;
6232 : 110;
6233 : 111;
6234 : 111;
6235 : 100;
6236 : 110;
6237 : 011;
6238 : 111;
6239 : 110;
6240 : 111;
6241 : 110;
6242 : 111;
6243 : 000;
6244 : 110;
6245 : 000;
6246 : 111;
6247 : 111;
6248 : 111;
6249 : 111;
6250 : 111;
6251 : 111;
6252 : 000;
6253 : 101;
6254 : 000;
6255 : 000;
6256 : 100;
6257 : 110;
6258 : 111;
6259 : 101;
6260 : 110;
6261 : 111;
6262 : 110;
6263 : 101;
6264 : 110;
6265 : 101;
6266 : 111;
6267 : 110;
6268 : 111;
6269 : 111;
6270 : 111;
6271 : 111;
6272 : 100;
6273 : 000;
6274 : 011;
6275 : 100;
6276 : 110;
6277 : 111;
6278 : 111;
6279 : 110;
6280 : 111;
6281 : 111;
6282 : 110;
6283 : 111;
6284 : 111;
6285 : 110;
6286 : 101;
6287 : 111;
6288 : 111;
6289 : 111;
6290 : 110;
6291 : 111;
6292 : 111;
6293 : 000;
6294 : 000;
6295 : 010;
6296 : 000;
6297 : 000;
6298 : 000;
6299 : 001;
6300 : 100;
6301 : 000;
6302 : 000;
6303 : 000;
6304 : 010;
6305 : 101;
6306 : 000;
6307 : 000;
6308 : 011;
6309 : 000;
6310 : 000;
6311 : 000;
6312 : 010;
6313 : 000;
6314 : 001;
6315 : 000;
6316 : 001;
6317 : 000;
6318 : 001;
6319 : 000;
6320 : 001;
6321 : 000;
6322 : 001;
6323 : 100;
6324 : 001;
6325 : 000;
6326 : 110;
6327 : 000;
6328 : 001;
6329 : 100;
6330 : 001;
6331 : 000;
6332 : 001;
6333 : 000;
6334 : 000;
6335 : 000;
6336 : 000;
6337 : 001;
6338 : 000;
6339 : 001;
6340 : 000;
6341 : 100;
6342 : 000;
6343 : 001;
6344 : 010;
6345 : 000;
6346 : 001;
6347 : 010;
6348 : 000;
6349 : 001;
6350 : 010;
6351 : 000;
6352 : 001;
6353 : 000;
6354 : 000;
6355 : 000;
6356 : 000;
6357 : 000;
6358 : 001;
6359 : 000;
6360 : 010;
6361 : 001;
6362 : 000;
6363 : 000;
6364 : 110;
6365 : 001;
6366 : 000;
6367 : 001;
6368 : 000;
6369 : 000;
6370 : 001;
6371 : 100;
6372 : 001;
6373 : 000;
6374 : 011;
6375 : 000;
6376 : 001;
6377 : 000;
6378 : 100;
6379 : 001;
6380 : 000;
6381 : 001;
6382 : 000;
6383 : 001;
6384 : 000;
6385 : 011;
6386 : 000;
6387 : 000;
6388 : 000;
6389 : 000;
6390 : 011;
6391 : 000;
6392 : 001;
6393 : 100;
6394 : 011;
6395 : 010;
6396 : 101;
6397 : 010;
6398 : 000;
6399 : 001;
6400 : 000;
6401 : 001;
6402 : 000;
6403 : 000;
6404 : 101;
6405 : 000;
6406 : 100;
6407 : 000;
6408 : 000;
6409 : 000;
6410 : 000;
6411 : 100;
6412 : 000;
6413 : 010;
6414 : 000;
6415 : 000;
6416 : 100;
6417 : 000;
6418 : 000;
6419 : 101;
6420 : 000;
6421 : 000;
6422 : 100;
6423 : 000;
6424 : 000;
6425 : 000;
6426 : 000;
6427 : 000;
6428 : 001;
6429 : 000;
6430 : 000;
6431 : 001;
6432 : 000;
6433 : 000;
6434 : 000;
6435 : 000;
6436 : 000;
6437 : 101;
6438 : 010;
6439 : 000;
6440 : 010;
6441 : 100;
6442 : 000;
6443 : 101;
6444 : 010;
6445 : 000;
6446 : 000;
6447 : 000;
6448 : 000;
6449 : 000;
6450 : 000;
6451 : 001;
6452 : 000;
6453 : 000;
6454 : 000;
6455 : 000;
6456 : 000;
6457 : 000;
6458 : 000;
6459 : 110;
6460 : 001;
6461 : 000;
6462 : 010;
6463 : 101;
6464 : 000;
6465 : 000;
6466 : 000;
6467 : 000;
6468 : 000;
6469 : 110;
6470 : 000;
6471 : 000;
6472 : 110;
6473 : 101;
6474 : 000;
6475 : 000;
6476 : 000;
6477 : 000;
6478 : 000;
6479 : 000;
6480 : 000;
6481 : 100;
6482 : 001;
6483 : 100;
6484 : 011;
6485 : 100;
6486 : 010;
6487 : 001;
6488 : 000;
6489 : 110;
6490 : 010;
6491 : 111;
6492 : 110;
6493 : 101;
6494 : 000;
6495 : 000;
6496 : 001;
6497 : 010;
6498 : 100;
6499 : 000;
6500 : 100;
6501 : 000;
6502 : 000;
6503 : 000;
6504 : 000;
6505 : 000;
6506 : 000;
6507 : 000;
6508 : 000;
6509 : 000;
6510 : 000;
6511 : 000;
6512 : 000;
6513 : 000;
6514 : 000;
6515 : 000;
6516 : 010;
6517 : 100;
6518 : 000;
6519 : 000;
6520 : 000;
6521 : 000;
6522 : 000;
6523 : 000;
6524 : 100;
6525 : 000;
6526 : 110;
6527 : 000;
6528 : 110;
6529 : 111;
6530 : 111;
6531 : 111;
6532 : 111;
6533 : 110;
6534 : 100;
6535 : 000;
6536 : 100;
6537 : 000;
6538 : 010;
6539 : 000;
6540 : 000;
6541 : 100;
6542 : 000;
6543 : 000;
6544 : 100;
6545 : 110;
6546 : 111;
6547 : 111;
6548 : 110;
6549 : 111;
6550 : 110;
6551 : 111;
6552 : 111;
6553 : 111;
6554 : 111;
6555 : 111;
6556 : 100;
6557 : 100;
6558 : 111;
6559 : 111;
6560 : 111;
6561 : 111;
6562 : 111;
6563 : 100;
6564 : 001;
6565 : 000;
6566 : 110;
6567 : 111;
6568 : 111;
6569 : 110;
6570 : 111;
6571 : 111;
6572 : 100;
6573 : 010;
6574 : 000;
6575 : 110;
6576 : 000;
6577 : 111;
6578 : 111;
6579 : 111;
6580 : 111;
6581 : 111;
6582 : 111;
6583 : 111;
6584 : 111;
6585 : 111;
6586 : 111;
6587 : 111;
6588 : 111;
6589 : 111;
6590 : 111;
6591 : 111;
6592 : 010;
6593 : 100;
6594 : 000;
6595 : 000;
6596 : 100;
6597 : 111;
6598 : 111;
6599 : 111;
6600 : 111;
6601 : 111;
6602 : 111;
6603 : 111;
6604 : 111;
6605 : 111;
6606 : 111;
6607 : 111;
6608 : 110;
6609 : 111;
6610 : 111;
6611 : 111;
6612 : 000;
6613 : 100;
6614 : 000;
6615 : 101;
6616 : 000;
6617 : 000;
6618 : 010;
6619 : 000;
6620 : 000;
6621 : 000;
6622 : 000;
6623 : 001;
6624 : 000;
6625 : 010;
6626 : 000;
6627 : 000;
6628 : 000;
6629 : 000;
6630 : 001;
6631 : 000;
6632 : 001;
6633 : 000;
6634 : 000;
6635 : 000;
6636 : 010;
6637 : 100;
6638 : 000;
6639 : 010;
6640 : 100;
6641 : 001;
6642 : 010;
6643 : 000;
6644 : 000;
6645 : 000;
6646 : 001;
6647 : 000;
6648 : 010;
6649 : 000;
6650 : 000;
6651 : 011;
6652 : 000;
6653 : 000;
6654 : 011;
6655 : 000;
6656 : 001;
6657 : 010;
6658 : 000;
6659 : 001;
6660 : 010;
6661 : 001;
6662 : 000;
6663 : 000;
6664 : 001;
6665 : 010;
6666 : 000;
6667 : 001;
6668 : 000;
6669 : 000;
6670 : 001;
6671 : 000;
6672 : 010;
6673 : 001;
6674 : 000;
6675 : 011;
6676 : 100;
6677 : 001;
6678 : 010;
6679 : 000;
6680 : 001;
6681 : 000;
6682 : 000;
6683 : 001;
6684 : 000;
6685 : 001;
6686 : 010;
6687 : 100;
6688 : 011;
6689 : 000;
6690 : 000;
6691 : 011;
6692 : 000;
6693 : 001;
6694 : 000;
6695 : 111;
6696 : 000;
6697 : 000;
6698 : 011;
6699 : 000;
6700 : 111;
6701 : 000;
6702 : 011;
6703 : 000;
6704 : 100;
6705 : 001;
6706 : 000;
6707 : 101;
6708 : 000;
6709 : 000;
6710 : 000;
6711 : 000;
6712 : 000;
6713 : 011;
6714 : 101;
6715 : 000;
6716 : 011;
6717 : 001;
6718 : 000;
6719 : 000;
6720 : 000;
6721 : 100;
6722 : 010;
6723 : 000;
6724 : 000;
6725 : 010;
6726 : 000;
6727 : 111;
6728 : 000;
6729 : 000;
6730 : 000;
6731 : 000;
6732 : 000;
6733 : 000;
6734 : 000;
6735 : 000;
6736 : 011;
6737 : 100;
6738 : 010;
6739 : 000;
6740 : 000;
6741 : 111;
6742 : 000;
6743 : 000;
6744 : 000;
6745 : 000;
6746 : 011;
6747 : 000;
6748 : 100;
6749 : 000;
6750 : 000;
6751 : 000;
6752 : 000;
6753 : 000;
6754 : 100;
6755 : 000;
6756 : 000;
6757 : 000;
6758 : 000;
6759 : 000;
6760 : 000;
6761 : 001;
6762 : 000;
6763 : 010;
6764 : 000;
6765 : 000;
6766 : 100;
6767 : 000;
6768 : 000;
6769 : 000;
6770 : 100;
6771 : 010;
6772 : 000;
6773 : 000;
6774 : 000;
6775 : 000;
6776 : 100;
6777 : 001;
6778 : 000;
6779 : 000;
6780 : 000;
6781 : 000;
6782 : 000;
6783 : 000;
6784 : 000;
6785 : 010;
6786 : 001;
6787 : 000;
6788 : 000;
6789 : 001;
6790 : 110;
6791 : 000;
6792 : 000;
6793 : 000;
6794 : 000;
6795 : 000;
6796 : 000;
6797 : 000;
6798 : 000;
6799 : 000;
6800 : 000;
6801 : 000;
6802 : 110;
6803 : 000;
6804 : 000;
6805 : 111;
6806 : 100;
6807 : 110;
6808 : 000;
6809 : 101;
6810 : 000;
6811 : 100;
6812 : 011;
6813 : 110;
6814 : 111;
6815 : 110;
6816 : 100;
6817 : 000;
6818 : 000;
6819 : 000;
6820 : 000;
6821 : 000;
6822 : 000;
6823 : 000;
6824 : 000;
6825 : 000;
6826 : 000;
6827 : 000;
6828 : 000;
6829 : 000;
6830 : 000;
6831 : 000;
6832 : 000;
6833 : 000;
6834 : 000;
6835 : 000;
6836 : 000;
6837 : 000;
6838 : 000;
6839 : 000;
6840 : 000;
6841 : 000;
6842 : 100;
6843 : 000;
6844 : 011;
6845 : 000;
6846 : 000;
6847 : 000;
6848 : 111;
6849 : 111;
6850 : 111;
6851 : 110;
6852 : 111;
6853 : 101;
6854 : 010;
6855 : 100;
6856 : 011;
6857 : 100;
6858 : 101;
6859 : 110;
6860 : 111;
6861 : 000;
6862 : 010;
6863 : 101;
6864 : 000;
6865 : 111;
6866 : 111;
6867 : 111;
6868 : 111;
6869 : 111;
6870 : 111;
6871 : 111;
6872 : 101;
6873 : 110;
6874 : 111;
6875 : 111;
6876 : 111;
6877 : 010;
6878 : 111;
6879 : 111;
6880 : 111;
6881 : 111;
6882 : 111;
6883 : 110;
6884 : 000;
6885 : 100;
6886 : 111;
6887 : 111;
6888 : 111;
6889 : 111;
6890 : 111;
6891 : 110;
6892 : 001;
6893 : 100;
6894 : 000;
6895 : 000;
6896 : 101;
6897 : 111;
6898 : 110;
6899 : 111;
6900 : 111;
6901 : 110;
6902 : 111;
6903 : 111;
6904 : 110;
6905 : 111;
6906 : 110;
6907 : 111;
6908 : 111;
6909 : 110;
6910 : 111;
6911 : 111;
6912 : 101;
6913 : 010;
6914 : 100;
6915 : 001;
6916 : 000;
6917 : 110;
6918 : 111;
6919 : 111;
6920 : 110;
6921 : 111;
6922 : 101;
6923 : 110;
6924 : 111;
6925 : 110;
6926 : 111;
6927 : 111;
6928 : 111;
6929 : 111;
6930 : 100;
6931 : 000;
6932 : 100;
6933 : 010;
6934 : 000;
6935 : 000;
6936 : 000;
6937 : 000;
6938 : 101;
6939 : 000;
6940 : 000;
6941 : 000;
6942 : 000;
6943 : 010;
6944 : 101;
6945 : 001;
6946 : 000;
6947 : 001;
6948 : 000;
6949 : 000;
6950 : 010;
6951 : 000;
6952 : 000;
6953 : 000;
6954 : 011;
6955 : 100;
6956 : 001;
6957 : 000;
6958 : 001;
6959 : 000;
6960 : 001;
6961 : 000;
6962 : 000;
6963 : 001;
6964 : 000;
6965 : 011;
6966 : 000;
6967 : 000;
6968 : 001;
6969 : 000;
6970 : 001;
6971 : 000;
6972 : 001;
6973 : 000;
6974 : 000;
6975 : 001;
6976 : 110;
6977 : 001;
6978 : 000;
6979 : 100;
6980 : 000;
6981 : 001;
6982 : 010;
6983 : 000;
6984 : 000;
6985 : 101;
6986 : 000;
6987 : 000;
6988 : 010;
6989 : 000;
6990 : 000;
6991 : 001;
6992 : 000;
6993 : 000;
6994 : 000;
6995 : 000;
6996 : 001;
6997 : 000;
6998 : 000;
6999 : 000;
7000 : 000;
7001 : 011;
7002 : 000;
7003 : 000;
7004 : 011;
7005 : 000;
7006 : 001;
7007 : 000;
7008 : 001;
7009 : 000;
7010 : 111;
7011 : 000;
7012 : 001;
7013 : 110;
7014 : 000;
7015 : 001;
7016 : 010;
7017 : 000;
7018 : 001;
7019 : 000;
7020 : 000;
7021 : 001;
7022 : 100;
7023 : 000;
7024 : 011;
7025 : 000;
7026 : 010;
7027 : 000;
7028 : 011;
7029 : 000;
7030 : 001;
7031 : 010;
7032 : 001;
7033 : 000;
7034 : 000;
7035 : 001;
7036 : 110;
7037 : 001;
7038 : 110;
7039 : 001;
7040 : 000;
7041 : 000;
7042 : 000;
7043 : 000;
7044 : 101;
7045 : 100;
7046 : 000;
7047 : 000;
7048 : 000;
7049 : 000;
7050 : 000;
7051 : 000;
7052 : 001;
7053 : 000;
7054 : 000;
7055 : 000;
7056 : 000;
7057 : 000;
7058 : 101;
7059 : 000;
7060 : 110;
7061 : 111;
7062 : 111;
7063 : 000;
7064 : 000;
7065 : 100;
7066 : 000;
7067 : 000;
7068 : 010;
7069 : 000;
7070 : 000;
7071 : 000;
7072 : 100;
7073 : 000;
7074 : 000;
7075 : 000;
7076 : 010;
7077 : 000;
7078 : 000;
7079 : 000;
7080 : 000;
7081 : 000;
7082 : 000;
7083 : 000;
7084 : 100;
7085 : 000;
7086 : 000;
7087 : 010;
7088 : 001;
7089 : 000;
7090 : 000;
7091 : 000;
7092 : 000;
7093 : 001;
7094 : 100;
7095 : 000;
7096 : 010;
7097 : 000;
7098 : 000;
7099 : 000;
7100 : 100;
7101 : 000;
7102 : 000;
7103 : 000;
7104 : 000;
7105 : 000;
7106 : 100;
7107 : 000;
7108 : 110;
7109 : 000;
7110 : 000;
7111 : 101;
7112 : 111;
7113 : 110;
7114 : 000;
7115 : 000;
7116 : 000;
7117 : 000;
7118 : 100;
7119 : 010;
7120 : 000;
7121 : 101;
7122 : 010;
7123 : 101;
7124 : 000;
7125 : 000;
7126 : 000;
7127 : 101;
7128 : 110;
7129 : 000;
7130 : 111;
7131 : 000;
7132 : 100;
7133 : 000;
7134 : 101;
7135 : 010;
7136 : 111;
7137 : 111;
7138 : 111;
7139 : 110;
7140 : 000;
7141 : 000;
7142 : 000;
7143 : 000;
7144 : 000;
7145 : 000;
7146 : 000;
7147 : 001;
7148 : 100;
7149 : 000;
7150 : 000;
7151 : 001;
7152 : 000;
7153 : 000;
7154 : 100;
7155 : 000;
7156 : 000;
7157 : 001;
7158 : 000;
7159 : 000;
7160 : 001;
7161 : 000;
7162 : 010;
7163 : 000;
7164 : 000;
7165 : 100;
7166 : 000;
7167 : 100;
7168 : 110;
7169 : 111;
7170 : 101;
7171 : 111;
7172 : 111;
7173 : 110;
7174 : 111;
7175 : 111;
7176 : 110;
7177 : 111;
7178 : 111;
7179 : 111;
7180 : 110;
7181 : 100;
7182 : 000;
7183 : 000;
7184 : 010;
7185 : 100;
7186 : 111;
7187 : 110;
7188 : 111;
7189 : 111;
7190 : 110;
7191 : 111;
7192 : 111;
7193 : 111;
7194 : 111;
7195 : 110;
7196 : 111;
7197 : 111;
7198 : 111;
7199 : 110;
7200 : 111;
7201 : 110;
7202 : 111;
7203 : 000;
7204 : 100;
7205 : 000;
7206 : 010;
7207 : 111;
7208 : 110;
7209 : 111;
7210 : 111;
7211 : 111;
7212 : 100;
7213 : 010;
7214 : 000;
7215 : 110;
7216 : 010;
7217 : 111;
7218 : 111;
7219 : 111;
7220 : 111;
7221 : 111;
7222 : 111;
7223 : 111;
7224 : 111;
7225 : 111;
7226 : 111;
7227 : 100;
7228 : 111;
7229 : 111;
7230 : 111;
7231 : 110;
7232 : 111;
7233 : 100;
7234 : 000;
7235 : 010;
7236 : 100;
7237 : 000;
7238 : 000;
7239 : 111;
7240 : 111;
7241 : 111;
7242 : 111;
7243 : 111;
7244 : 111;
7245 : 111;
7246 : 111;
7247 : 110;
7248 : 111;
7249 : 000;
7250 : 110;
7251 : 000;
7252 : 001;
7253 : 000;
7254 : 000;
7255 : 000;
7256 : 011;
7257 : 000;
7258 : 000;
7259 : 000;
7260 : 000;
7261 : 000;
7262 : 000;
7263 : 000;
7264 : 000;
7265 : 010;
7266 : 000;
7267 : 000;
7268 : 011;
7269 : 000;
7270 : 101;
7271 : 000;
7272 : 001;
7273 : 100;
7274 : 000;
7275 : 000;
7276 : 000;
7277 : 001;
7278 : 010;
7279 : 000;
7280 : 000;
7281 : 011;
7282 : 000;
7283 : 010;
7284 : 000;
7285 : 000;
7286 : 101;
7287 : 010;
7288 : 001;
7289 : 000;
7290 : 010;
7291 : 000;
7292 : 010;
7293 : 101;
7294 : 000;
7295 : 000;
7296 : 000;
7297 : 000;
7298 : 011;
7299 : 000;
7300 : 001;
7301 : 000;
7302 : 001;
7303 : 100;
7304 : 001;
7305 : 010;
7306 : 000;
7307 : 001;
7308 : 000;
7309 : 101;
7310 : 010;
7311 : 000;
7312 : 111;
7313 : 000;
7314 : 001;
7315 : 010;
7316 : 000;
7317 : 000;
7318 : 001;
7319 : 000;
7320 : 001;
7321 : 100;
7322 : 000;
7323 : 000;
7324 : 101;
7325 : 010;
7326 : 000;
7327 : 111;
7328 : 000;
7329 : 000;
7330 : 001;
7331 : 010;
7332 : 000;
7333 : 001;
7334 : 010;
7335 : 001;
7336 : 100;
7337 : 001;
7338 : 000;
7339 : 111;
7340 : 000;
7341 : 010;
7342 : 001;
7343 : 000;
7344 : 000;
7345 : 001;
7346 : 000;
7347 : 001;
7348 : 000;
7349 : 100;
7350 : 000;
7351 : 001;
7352 : 000;
7353 : 000;
7354 : 011;
7355 : 000;
7356 : 101;
7357 : 011;
7358 : 001;
7359 : 000;
7360 : 000;
7361 : 000;
7362 : 000;
7363 : 000;
7364 : 010;
7365 : 000;
7366 : 000;
7367 : 110;
7368 : 101;
7369 : 110;
7370 : 000;
7371 : 100;
7372 : 010;
7373 : 000;
7374 : 000;
7375 : 000;
7376 : 100;
7377 : 010;
7378 : 000;
7379 : 000;
7380 : 000;
7381 : 000;
7382 : 100;
7383 : 000;
7384 : 000;
7385 : 000;
7386 : 010;
7387 : 000;
7388 : 101;
7389 : 000;
7390 : 000;
7391 : 000;
7392 : 010;
7393 : 000;
7394 : 001;
7395 : 000;
7396 : 000;
7397 : 000;
7398 : 100;
7399 : 001;
7400 : 000;
7401 : 100;
7402 : 000;
7403 : 000;
7404 : 000;
7405 : 001;
7406 : 000;
7407 : 000;
7408 : 000;
7409 : 000;
7410 : 000;
7411 : 000;
7412 : 000;
7413 : 000;
7414 : 010;
7415 : 000;
7416 : 000;
7417 : 000;
7418 : 100;
7419 : 010;
7420 : 001;
7421 : 000;
7422 : 010;
7423 : 101;
7424 : 000;
7425 : 000;
7426 : 000;
7427 : 000;
7428 : 001;
7429 : 100;
7430 : 010;
7431 : 000;
7432 : 100;
7433 : 111;
7434 : 011;
7435 : 000;
7436 : 000;
7437 : 000;
7438 : 000;
7439 : 000;
7440 : 000;
7441 : 000;
7442 : 101;
7443 : 010;
7444 : 100;
7445 : 010;
7446 : 000;
7447 : 000;
7448 : 000;
7449 : 110;
7450 : 100;
7451 : 011;
7452 : 100;
7453 : 010;
7454 : 100;
7455 : 101;
7456 : 010;
7457 : 100;
7458 : 111;
7459 : 111;
7460 : 111;
7461 : 111;
7462 : 000;
7463 : 000;
7464 : 000;
7465 : 101;
7466 : 000;
7467 : 000;
7468 : 000;
7469 : 000;
7470 : 000;
7471 : 010;
7472 : 000;
7473 : 000;
7474 : 000;
7475 : 000;
7476 : 000;
7477 : 100;
7478 : 000;
7479 : 000;
7480 : 110;
7481 : 000;
7482 : 000;
7483 : 000;
7484 : 000;
7485 : 000;
7486 : 011;
7487 : 000;
7488 : 101;
7489 : 111;
7490 : 110;
7491 : 111;
7492 : 111;
7493 : 111;
7494 : 111;
7495 : 111;
7496 : 111;
7497 : 111;
7498 : 110;
7499 : 111;
7500 : 111;
7501 : 000;
7502 : 110;
7503 : 000;
7504 : 100;
7505 : 111;
7506 : 111;
7507 : 111;
7508 : 111;
7509 : 111;
7510 : 100;
7511 : 111;
7512 : 110;
7513 : 111;
7514 : 111;
7515 : 111;
7516 : 111;
7517 : 111;
7518 : 111;
7519 : 111;
7520 : 101;
7521 : 111;
7522 : 111;
7523 : 100;
7524 : 011;
7525 : 000;
7526 : 111;
7527 : 111;
7528 : 101;
7529 : 111;
7530 : 110;
7531 : 111;
7532 : 000;
7533 : 100;
7534 : 001;
7535 : 100;
7536 : 111;
7537 : 111;
7538 : 111;
7539 : 110;
7540 : 111;
7541 : 100;
7542 : 000;
7543 : 110;
7544 : 000;
7545 : 000;
7546 : 000;
7547 : 110;
7548 : 111;
7549 : 111;
7550 : 111;
7551 : 111;
7552 : 111;
7553 : 111;
7554 : 000;
7555 : 100;
7556 : 000;
7557 : 000;
7558 : 100;
7559 : 000;
7560 : 100;
7561 : 010;
7562 : 110;
7563 : 101;
7564 : 110;
7565 : 111;
7566 : 000;
7567 : 101;
7568 : 000;
7569 : 000;
7570 : 000;
7571 : 000;
7572 : 000;
7573 : 110;
7574 : 000;
7575 : 000;
7576 : 100;
7577 : 000;
7578 : 000;
7579 : 000;
7580 : 010;
7581 : 000;
7582 : 000;
7583 : 101;
7584 : 000;
7585 : 001;
7586 : 000;
7587 : 000;
7588 : 000;
7589 : 000;
7590 : 000;
7591 : 001;
7592 : 010;
7593 : 000;
7594 : 001;
7595 : 010;
7596 : 001;
7597 : 010;
7598 : 001;
7599 : 000;
7600 : 001;
7601 : 000;
7602 : 000;
7603 : 101;
7604 : 001;
7605 : 000;
7606 : 010;
7607 : 001;
7608 : 000;
7609 : 101;
7610 : 000;
7611 : 101;
7612 : 000;
7613 : 001;
7614 : 010;
7615 : 001;
7616 : 000;
7617 : 000;
7618 : 001;
7619 : 000;
7620 : 010;
7621 : 000;
7622 : 010;
7623 : 001;
7624 : 000;
7625 : 000;
7626 : 001;
7627 : 010;
7628 : 001;
7629 : 000;
7630 : 001;
7631 : 000;
7632 : 000;
7633 : 001;
7634 : 000;
7635 : 000;
7636 : 001;
7637 : 000;
7638 : 010;
7639 : 000;
7640 : 000;
7641 : 011;
7642 : 000;
7643 : 001;
7644 : 010;
7645 : 001;
7646 : 000;
7647 : 001;
7648 : 010;
7649 : 000;
7650 : 000;
7651 : 101;
7652 : 010;
7653 : 001;
7654 : 100;
7655 : 001;
7656 : 010;
7657 : 000;
7658 : 000;
7659 : 001;
7660 : 000;
7661 : 001;
7662 : 000;
7663 : 010;
7664 : 001;
7665 : 110;
7666 : 001;
7667 : 000;
7668 : 000;
7669 : 011;
7670 : 000;
7671 : 000;
7672 : 000;
7673 : 101;
7674 : 000;
7675 : 011;
7676 : 000;
7677 : 111;
7678 : 000;
7679 : 111;
7680 : 000;
7681 : 000;
7682 : 000;
7683 : 000;
7684 : 000;
7685 : 000;
7686 : 000;
7687 : 000;
7688 : 111;
7689 : 111;
7690 : 000;
7691 : 001;
7692 : 000;
7693 : 000;
7694 : 000;
7695 : 000;
7696 : 001;
7697 : 100;
7698 : 000;
7699 : 111;
7700 : 000;
7701 : 000;
7702 : 000;
7703 : 000;
7704 : 000;
7705 : 000;
7706 : 101;
7707 : 000;
7708 : 000;
7709 : 000;
7710 : 000;
7711 : 000;
7712 : 001;
7713 : 000;
7714 : 000;
7715 : 000;
7716 : 000;
7717 : 000;
7718 : 000;
7719 : 000;
7720 : 010;
7721 : 000;
7722 : 000;
7723 : 000;
7724 : 000;
7725 : 010;
7726 : 000;
7727 : 000;
7728 : 100;
7729 : 000;
7730 : 000;
7731 : 111;
7732 : 000;
7733 : 000;
7734 : 000;
7735 : 001;
7736 : 000;
7737 : 000;
7738 : 001;
7739 : 000;
7740 : 000;
7741 : 000;
7742 : 000;
7743 : 000;
7744 : 000;
7745 : 000;
7746 : 011;
7747 : 000;
7748 : 000;
7749 : 010;
7750 : 101;
7751 : 000;
7752 : 011;
7753 : 100;
7754 : 100;
7755 : 000;
7756 : 111;
7757 : 100;
7758 : 000;
7759 : 000;
7760 : 000;
7761 : 110;
7762 : 000;
7763 : 100;
7764 : 011;
7765 : 000;
7766 : 100;
7767 : 000;
7768 : 000;
7769 : 000;
7770 : 000;
7771 : 100;
7772 : 011;
7773 : 100;
7774 : 011;
7775 : 110;
7776 : 100;
7777 : 111;
7778 : 100;
7779 : 000;
7780 : 110;
7781 : 111;
7782 : 000;
7783 : 000;
7784 : 000;
7785 : 000;
7786 : 000;
7787 : 000;
7788 : 000;
7789 : 000;
7790 : 000;
7791 : 000;
7792 : 000;
7793 : 000;
7794 : 000;
7795 : 010;
7796 : 000;
7797 : 000;
7798 : 010;
7799 : 000;
7800 : 000;
7801 : 000;
7802 : 000;
7803 : 100;
7804 : 001;
7805 : 100;
7806 : 000;
7807 : 000;
7808 : 110;
7809 : 111;
7810 : 111;
7811 : 111;
7812 : 110;
7813 : 111;
7814 : 110;
7815 : 111;
7816 : 111;
7817 : 111;
7818 : 111;
7819 : 111;
7820 : 110;
7821 : 100;
7822 : 001;
7823 : 000;
7824 : 000;
7825 : 110;
7826 : 111;
7827 : 111;
7828 : 110;
7829 : 111;
7830 : 111;
7831 : 000;
7832 : 111;
7833 : 111;
7834 : 110;
7835 : 111;
7836 : 111;
7837 : 110;
7838 : 111;
7839 : 111;
7840 : 110;
7841 : 111;
7842 : 111;
7843 : 110;
7844 : 000;
7845 : 100;
7846 : 100;
7847 : 111;
7848 : 111;
7849 : 111;
7850 : 111;
7851 : 111;
7852 : 110;
7853 : 000;
7854 : 010;
7855 : 100;
7856 : 111;
7857 : 111;
7858 : 111;
7859 : 111;
7860 : 100;
7861 : 010;
7862 : 000;
7863 : 000;
7864 : 100;
7865 : 000;
7866 : 000;
7867 : 000;
7868 : 111;
7869 : 110;
7870 : 111;
7871 : 100;
7872 : 111;
7873 : 110;
7874 : 001;
7875 : 010;
7876 : 000;
7877 : 001;
7878 : 010;
7879 : 000;
7880 : 000;
7881 : 000;
7882 : 000;
7883 : 000;
7884 : 000;
7885 : 000;
7886 : 000;
7887 : 010;
7888 : 100;
7889 : 000;
7890 : 111;
7891 : 000;
7892 : 000;
7893 : 000;
7894 : 001;
7895 : 000;
7896 : 000;
7897 : 000;
7898 : 000;
7899 : 000;
7900 : 101;
7901 : 000;
7902 : 000;
7903 : 000;
7904 : 010;
7905 : 001;
7906 : 000;
7907 : 001;
7908 : 000;
7909 : 001;
7910 : 010;
7911 : 000;
7912 : 000;
7913 : 001;
7914 : 000;
7915 : 000;
7916 : 000;
7917 : 101;
7918 : 000;
7919 : 000;
7920 : 010;
7921 : 101;
7922 : 000;
7923 : 010;
7924 : 000;
7925 : 001;
7926 : 000;
7927 : 000;
7928 : 000;
7929 : 010;
7930 : 001;
7931 : 010;
7932 : 000;
7933 : 000;
7934 : 001;
7935 : 000;
7936 : 011;
7937 : 000;
7938 : 000;
7939 : 001;
7940 : 100;
7941 : 001;
7942 : 000;
7943 : 011;
7944 : 000;
7945 : 000;
7946 : 000;
7947 : 000;
7948 : 100;
7949 : 010;
7950 : 000;
7951 : 001;
7952 : 010;
7953 : 000;
7954 : 001;
7955 : 110;
7956 : 000;
7957 : 001;
7958 : 000;
7959 : 001;
7960 : 000;
7961 : 000;
7962 : 000;
7963 : 000;
7964 : 001;
7965 : 000;
7966 : 100;
7967 : 001;
7968 : 000;
7969 : 001;
7970 : 010;
7971 : 001;
7972 : 100;
7973 : 001;
7974 : 010;
7975 : 000;
7976 : 001;
7977 : 000;
7978 : 011;
7979 : 000;
7980 : 110;
7981 : 000;
7982 : 001;
7983 : 000;
7984 : 000;
7985 : 001;
7986 : 000;
7987 : 110;
7988 : 001;
7989 : 000;
7990 : 001;
7991 : 010;
7992 : 000;
7993 : 011;
7994 : 100;
7995 : 011;
7996 : 101;
7997 : 000;
7998 : 011;
7999 : 001;
8000 : 000;
8001 : 000;
8002 : 000;
8003 : 100;
8004 : 111;
8005 : 000;
8006 : 000;
8007 : 000;
8008 : 000;
8009 : 111;
8010 : 000;
8011 : 000;
8012 : 100;
8013 : 000;
8014 : 000;
8015 : 000;
8016 : 110;
8017 : 000;
8018 : 000;
8019 : 000;
8020 : 000;
8021 : 000;
8022 : 000;
8023 : 000;
8024 : 000;
8025 : 000;
8026 : 000;
8027 : 010;
8028 : 100;
8029 : 000;
8030 : 010;
8031 : 000;
8032 : 100;
8033 : 010;
8034 : 100;
8035 : 000;
8036 : 111;
8037 : 000;
8038 : 000;
8039 : 000;
8040 : 000;
8041 : 000;
8042 : 000;
8043 : 011;
8044 : 000;
8045 : 100;
8046 : 000;
8047 : 000;
8048 : 000;
8049 : 011;
8050 : 000;
8051 : 000;
8052 : 000;
8053 : 000;
8054 : 100;
8055 : 000;
8056 : 000;
8057 : 000;
8058 : 000;
8059 : 000;
8060 : 000;
8061 : 100;
8062 : 000;
8063 : 000;
8064 : 010;
8065 : 000;
8066 : 100;
8067 : 000;
8068 : 000;
8069 : 100;
8070 : 000;
8071 : 000;
8072 : 000;
8073 : 000;
8074 : 010;
8075 : 100;
8076 : 011;
8077 : 000;
8078 : 000;
8079 : 000;
8080 : 001;
8081 : 100;
8082 : 011;
8083 : 100;
8084 : 110;
8085 : 000;
8086 : 000;
8087 : 011;
8088 : 000;
8089 : 000;
8090 : 000;
8091 : 000;
8092 : 000;
8093 : 000;
8094 : 100;
8095 : 000;
8096 : 111;
8097 : 000;
8098 : 111;
8099 : 000;
8100 : 000;
8101 : 100;
8102 : 111;
8103 : 000;
8104 : 000;
8105 : 000;
8106 : 010;
8107 : 000;
8108 : 000;
8109 : 000;
8110 : 000;
8111 : 100;
8112 : 000;
8113 : 000;
8114 : 000;
8115 : 101;
8116 : 000;
8117 : 000;
8118 : 000;
8119 : 000;
8120 : 000;
8121 : 100;
8122 : 001;
8123 : 000;
8124 : 000;
8125 : 010;
8126 : 100;
8127 : 000;
8128 : 111;
8129 : 111;
8130 : 110;
8131 : 111;
8132 : 111;
8133 : 111;
8134 : 101;
8135 : 110;
8136 : 100;
8137 : 110;
8138 : 000;
8139 : 100;
8140 : 001;
8141 : 000;
8142 : 010;
8143 : 100;
8144 : 000;
8145 : 111;
8146 : 111;
8147 : 111;
8148 : 111;
8149 : 111;
8150 : 100;
8151 : 110;
8152 : 000;
8153 : 111;
8154 : 111;
8155 : 111;
8156 : 111;
8157 : 101;
8158 : 111;
8159 : 111;
8160 : 111;
8161 : 111;
8162 : 111;
8163 : 000;
8164 : 100;
8165 : 010;
8166 : 111;
8167 : 111;
8168 : 110;
8169 : 111;
8170 : 111;
8171 : 111;
8172 : 000;
8173 : 100;
8174 : 000;
8175 : 111;
8176 : 111;
8177 : 111;
8178 : 110;
8179 : 111;
8180 : 111;
8181 : 000;
8182 : 100;
8183 : 001;
8184 : 000;
8185 : 010;
8186 : 101;
8187 : 000;
8188 : 000;
8189 : 100;
8190 : 011;
8191 : 100;
8192 : 000;
8193 : 010;
8194 : 100;
8195 : 000;
8196 : 100;
8197 : 000;
8198 : 000;
8199 : 100;
8200 : 000;
8201 : 101;
8202 : 010;
8203 : 100;
8204 : 000;
8205 : 110;
8206 : 000;
8207 : 000;
8208 : 000;
8209 : 000;
8210 : 000;
8211 : 000;
8212 : 000;
8213 : 000;
8214 : 000;
8215 : 000;
8216 : 000;
8217 : 010;
8218 : 001;
8219 : 000;
8220 : 000;
8221 : 000;
8222 : 000;
8223 : 000;
8224 : 001;
8225 : 110;
8226 : 000;
8227 : 000;
8228 : 010;
8229 : 000;
8230 : 001;
8231 : 000;
8232 : 000;
8233 : 011;
8234 : 000;
8235 : 001;
8236 : 000;
8237 : 010;
8238 : 000;
8239 : 001;
8240 : 000;
8241 : 000;
8242 : 011;
8243 : 001;
8244 : 000;
8245 : 000;
8246 : 011;
8247 : 100;
8248 : 001;
8249 : 000;
8250 : 001;
8251 : 000;
8252 : 011;
8253 : 100;
8254 : 010;
8255 : 000;
8256 : 100;
8257 : 001;
8258 : 010;
8259 : 000;
8260 : 011;
8261 : 000;
8262 : 000;
8263 : 101;
8264 : 000;
8265 : 011;
8266 : 100;
8267 : 001;
8268 : 011;
8269 : 000;
8270 : 001;
8271 : 000;
8272 : 101;
8273 : 000;
8274 : 000;
8275 : 001;
8276 : 000;
8277 : 000;
8278 : 000;
8279 : 000;
8280 : 011;
8281 : 000;
8282 : 001;
8283 : 000;
8284 : 110;
8285 : 001;
8286 : 010;
8287 : 000;
8288 : 011;
8289 : 100;
8290 : 001;
8291 : 000;
8292 : 011;
8293 : 000;
8294 : 001;
8295 : 000;
8296 : 000;
8297 : 000;
8298 : 101;
8299 : 000;
8300 : 011;
8301 : 101;
8302 : 010;
8303 : 000;
8304 : 001;
8305 : 110;
8306 : 000;
8307 : 001;
8308 : 000;
8309 : 010;
8310 : 000;
8311 : 001;
8312 : 100;
8313 : 001;
8314 : 011;
8315 : 000;
8316 : 011;
8317 : 101;
8318 : 010;
8319 : 001;
8320 : 100;
8321 : 011;
8322 : 000;
8323 : 000;
8324 : 000;
8325 : 000;
8326 : 000;
8327 : 111;
8328 : 000;
8329 : 000;
8330 : 000;
8331 : 000;
8332 : 010;
8333 : 000;
8334 : 000;
8335 : 000;
8336 : 001;
8337 : 100;
8338 : 011;
8339 : 100;
8340 : 010;
8341 : 001;
8342 : 000;
8343 : 000;
8344 : 000;
8345 : 000;
8346 : 000;
8347 : 000;
8348 : 001;
8349 : 000;
8350 : 000;
8351 : 000;
8352 : 001;
8353 : 000;
8354 : 000;
8355 : 000;
8356 : 000;
8357 : 000;
8358 : 111;
8359 : 000;
8360 : 000;
8361 : 101;
8362 : 000;
8363 : 000;
8364 : 000;
8365 : 000;
8366 : 000;
8367 : 001;
8368 : 000;
8369 : 000;
8370 : 000;
8371 : 000;
8372 : 000;
8373 : 000;
8374 : 000;
8375 : 000;
8376 : 000;
8377 : 110;
8378 : 000;
8379 : 000;
8380 : 010;
8381 : 000;
8382 : 001;
8383 : 000;
8384 : 100;
8385 : 000;
8386 : 000;
8387 : 000;
8388 : 001;
8389 : 010;
8390 : 000;
8391 : 100;
8392 : 010;
8393 : 101;
8394 : 000;
8395 : 000;
8396 : 000;
8397 : 000;
8398 : 000;
8399 : 000;
8400 : 000;
8401 : 110;
8402 : 100;
8403 : 011;
8404 : 100;
8405 : 001;
8406 : 000;
8407 : 100;
8408 : 000;
8409 : 100;
8410 : 010;
8411 : 000;
8412 : 000;
8413 : 000;
8414 : 000;
8415 : 000;
8416 : 000;
8417 : 110;
8418 : 000;
8419 : 111;
8420 : 000;
8421 : 110;
8422 : 000;
8423 : 000;
8424 : 000;
8425 : 000;
8426 : 000;
8427 : 000;
8428 : 000;
8429 : 000;
8430 : 000;
8431 : 000;
8432 : 000;
8433 : 000;
8434 : 000;
8435 : 000;
8436 : 000;
8437 : 000;
8438 : 000;
8439 : 101;
8440 : 000;
8441 : 000;
8442 : 000;
8443 : 010;
8444 : 000;
8445 : 000;
8446 : 000;
8447 : 100;
8448 : 010;
8449 : 111;
8450 : 111;
8451 : 111;
8452 : 111;
8453 : 110;
8454 : 000;
8455 : 100;
8456 : 010;
8457 : 001;
8458 : 100;
8459 : 010;
8460 : 100;
8461 : 000;
8462 : 100;
8463 : 000;
8464 : 000;
8465 : 111;
8466 : 110;
8467 : 111;
8468 : 101;
8469 : 111;
8470 : 110;
8471 : 000;
8472 : 100;
8473 : 000;
8474 : 111;
8475 : 110;
8476 : 111;
8477 : 110;
8478 : 111;
8479 : 110;
8480 : 111;
8481 : 111;
8482 : 111;
8483 : 110;
8484 : 000;
8485 : 000;
8486 : 100;
8487 : 111;
8488 : 111;
8489 : 111;
8490 : 110;
8491 : 111;
8492 : 110;
8493 : 001;
8494 : 110;
8495 : 111;
8496 : 110;
8497 : 101;
8498 : 111;
8499 : 000;
8500 : 100;
8501 : 000;
8502 : 000;
8503 : 010;
8504 : 000;
8505 : 000;
8506 : 000;
8507 : 000;
8508 : 110;
8509 : 000;
8510 : 000;
8511 : 000;
8512 : 100;
8513 : 000;
8514 : 000;
8515 : 001;
8516 : 000;
8517 : 010;
8518 : 000;
8519 : 001;
8520 : 010;
8521 : 000;
8522 : 000;
8523 : 000;
8524 : 001;
8525 : 000;
8526 : 000;
8527 : 101;
8528 : 000;
8529 : 000;
8530 : 000;
8531 : 000;
8532 : 100;
8533 : 001;
8534 : 010;
8535 : 100;
8536 : 000;
8537 : 000;
8538 : 100;
8539 : 000;
8540 : 000;
8541 : 000;
8542 : 000;
8543 : 000;
8544 : 000;
8545 : 001;
8546 : 000;
8547 : 001;
8548 : 000;
8549 : 000;
8550 : 000;
8551 : 001;
8552 : 000;
8553 : 000;
8554 : 000;
8555 : 000;
8556 : 000;
8557 : 001;
8558 : 000;
8559 : 111;
8560 : 000;
8561 : 001;
8562 : 000;
8563 : 100;
8564 : 011;
8565 : 000;
8566 : 001;
8567 : 000;
8568 : 010;
8569 : 001;
8570 : 110;
8571 : 001;
8572 : 000;
8573 : 001;
8574 : 001;
8575 : 000;
8576 : 001;
8577 : 000;
8578 : 001;
8579 : 100;
8580 : 001;
8581 : 000;
8582 : 011;
8583 : 000;
8584 : 000;
8585 : 001;
8586 : 000;
8587 : 000;
8588 : 000;
8589 : 001;
8590 : 010;
8591 : 000;
8592 : 010;
8593 : 001;
8594 : 010;
8595 : 000;
8596 : 011;
8597 : 000;
8598 : 001;
8599 : 000;
8600 : 000;
8601 : 000;
8602 : 010;
8603 : 001;
8604 : 000;
8605 : 000;
8606 : 001;
8607 : 100;
8608 : 001;
8609 : 000;
8610 : 000;
8611 : 011;
8612 : 100;
8613 : 000;
8614 : 010;
8615 : 101;
8616 : 010;
8617 : 001;
8618 : 000;
8619 : 001;
8620 : 000;
8621 : 000;
8622 : 001;
8623 : 110;
8624 : 001;
8625 : 001;
8626 : 010;
8627 : 001;
8628 : 000;
8629 : 001;
8630 : 100;
8631 : 000;
8632 : 011;
8633 : 000;
8634 : 111;
8635 : 000;
8636 : 101;
8637 : 010;
8638 : 101;
8639 : 000;
8640 : 000;
8641 : 100;
8642 : 000;
8643 : 000;
8644 : 000;
8645 : 100;
8646 : 000;
8647 : 000;
8648 : 000;
8649 : 000;
8650 : 000;
8651 : 000;
8652 : 000;
8653 : 000;
8654 : 000;
8655 : 000;
8656 : 000;
8657 : 010;
8658 : 100;
8659 : 000;
8660 : 111;
8661 : 100;
8662 : 000;
8663 : 000;
8664 : 000;
8665 : 010;
8666 : 101;
8667 : 000;
8668 : 010;
8669 : 100;
8670 : 000;
8671 : 000;
8672 : 000;
8673 : 110;
8674 : 001;
8675 : 000;
8676 : 110;
8677 : 000;
8678 : 000;
8679 : 101;
8680 : 010;
8681 : 000;
8682 : 000;
8683 : 110;
8684 : 000;
8685 : 000;
8686 : 000;
8687 : 000;
8688 : 100;
8689 : 000;
8690 : 000;
8691 : 100;
8692 : 000;
8693 : 000;
8694 : 011;
8695 : 000;
8696 : 000;
8697 : 000;
8698 : 001;
8699 : 000;
8700 : 100;
8701 : 000;
8702 : 000;
8703 : 000;
8704 : 000;
8705 : 001;
8706 : 000;
8707 : 000;
8708 : 100;
8709 : 000;
8710 : 011;
8711 : 000;
8712 : 100;
8713 : 000;
8714 : 111;
8715 : 000;
8716 : 000;
8717 : 000;
8718 : 000;
8719 : 000;
8720 : 000;
8721 : 000;
8722 : 111;
8723 : 100;
8724 : 110;
8725 : 110;
8726 : 000;
8727 : 111;
8728 : 000;
8729 : 000;
8730 : 000;
8731 : 000;
8732 : 000;
8733 : 100;
8734 : 000;
8735 : 000;
8736 : 000;
8737 : 000;
8738 : 000;
8739 : 100;
8740 : 000;
8741 : 001;
8742 : 100;
8743 : 000;
8744 : 000;
8745 : 000;
8746 : 000;
8747 : 000;
8748 : 000;
8749 : 000;
8750 : 000;
8751 : 000;
8752 : 000;
8753 : 000;
8754 : 000;
8755 : 000;
8756 : 000;
8757 : 100;
8758 : 000;
8759 : 000;
8760 : 000;
8761 : 000;
8762 : 000;
8763 : 000;
8764 : 100;
8765 : 000;
8766 : 010;
8767 : 000;
8768 : 111;
8769 : 111;
8770 : 111;
8771 : 110;
8772 : 111;
8773 : 101;
8774 : 110;
8775 : 001;
8776 : 110;
8777 : 100;
8778 : 011;
8779 : 100;
8780 : 111;
8781 : 111;
8782 : 010;
8783 : 100;
8784 : 010;
8785 : 101;
8786 : 111;
8787 : 111;
8788 : 110;
8789 : 111;
8790 : 111;
8791 : 000;
8792 : 110;
8793 : 000;
8794 : 000;
8795 : 111;
8796 : 111;
8797 : 111;
8798 : 111;
8799 : 111;
8800 : 111;
8801 : 110;
8802 : 111;
8803 : 100;
8804 : 001;
8805 : 000;
8806 : 111;
8807 : 111;
8808 : 110;
8809 : 101;
8810 : 110;
8811 : 001;
8812 : 000;
8813 : 000;
8814 : 000;
8815 : 000;
8816 : 000;
8817 : 000;
8818 : 000;
8819 : 110;
8820 : 000;
8821 : 001;
8822 : 000;
8823 : 100;
8824 : 000;
8825 : 100;
8826 : 000;
8827 : 000;
8828 : 001;
8829 : 000;
8830 : 100;
8831 : 010;
8832 : 001;
8833 : 000;
8834 : 000;
8835 : 110;
8836 : 000;
8837 : 000;
8838 : 100;
8839 : 000;
8840 : 000;
8841 : 000;
8842 : 000;
8843 : 000;
8844 : 000;
8845 : 100;
8846 : 000;
8847 : 000;
8848 : 010;
8849 : 000;
8850 : 000;
8851 : 011;
8852 : 000;
8853 : 000;
8854 : 000;
8855 : 000;
8856 : 000;
8857 : 000;
8858 : 000;
8859 : 000;
8860 : 010;
8861 : 000;
8862 : 000;
8863 : 100;
8864 : 011;
8865 : 000;
8866 : 000;
8867 : 000;
8868 : 001;
8869 : 000;
8870 : 011;
8871 : 000;
8872 : 000;
8873 : 101;
8874 : 010;
8875 : 001;
8876 : 000;
8877 : 010;
8878 : 001;
8879 : 000;
8880 : 001;
8881 : 110;
8882 : 001;
8883 : 000;
8884 : 001;
8885 : 000;
8886 : 110;
8887 : 001;
8888 : 000;
8889 : 001;
8890 : 000;
8891 : 010;
8892 : 001;
8893 : 110;
8894 : 000;
8895 : 011;
8896 : 000;
8897 : 010;
8898 : 000;
8899 : 000;
8900 : 010;
8901 : 001;
8902 : 000;
8903 : 000;
8904 : 011;
8905 : 000;
8906 : 011;
8907 : 000;
8908 : 001;
8909 : 000;
8910 : 100;
8911 : 001;
8912 : 000;
8913 : 001;
8914 : 000;
8915 : 000;
8916 : 101;
8917 : 000;
8918 : 010;
8919 : 000;
8920 : 001;
8921 : 100;
8922 : 000;
8923 : 000;
8924 : 001;
8925 : 010;
8926 : 000;
8927 : 011;
8928 : 000;
8929 : 000;
8930 : 000;
8931 : 000;
8932 : 001;
8933 : 000;
8934 : 001;
8935 : 000;
8936 : 000;
8937 : 000;
8938 : 010;
8939 : 000;
8940 : 011;
8941 : 000;
8942 : 000;
8943 : 001;
8944 : 010;
8945 : 101;
8946 : 011;
8947 : 100;
8948 : 010;
8949 : 000;
8950 : 001;
8951 : 000;
8952 : 001;
8953 : 110;
8954 : 001;
8955 : 011;
8956 : 001;
8957 : 011;
8958 : 000;
8959 : 101;
8960 : 000;
8961 : 000;
8962 : 000;
8963 : 011;
8964 : 100;
8965 : 010;
8966 : 001;
8967 : 000;
8968 : 000;
8969 : 000;
8970 : 000;
8971 : 100;
8972 : 001;
8973 : 000;
8974 : 000;
8975 : 000;
8976 : 101;
8977 : 000;
8978 : 000;
8979 : 001;
8980 : 000;
8981 : 000;
8982 : 000;
8983 : 000;
8984 : 000;
8985 : 000;
8986 : 000;
8987 : 000;
8988 : 000;
8989 : 000;
8990 : 000;
8991 : 000;
8992 : 000;
8993 : 000;
8994 : 000;
8995 : 000;
8996 : 001;
8997 : 000;
8998 : 000;
8999 : 000;
9000 : 100;
9001 : 011;
9002 : 100;
9003 : 001;
9004 : 000;
9005 : 101;
9006 : 010;
9007 : 000;
9008 : 010;
9009 : 000;
9010 : 000;
9011 : 000;
9012 : 000;
9013 : 000;
9014 : 000;
9015 : 100;
9016 : 000;
9017 : 000;
9018 : 000;
9019 : 000;
9020 : 000;
9021 : 000;
9022 : 010;
9023 : 000;
9024 : 000;
9025 : 000;
9026 : 010;
9027 : 000;
9028 : 000;
9029 : 110;
9030 : 000;
9031 : 000;
9032 : 000;
9033 : 110;
9034 : 000;
9035 : 100;
9036 : 000;
9037 : 000;
9038 : 000;
9039 : 000;
9040 : 000;
9041 : 110;
9042 : 000;
9043 : 011;
9044 : 100;
9045 : 001;
9046 : 100;
9047 : 111;
9048 : 000;
9049 : 100;
9050 : 011;
9051 : 100;
9052 : 000;
9053 : 000;
9054 : 010;
9055 : 000;
9056 : 000;
9057 : 000;
9058 : 000;
9059 : 000;
9060 : 110;
9061 : 000;
9062 : 111;
9063 : 110;
9064 : 111;
9065 : 000;
9066 : 000;
9067 : 000;
9068 : 000;
9069 : 000;
9070 : 000;
9071 : 011;
9072 : 000;
9073 : 000;
9074 : 000;
9075 : 110;
9076 : 001;
9077 : 000;
9078 : 000;
9079 : 000;
9080 : 010;
9081 : 000;
9082 : 100;
9083 : 000;
9084 : 000;
9085 : 001;
9086 : 100;
9087 : 000;
9088 : 100;
9089 : 111;
9090 : 111;
9091 : 111;
9092 : 111;
9093 : 110;
9094 : 111;
9095 : 111;
9096 : 111;
9097 : 111;
9098 : 111;
9099 : 111;
9100 : 111;
9101 : 110;
9102 : 101;
9103 : 010;
9104 : 100;
9105 : 110;
9106 : 111;
9107 : 111;
9108 : 111;
9109 : 111;
9110 : 110;
9111 : 000;
9112 : 001;
9113 : 100;
9114 : 000;
9115 : 100;
9116 : 111;
9117 : 110;
9118 : 111;
9119 : 100;
9120 : 111;
9121 : 101;
9122 : 010;
9123 : 100;
9124 : 010;
9125 : 000;
9126 : 000;
9127 : 000;
9128 : 000;
9129 : 000;
9130 : 000;
9131 : 100;
9132 : 010;
9133 : 100;
9134 : 000;
9135 : 000;
9136 : 110;
9137 : 000;
9138 : 000;
9139 : 000;
9140 : 000;
9141 : 110;
9142 : 000;
9143 : 000;
9144 : 001;
9145 : 010;
9146 : 000;
9147 : 000;
9148 : 100;
9149 : 010;
9150 : 000;
9151 : 000;
9152 : 000;
9153 : 100;
9154 : 000;
9155 : 000;
9156 : 000;
9157 : 000;
9158 : 000;
9159 : 000;
9160 : 000;
9161 : 100;
9162 : 000;
9163 : 010;
9164 : 000;
9165 : 000;
9166 : 010;
9167 : 000;
9168 : 000;
9169 : 101;
9170 : 000;
9171 : 000;
9172 : 000;
9173 : 000;
9174 : 000;
9175 : 000;
9176 : 001;
9177 : 000;
9178 : 010;
9179 : 000;
9180 : 001;
9181 : 000;
9182 : 000;
9183 : 000;
9184 : 000;
9185 : 011;
9186 : 000;
9187 : 000;
9188 : 010;
9189 : 000;
9190 : 000;
9191 : 000;
9192 : 000;
9193 : 000;
9194 : 000;
9195 : 000;
9196 : 001;
9197 : 100;
9198 : 000;
9199 : 010;
9200 : 000;
9201 : 001;
9202 : 010;
9203 : 001;
9204 : 110;
9205 : 001;
9206 : 000;
9207 : 001;
9208 : 010;
9209 : 100;
9210 : 001;
9211 : 000;
9212 : 000;
9213 : 001;
9214 : 000;
9215 : 000;
9216 : 001;
9217 : 100;
9218 : 001;
9219 : 000;
9220 : 001;
9221 : 100;
9222 : 010;
9223 : 001;
9224 : 000;
9225 : 100;
9226 : 000;
9227 : 000;
9228 : 010;
9229 : 001;
9230 : 000;
9231 : 011;
9232 : 000;
9233 : 100;
9234 : 011;
9235 : 000;
9236 : 000;
9237 : 000;
9238 : 001;
9239 : 000;
9240 : 010;
9241 : 001;
9242 : 000;
9243 : 001;
9244 : 000;
9245 : 001;
9246 : 000;
9247 : 000;
9248 : 000;
9249 : 001;
9250 : 010;
9251 : 001;
9252 : 010;
9253 : 000;
9254 : 000;
9255 : 011;
9256 : 000;
9257 : 001;
9258 : 000;
9259 : 100;
9260 : 000;
9261 : 001;
9262 : 010;
9263 : 000;
9264 : 000;
9265 : 000;
9266 : 001;
9267 : 011;
9268 : 101;
9269 : 000;
9270 : 011;
9271 : 100;
9272 : 011;
9273 : 001;
9274 : 000;
9275 : 110;
9276 : 101;
9277 : 000;
9278 : 011;
9279 : 000;
9280 : 000;
9281 : 000;
9282 : 000;
9283 : 000;
9284 : 100;
9285 : 000;
9286 : 000;
9287 : 110;
9288 : 000;
9289 : 000;
9290 : 000;
9291 : 000;
9292 : 000;
9293 : 000;
9294 : 000;
9295 : 000;
9296 : 010;
9297 : 100;
9298 : 010;
9299 : 100;
9300 : 000;
9301 : 000;
9302 : 000;
9303 : 000;
9304 : 000;
9305 : 000;
9306 : 000;
9307 : 100;
9308 : 011;
9309 : 000;
9310 : 000;
9311 : 000;
9312 : 000;
9313 : 000;
9314 : 000;
9315 : 000;
9316 : 000;
9317 : 000;
9318 : 000;
9319 : 010;
9320 : 000;
9321 : 000;
9322 : 000;
9323 : 000;
9324 : 000;
9325 : 010;
9326 : 000;
9327 : 101;
9328 : 000;
9329 : 101;
9330 : 000;
9331 : 011;
9332 : 000;
9333 : 100;
9334 : 000;
9335 : 000;
9336 : 000;
9337 : 000;
9338 : 010;
9339 : 000;
9340 : 001;
9341 : 000;
9342 : 100;
9343 : 001;
9344 : 000;
9345 : 000;
9346 : 100;
9347 : 000;
9348 : 001;
9349 : 000;
9350 : 000;
9351 : 111;
9352 : 000;
9353 : 000;
9354 : 000;
9355 : 000;
9356 : 000;
9357 : 000;
9358 : 000;
9359 : 000;
9360 : 000;
9361 : 101;
9362 : 000;
9363 : 100;
9364 : 010;
9365 : 000;
9366 : 000;
9367 : 110;
9368 : 000;
9369 : 000;
9370 : 111;
9371 : 100;
9372 : 000;
9373 : 001;
9374 : 100;
9375 : 000;
9376 : 000;
9377 : 111;
9378 : 000;
9379 : 000;
9380 : 001;
9381 : 110;
9382 : 000;
9383 : 100;
9384 : 111;
9385 : 110;
9386 : 111;
9387 : 100;
9388 : 000;
9389 : 001;
9390 : 000;
9391 : 100;
9392 : 000;
9393 : 000;
9394 : 000;
9395 : 000;
9396 : 000;
9397 : 000;
9398 : 000;
9399 : 000;
9400 : 000;
9401 : 000;
9402 : 000;
9403 : 000;
9404 : 010;
9405 : 100;
9406 : 000;
9407 : 010;
9408 : 111;
9409 : 111;
9410 : 110;
9411 : 111;
9412 : 111;
9413 : 111;
9414 : 111;
9415 : 110;
9416 : 111;
9417 : 111;
9418 : 110;
9419 : 111;
9420 : 111;
9421 : 111;
9422 : 110;
9423 : 000;
9424 : 000;
9425 : 111;
9426 : 111;
9427 : 110;
9428 : 111;
9429 : 111;
9430 : 101;
9431 : 010;
9432 : 100;
9433 : 000;
9434 : 010;
9435 : 000;
9436 : 000;
9437 : 100;
9438 : 000;
9439 : 010;
9440 : 100;
9441 : 000;
9442 : 000;
9443 : 000;
9444 : 101;
9445 : 000;
9446 : 100;
9447 : 010;
9448 : 100;
9449 : 010;
9450 : 001;
9451 : 000;
9452 : 000;
9453 : 000;
9454 : 001;
9455 : 000;
9456 : 000;
9457 : 101;
9458 : 010;
9459 : 100;
9460 : 001;
9461 : 000;
9462 : 000;
9463 : 000;
9464 : 000;
9465 : 000;
9466 : 100;
9467 : 001;
9468 : 000;
9469 : 000;
9470 : 000;
9471 : 001;
9472 : 000;
9473 : 010;
9474 : 000;
9475 : 001;
9476 : 000;
9477 : 000;
9478 : 001;
9479 : 010;
9480 : 000;
9481 : 001;
9482 : 000;
9483 : 000;
9484 : 101;
9485 : 000;
9486 : 000;
9487 : 000;
9488 : 000;
9489 : 000;
9490 : 000;
9491 : 100;
9492 : 000;
9493 : 110;
9494 : 000;
9495 : 000;
9496 : 100;
9497 : 000;
9498 : 000;
9499 : 000;
9500 : 100;
9501 : 000;
9502 : 000;
9503 : 000;
9504 : 001;
9505 : 100;
9506 : 001;
9507 : 000;
9508 : 001;
9509 : 000;
9510 : 101;
9511 : 000;
9512 : 011;
9513 : 000;
9514 : 001;
9515 : 000;
9516 : 000;
9517 : 011;
9518 : 000;
9519 : 001;
9520 : 000;
9521 : 101;
9522 : 000;
9523 : 000;
9524 : 001;
9525 : 000;
9526 : 010;
9527 : 000;
9528 : 001;
9529 : 000;
9530 : 010;
9531 : 101;
9532 : 010;
9533 : 001;
9534 : 000;
9535 : 111;
9536 : 000;
9537 : 000;
9538 : 011;
9539 : 000;
9540 : 010;
9541 : 001;
9542 : 000;
9543 : 100;
9544 : 001;
9545 : 000;
9546 : 011;
9547 : 001;
9548 : 100;
9549 : 000;
9550 : 011;
9551 : 000;
9552 : 000;
9553 : 001;
9554 : 000;
9555 : 000;
9556 : 011;
9557 : 000;
9558 : 000;
9559 : 000;
9560 : 001;
9561 : 000;
9562 : 000;
9563 : 010;
9564 : 000;
9565 : 000;
9566 : 111;
9567 : 000;
9568 : 000;
9569 : 000;
9570 : 100;
9571 : 001;
9572 : 100;
9573 : 001;
9574 : 110;
9575 : 001;
9576 : 000;
9577 : 000;
9578 : 001;
9579 : 010;
9580 : 001;
9581 : 100;
9582 : 001;
9583 : 000;
9584 : 001;
9585 : 110;
9586 : 000;
9587 : 000;
9588 : 000;
9589 : 011;
9590 : 000;
9591 : 011;
9592 : 100;
9593 : 011;
9594 : 101;
9595 : 000;
9596 : 011;
9597 : 100;
9598 : 011;
9599 : 101;
9600 : 000;
9601 : 000;
9602 : 100;
9603 : 010;
9604 : 001;
9605 : 000;
9606 : 000;
9607 : 000;
9608 : 000;
9609 : 000;
9610 : 000;
9611 : 010;
9612 : 000;
9613 : 000;
9614 : 000;
9615 : 000;
9616 : 101;
9617 : 000;
9618 : 000;
9619 : 001;
9620 : 000;
9621 : 000;
9622 : 000;
9623 : 000;
9624 : 000;
9625 : 000;
9626 : 010;
9627 : 000;
9628 : 000;
9629 : 000;
9630 : 000;
9631 : 100;
9632 : 001;
9633 : 000;
9634 : 000;
9635 : 100;
9636 : 000;
9637 : 010;
9638 : 100;
9639 : 000;
9640 : 000;
9641 : 000;
9642 : 000;
9643 : 000;
9644 : 000;
9645 : 100;
9646 : 000;
9647 : 000;
9648 : 000;
9649 : 010;
9650 : 000;
9651 : 100;
9652 : 000;
9653 : 010;
9654 : 001;
9655 : 010;
9656 : 001;
9657 : 100;
9658 : 000;
9659 : 000;
9660 : 100;
9661 : 000;
9662 : 000;
9663 : 000;
9664 : 000;
9665 : 000;
9666 : 000;
9667 : 000;
9668 : 010;
9669 : 100;
9670 : 000;
9671 : 000;
9672 : 000;
9673 : 101;
9674 : 000;
9675 : 000;
9676 : 010;
9677 : 000;
9678 : 000;
9679 : 000;
9680 : 000;
9681 : 010;
9682 : 100;
9683 : 000;
9684 : 101;
9685 : 000;
9686 : 000;
9687 : 000;
9688 : 100;
9689 : 000;
9690 : 110;
9691 : 001;
9692 : 010;
9693 : 110;
9694 : 000;
9695 : 000;
9696 : 000;
9697 : 110;
9698 : 100;
9699 : 000;
9700 : 100;
9701 : 000;
9702 : 111;
9703 : 000;
9704 : 000;
9705 : 100;
9706 : 000;
9707 : 111;
9708 : 110;
9709 : 110;
9710 : 100;
9711 : 000;
9712 : 000;
9713 : 000;
9714 : 000;
9715 : 000;
9716 : 000;
9717 : 000;
9718 : 000;
9719 : 000;
9720 : 100;
9721 : 001;
9722 : 000;
9723 : 000;
9724 : 000;
9725 : 000;
9726 : 100;
9727 : 000;
9728 : 100;
9729 : 111;
9730 : 111;
9731 : 111;
9732 : 111;
9733 : 110;
9734 : 111;
9735 : 111;
9736 : 111;
9737 : 111;
9738 : 111;
9739 : 111;
9740 : 110;
9741 : 111;
9742 : 100;
9743 : 000;
9744 : 100;
9745 : 000;
9746 : 111;
9747 : 000;
9748 : 100;
9749 : 010;
9750 : 000;
9751 : 100;
9752 : 000;
9753 : 000;
9754 : 100;
9755 : 000;
9756 : 000;
9757 : 011;
9758 : 100;
9759 : 000;
9760 : 000;
9761 : 110;
9762 : 001;
9763 : 000;
9764 : 010;
9765 : 000;
9766 : 000;
9767 : 000;
9768 : 001;
9769 : 000;
9770 : 100;
9771 : 000;
9772 : 000;
9773 : 110;
9774 : 000;
9775 : 100;
9776 : 000;
9777 : 000;
9778 : 000;
9779 : 000;
9780 : 000;
9781 : 000;
9782 : 010;
9783 : 100;
9784 : 000;
9785 : 001;
9786 : 010;
9787 : 000;
9788 : 000;
9789 : 000;
9790 : 000;
9791 : 100;
9792 : 000;
9793 : 000;
9794 : 000;
9795 : 000;
9796 : 100;
9797 : 010;
9798 : 000;
9799 : 000;
9800 : 100;
9801 : 000;
9802 : 000;
9803 : 000;
9804 : 010;
9805 : 000;
9806 : 101;
9807 : 010;
9808 : 101;
9809 : 010;
9810 : 100;
9811 : 011;
9812 : 000;
9813 : 001;
9814 : 000;
9815 : 000;
9816 : 010;
9817 : 000;
9818 : 001;
9819 : 000;
9820 : 000;
9821 : 000;
9822 : 000;
9823 : 000;
9824 : 010;
9825 : 001;
9826 : 000;
9827 : 000;
9828 : 000;
9829 : 000;
9830 : 010;
9831 : 000;
9832 : 000;
9833 : 001;
9834 : 000;
9835 : 010;
9836 : 000;
9837 : 001;
9838 : 000;
9839 : 100;
9840 : 011;
9841 : 000;
9842 : 010;
9843 : 001;
9844 : 110;
9845 : 000;
9846 : 001;
9847 : 100;
9848 : 000;
9849 : 011;
9850 : 000;
9851 : 001;
9852 : 000;
9853 : 000;
9854 : 001;
9855 : 000;
9856 : 011;
9857 : 000;
9858 : 000;
9859 : 001;
9860 : 000;
9861 : 000;
9862 : 001;
9863 : 010;
9864 : 000;
9865 : 001;
9866 : 000;
9867 : 000;
9868 : 011;
9869 : 000;
9870 : 000;
9871 : 000;
9872 : 001;
9873 : 010;
9874 : 000;
9875 : 000;
9876 : 001;
9877 : 000;
9878 : 000;
9879 : 001;
9880 : 000;
9881 : 010;
9882 : 001;
9883 : 000;
9884 : 001;
9885 : 010;
9886 : 000;
9887 : 001;
9888 : 111;
9889 : 000;
9890 : 011;
9891 : 000;
9892 : 011;
9893 : 000;
9894 : 000;
9895 : 001;
9896 : 110;
9897 : 000;
9898 : 000;
9899 : 001;
9900 : 000;
9901 : 010;
9902 : 000;
9903 : 000;
9904 : 000;
9905 : 001;
9906 : 000;
9907 : 000;
9908 : 000;
9909 : 000;
9910 : 000;
9911 : 001;
9912 : 000;
9913 : 000;
9914 : 011;
9915 : 000;
9916 : 001;
9917 : 000;
9918 : 000;
9919 : 001;
9920 : 000;
9921 : 000;
9922 : 000;
9923 : 000;
9924 : 000;
9925 : 000;
9926 : 000;
9927 : 111;
9928 : 000;
9929 : 000;
9930 : 000;
9931 : 101;
9932 : 000;
9933 : 000;
9934 : 000;
9935 : 000;
9936 : 010;
9937 : 000;
9938 : 110;
9939 : 000;
9940 : 000;
9941 : 000;
9942 : 000;
9943 : 000;
9944 : 000;
9945 : 000;
9946 : 100;
9947 : 000;
9948 : 101;
9949 : 000;
9950 : 000;
9951 : 000;
9952 : 000;
9953 : 010;
9954 : 000;
9955 : 000;
9956 : 000;
9957 : 000;
9958 : 000;
9959 : 001;
9960 : 000;
9961 : 000;
9962 : 000;
9963 : 100;
9964 : 000;
9965 : 001;
9966 : 000;
9967 : 000;
9968 : 000;
9969 : 000;
9970 : 000;
9971 : 011;
9972 : 100;
9973 : 000;
9974 : 100;
9975 : 000;
9976 : 000;
9977 : 010;
9978 : 101;
9979 : 000;
9980 : 010;
9981 : 000;
9982 : 000;
9983 : 000;
9984 : 010;
9985 : 000;
9986 : 001;
9987 : 000;
9988 : 100;
9989 : 001;
9990 : 010;
9991 : 100;
9992 : 000;
9993 : 010;
9994 : 000;
9995 : 100;
9996 : 111;
9997 : 000;
9998 : 000;
9999 : 000;
10000 : 000;
10001 : 100;
10002 : 011;
10003 : 100;
10004 : 010;
10005 : 100;
10006 : 000;
10007 : 111;
10008 : 000;
10009 : 000;
10010 : 000;
10011 : 100;
10012 : 000;
10013 : 101;
10014 : 010;
10015 : 000;
10016 : 000;
10017 : 000;
10018 : 000;
10019 : 000;
10020 : 010;
10021 : 000;
10022 : 000;
10023 : 111;
10024 : 110;
10025 : 001;
10026 : 110;
10027 : 000;
10028 : 101;
10029 : 010;
10030 : 111;
10031 : 110;
10032 : 111;
10033 : 000;
10034 : 100;
10035 : 000;
10036 : 000;
10037 : 000;
10038 : 110;
10039 : 001;
10040 : 000;
10041 : 000;
10042 : 010;
10043 : 100;
10044 : 000;
10045 : 001;
10046 : 010;
10047 : 000;
10048 : 111;
10049 : 111;
10050 : 111;
10051 : 110;
10052 : 101;
10053 : 111;
10054 : 111;
10055 : 100;
10056 : 110;
10057 : 100;
10058 : 010;
10059 : 100;
10060 : 000;
10061 : 000;
10062 : 000;
10063 : 011;
10064 : 000;
10065 : 000;
10066 : 000;
10067 : 100;
10068 : 000;
10069 : 000;
10070 : 100;
10071 : 000;
10072 : 010;
10073 : 001;
10074 : 000;
10075 : 010;
10076 : 100;
10077 : 000;
10078 : 000;
10079 : 001;
10080 : 000;
10081 : 000;
10082 : 100;
10083 : 000;
10084 : 100;
10085 : 000;
10086 : 100;
10087 : 010;
10088 : 100;
10089 : 000;
10090 : 000;
10091 : 010;
10092 : 100;
10093 : 001;
10094 : 000;
10095 : 010;
10096 : 000;
10097 : 111;
10098 : 110;
10099 : 001;
10100 : 110;
10101 : 000;
10102 : 000;
10103 : 001;
10104 : 000;
10105 : 000;
10106 : 000;
10107 : 000;
10108 : 000;
10109 : 000;
10110 : 010;
10111 : 000;
10112 : 000;
10113 : 001;
10114 : 100;
10115 : 010;
10116 : 000;
10117 : 101;
10118 : 000;
10119 : 110;
10120 : 001;
10121 : 110;
10122 : 001;
10123 : 110;
10124 : 101;
10125 : 000;
10126 : 000;
10127 : 000;
10128 : 000;
10129 : 000;
10130 : 000;
10131 : 000;
10132 : 000;
10133 : 000;
10134 : 000;
10135 : 000;
10136 : 001;
10137 : 000;
10138 : 000;
10139 : 000;
10140 : 000;
10141 : 000;
10142 : 000;
10143 : 100;
10144 : 001;
10145 : 010;
10146 : 000;
10147 : 001;
10148 : 010;
10149 : 001;
10150 : 001;
10151 : 000;
10152 : 001;
10153 : 010;
10154 : 000;
10155 : 001;
10156 : 000;
10157 : 000;
10158 : 011;
10159 : 000;
10160 : 000;
10161 : 001;
10162 : 000;
10163 : 001;
10164 : 000;
10165 : 001;
10166 : 010;
10167 : 001;
10168 : 000;
10169 : 001;
10170 : 000;
10171 : 110;
10172 : 001;
10173 : 010;
10174 : 000;
10175 : 000;
10176 : 000;
10177 : 001;
10178 : 100;
10179 : 010;
10180 : 001;
10181 : 000;
10182 : 000;
10183 : 001;
10184 : 000;
10185 : 010;
10186 : 000;
10187 : 000;
10188 : 000;
10189 : 001;
10190 : 000;
10191 : 001;
10192 : 100;
10193 : 000;
10194 : 001;
10195 : 000;
10196 : 000;
10197 : 000;
10198 : 011;
10199 : 000;
10200 : 000;
10201 : 001;
10202 : 000;
10203 : 000;
10204 : 101;
10205 : 000;
10206 : 001;
10207 : 000;
10208 : 000;
10209 : 011;
10210 : 000;
10211 : 000;
10212 : 000;
10213 : 000;
10214 : 011;
10215 : 000;
10216 : 001;
10217 : 000;
10218 : 000;
10219 : 010;
10220 : 001;
10221 : 000;
10222 : 001;
10223 : 000;
10224 : 010;
10225 : 000;
10226 : 000;
10227 : 001;
10228 : 000;
10229 : 001;
10230 : 100;
10231 : 010;
10232 : 001;
10233 : 000;
10234 : 000;
10235 : 001;
10236 : 010;
10237 : 001;
10238 : 000;
10239 : 000;
10240 : 000;
10241 : 000;
10242 : 000;
10243 : 100;
10244 : 010;
10245 : 000;
10246 : 000;
10247 : 000;
10248 : 000;
10249 : 000;
10250 : 000;
10251 : 000;
10252 : 000;
10253 : 000;
10254 : 000;
10255 : 000;
10256 : 101;
10257 : 000;
10258 : 000;
10259 : 101;
10260 : 000;
10261 : 000;
10262 : 000;
10263 : 000;
10264 : 000;
10265 : 000;
10266 : 001;
10267 : 000;
10268 : 000;
10269 : 000;
10270 : 000;
10271 : 010;
10272 : 000;
10273 : 000;
10274 : 000;
10275 : 000;
10276 : 001;
10277 : 000;
10278 : 000;
10279 : 000;
10280 : 000;
10281 : 000;
10282 : 000;
10283 : 011;
10284 : 000;
10285 : 000;
10286 : 010;
10287 : 000;
10288 : 100;
10289 : 000;
10290 : 000;
10291 : 000;
10292 : 000;
10293 : 000;
10294 : 001;
10295 : 000;
10296 : 100;
10297 : 000;
10298 : 000;
10299 : 000;
10300 : 101;
10301 : 010;
10302 : 001;
10303 : 100;
10304 : 000;
10305 : 100;
10306 : 000;
10307 : 000;
10308 : 000;
10309 : 110;
10310 : 000;
10311 : 001;
10312 : 000;
10313 : 000;
10314 : 000;
10315 : 000;
10316 : 000;
10317 : 000;
10318 : 000;
10319 : 000;
10320 : 000;
10321 : 000;
10322 : 100;
10323 : 011;
10324 : 100;
10325 : 011;
10326 : 000;
10327 : 110;
10328 : 000;
10329 : 000;
10330 : 000;
10331 : 010;
10332 : 000;
10333 : 000;
10334 : 000;
10335 : 100;
10336 : 000;
10337 : 000;
10338 : 000;
10339 : 000;
10340 : 101;
10341 : 110;
10342 : 000;
10343 : 111;
10344 : 100;
10345 : 110;
10346 : 101;
10347 : 010;
10348 : 100;
10349 : 000;
10350 : 100;
10351 : 001;
10352 : 110;
10353 : 111;
10354 : 111;
10355 : 110;
10356 : 001;
10357 : 000;
10358 : 000;
10359 : 000;
10360 : 000;
10361 : 000;
10362 : 000;
10363 : 000;
10364 : 000;
10365 : 000;
10366 : 100;
10367 : 000;
10368 : 100;
10369 : 010;
10370 : 100;
10371 : 001;
10372 : 110;
10373 : 000;
10374 : 000;
10375 : 000;
10376 : 000;
10377 : 001;
10378 : 100;
10379 : 000;
10380 : 111;
10381 : 000;
10382 : 100;
10383 : 000;
10384 : 100;
10385 : 000;
10386 : 010;
10387 : 000;
10388 : 001;
10389 : 110;
10390 : 000;
10391 : 000;
10392 : 000;
10393 : 100;
10394 : 000;
10395 : 000;
10396 : 001;
10397 : 000;
10398 : 110;
10399 : 000;
10400 : 100;
10401 : 010;
10402 : 000;
10403 : 010;
10404 : 000;
10405 : 111;
10406 : 000;
10407 : 000;
10408 : 000;
10409 : 000;
10410 : 000;
10411 : 101;
10412 : 111;
10413 : 000;
10414 : 000;
10415 : 100;
10416 : 111;
10417 : 100;
10418 : 011;
10419 : 100;
10420 : 000;
10421 : 000;
10422 : 000;
10423 : 100;
10424 : 010;
10425 : 000;
10426 : 100;
10427 : 010;
10428 : 101;
10429 : 000;
10430 : 101;
10431 : 110;
10432 : 001;
10433 : 110;
10434 : 000;
10435 : 101;
10436 : 010;
10437 : 000;
10438 : 000;
10439 : 000;
10440 : 000;
10441 : 000;
10442 : 000;
10443 : 000;
10444 : 000;
10445 : 000;
10446 : 000;
10447 : 000;
10448 : 100;
10449 : 000;
10450 : 000;
10451 : 000;
10452 : 000;
10453 : 100;
10454 : 010;
10455 : 000;
10456 : 100;
10457 : 000;
10458 : 000;
10459 : 100;
10460 : 010;
10461 : 000;
10462 : 000;
10463 : 000;
10464 : 000;
10465 : 001;
10466 : 000;
10467 : 000;
10468 : 000;
10469 : 000;
10470 : 000;
10471 : 010;
10472 : 000;
10473 : 001;
10474 : 000;
10475 : 000;
10476 : 000;
10477 : 101;
10478 : 000;
10479 : 001;
10480 : 010;
10481 : 101;
10482 : 010;
10483 : 000;
10484 : 111;
10485 : 000;
10486 : 000;
10487 : 001;
10488 : 010;
10489 : 100;
10490 : 001;
10491 : 000;
10492 : 000;
10493 : 001;
10494 : 000;
10495 : 111;
10496 : 000;
10497 : 000;
10498 : 001;
10499 : 000;
10500 : 000;
10501 : 011;
10502 : 000;
10503 : 000;
10504 : 001;
10505 : 000;
10506 : 001;
10507 : 000;
10508 : 001;
10509 : 000;
10510 : 110;
10511 : 000;
10512 : 000;
10513 : 011;
10514 : 000;
10515 : 000;
10516 : 011;
10517 : 000;
10518 : 000;
10519 : 000;
10520 : 001;
10521 : 110;
10522 : 000;
10523 : 000;
10524 : 011;
10525 : 000;
10526 : 010;
10527 : 001;
10528 : 100;
10529 : 000;
10530 : 000;
10531 : 001;
10532 : 000;
10533 : 000;
10534 : 101;
10535 : 000;
10536 : 010;
10537 : 001;
10538 : 000;
10539 : 101;
10540 : 000;
10541 : 000;
10542 : 110;
10543 : 001;
10544 : 000;
10545 : 001;
10546 : 000;
10547 : 010;
10548 : 000;
10549 : 000;
10550 : 001;
10551 : 000;
10552 : 000;
10553 : 111;
10554 : 000;
10555 : 000;
10556 : 100;
10557 : 011;
10558 : 000;
10559 : 000;
10560 : 000;
10561 : 111;
10562 : 000;
10563 : 000;
10564 : 001;
10565 : 100;
10566 : 000;
10567 : 100;
10568 : 000;
10569 : 000;
10570 : 000;
10571 : 100;
10572 : 010;
10573 : 000;
10574 : 001;
10575 : 000;
10576 : 010;
10577 : 100;
10578 : 000;
10579 : 010;
10580 : 000;
10581 : 000;
10582 : 000;
10583 : 000;
10584 : 000;
10585 : 000;
10586 : 010;
10587 : 000;
10588 : 010;
10589 : 000;
10590 : 000;
10591 : 000;
10592 : 100;
10593 : 001;
10594 : 100;
10595 : 000;
10596 : 000;
10597 : 110;
10598 : 000;
10599 : 000;
10600 : 000;
10601 : 100;
10602 : 000;
10603 : 000;
10604 : 000;
10605 : 000;
10606 : 000;
10607 : 000;
10608 : 000;
10609 : 000;
10610 : 000;
10611 : 000;
10612 : 000;
10613 : 000;
10614 : 000;
10615 : 010;
10616 : 000;
10617 : 001;
10618 : 110;
10619 : 000;
10620 : 000;
10621 : 100;
10622 : 010;
10623 : 000;
10624 : 001;
10625 : 000;
10626 : 010;
10627 : 000;
10628 : 000;
10629 : 001;
10630 : 000;
10631 : 100;
10632 : 000;
10633 : 000;
10634 : 000;
10635 : 000;
10636 : 000;
10637 : 000;
10638 : 000;
10639 : 000;
10640 : 000;
10641 : 111;
10642 : 000;
10643 : 100;
10644 : 010;
10645 : 100;
10646 : 000;
10647 : 111;
10648 : 000;
10649 : 100;
10650 : 111;
10651 : 000;
10652 : 000;
10653 : 000;
10654 : 000;
10655 : 000;
10656 : 000;
10657 : 000;
10658 : 000;
10659 : 000;
10660 : 010;
10661 : 101;
10662 : 100;
10663 : 000;
10664 : 000;
10665 : 111;
10666 : 000;
10667 : 110;
10668 : 101;
10669 : 111;
10670 : 110;
10671 : 110;
10672 : 101;
10673 : 000;
10674 : 110;
10675 : 101;
10676 : 110;
10677 : 110;
10678 : 101;
10679 : 000;
10680 : 000;
10681 : 000;
10682 : 000;
10683 : 000;
10684 : 000;
10685 : 000;
10686 : 000;
10687 : 010;
10688 : 000;
10689 : 000;
10690 : 000;
10691 : 100;
10692 : 000;
10693 : 000;
10694 : 110;
10695 : 000;
10696 : 110;
10697 : 000;
10698 : 000;
10699 : 000;
10700 : 000;
10701 : 000;
10702 : 010;
10703 : 000;
10704 : 000;
10705 : 100;
10706 : 001;
10707 : 100;
10708 : 000;
10709 : 000;
10710 : 000;
10711 : 001;
10712 : 000;
10713 : 010;
10714 : 000;
10715 : 100;
10716 : 000;
10717 : 000;
10718 : 000;
10719 : 000;
10720 : 111;
10721 : 000;
10722 : 000;
10723 : 101;
10724 : 110;
10725 : 111;
10726 : 111;
10727 : 000;
10728 : 100;
10729 : 011;
10730 : 100;
10731 : 110;
10732 : 111;
10733 : 010;
10734 : 000;
10735 : 000;
10736 : 111;
10737 : 110;
10738 : 101;
10739 : 010;
10740 : 000;
10741 : 100;
10742 : 000;
10743 : 000;
10744 : 000;
10745 : 111;
10746 : 000;
10747 : 100;
10748 : 010;
10749 : 100;
10750 : 000;
10751 : 000;
10752 : 000;
10753 : 000;
10754 : 000;
10755 : 000;
10756 : 000;
10757 : 000;
10758 : 100;
10759 : 000;
10760 : 000;
10761 : 000;
10762 : 000;
10763 : 000;
10764 : 000;
10765 : 010;
10766 : 100;
10767 : 000;
10768 : 011;
10769 : 000;
10770 : 000;
10771 : 001;
10772 : 010;
10773 : 000;
10774 : 000;
10775 : 000;
10776 : 000;
10777 : 000;
10778 : 010;
10779 : 000;
10780 : 001;
10781 : 000;
10782 : 000;
10783 : 000;
10784 : 011;
10785 : 100;
10786 : 010;
10787 : 001;
10788 : 000;
10789 : 000;
10790 : 001;
10791 : 000;
10792 : 000;
10793 : 100;
10794 : 001;
10795 : 000;
10796 : 000;
10797 : 010;
10798 : 001;
10799 : 000;
10800 : 000;
10801 : 000;
10802 : 001;
10803 : 000;
10804 : 000;
10805 : 000;
10806 : 001;
10807 : 000;
10808 : 000;
10809 : 001;
10810 : 000;
10811 : 010;
10812 : 001;
10813 : 000;
10814 : 000;
10815 : 000;
10816 : 001;
10817 : 010;
10818 : 000;
10819 : 001;
10820 : 000;
10821 : 100;
10822 : 001;
10823 : 010;
10824 : 000;
10825 : 100;
10826 : 010;
10827 : 000;
10828 : 000;
10829 : 000;
10830 : 001;
10831 : 000;
10832 : 001;
10833 : 000;
10834 : 000;
10835 : 000;
10836 : 101;
10837 : 000;
10838 : 000;
10839 : 001;
10840 : 000;
10841 : 000;
10842 : 001;
10843 : 000;
10844 : 000;
10845 : 001;
10846 : 000;
10847 : 000;
10848 : 001;
10849 : 010;
10850 : 001;
10851 : 000;
10852 : 000;
10853 : 011;
10854 : 000;
10855 : 000;
10856 : 000;
10857 : 000;
10858 : 000;
10859 : 000;
10860 : 011;
10861 : 000;
10862 : 000;
10863 : 000;
10864 : 000;
10865 : 100;
10866 : 000;
10867 : 001;
10868 : 000;
10869 : 011;
10870 : 000;
10871 : 000;
10872 : 001;
10873 : 000;
10874 : 000;
10875 : 011;
10876 : 000;
10877 : 001;
10878 : 100;
10879 : 001;
10880 : 000;
10881 : 000;
10882 : 000;
10883 : 000;
10884 : 000;
10885 : 010;
10886 : 000;
10887 : 000;
10888 : 000;
10889 : 000;
10890 : 000;
10891 : 001;
10892 : 000;
10893 : 000;
10894 : 000;
10895 : 100;
10896 : 000;
10897 : 001;
10898 : 000;
10899 : 100;
10900 : 000;
10901 : 000;
10902 : 000;
10903 : 000;
10904 : 000;
10905 : 000;
10906 : 100;
10907 : 000;
10908 : 100;
10909 : 000;
10910 : 000;
10911 : 000;
10912 : 001;
10913 : 110;
10914 : 000;
10915 : 000;
10916 : 000;
10917 : 001;
10918 : 000;
10919 : 100;
10920 : 011;
10921 : 000;
10922 : 000;
10923 : 000;
10924 : 000;
10925 : 000;
10926 : 100;
10927 : 000;
10928 : 001;
10929 : 000;
10930 : 000;
10931 : 100;
10932 : 001;
10933 : 010;
10934 : 000;
10935 : 000;
10936 : 000;
10937 : 000;
10938 : 000;
10939 : 000;
10940 : 000;
10941 : 001;
10942 : 000;
10943 : 100;
10944 : 010;
10945 : 000;
10946 : 000;
10947 : 000;
10948 : 100;
10949 : 010;
10950 : 000;
10951 : 110;
10952 : 000;
10953 : 000;
10954 : 000;
10955 : 000;
10956 : 000;
10957 : 100;
10958 : 000;
10959 : 000;
10960 : 000;
10961 : 000;
10962 : 000;
10963 : 111;
10964 : 000;
10965 : 000;
10966 : 000;
10967 : 000;
10968 : 100;
10969 : 010;
10970 : 101;
10971 : 000;
10972 : 100;
10973 : 000;
10974 : 101;
10975 : 000;
10976 : 000;
10977 : 000;
10978 : 000;
10979 : 000;
10980 : 101;
10981 : 010;
10982 : 100;
10983 : 010;
10984 : 000;
10985 : 000;
10986 : 100;
10987 : 000;
10988 : 110;
10989 : 000;
10990 : 111;
10991 : 111;
10992 : 110;
10993 : 000;
10994 : 000;
10995 : 000;
10996 : 000;
10997 : 111;
10998 : 000;
10999 : 000;
11000 : 000;
11001 : 000;
11002 : 100;
11003 : 000;
11004 : 010;
11005 : 101;
11006 : 000;
11007 : 000;
11008 : 101;
11009 : 000;
11010 : 000;
11011 : 010;
11012 : 000;
11013 : 000;
11014 : 000;
11015 : 001;
11016 : 000;
11017 : 100;
11018 : 010;
11019 : 000;
11020 : 100;
11021 : 000;
11022 : 100;
11023 : 001;
11024 : 000;
11025 : 010;
11026 : 000;
11027 : 000;
11028 : 010;
11029 : 000;
11030 : 100;
11031 : 010;
11032 : 100;
11033 : 000;
11034 : 000;
11035 : 000;
11036 : 010;
11037 : 100;
11038 : 011;
11039 : 110;
11040 : 111;
11041 : 000;
11042 : 100;
11043 : 011;
11044 : 111;
11045 : 000;
11046 : 110;
11047 : 111;
11048 : 000;
11049 : 000;
11050 : 111;
11051 : 000;
11052 : 111;
11053 : 100;
11054 : 000;
11055 : 111;
11056 : 111;
11057 : 000;
11058 : 010;
11059 : 111;
11060 : 000;
11061 : 001;
11062 : 010;
11063 : 000;
11064 : 000;
11065 : 000;
11066 : 000;
11067 : 000;
11068 : 000;
11069 : 000;
11070 : 000;
11071 : 010;
11072 : 000;
11073 : 000;
11074 : 010;
11075 : 000;
11076 : 000;
11077 : 000;
11078 : 001;
11079 : 010;
11080 : 000;
11081 : 100;
11082 : 010;
11083 : 000;
11084 : 000;
11085 : 000;
11086 : 001;
11087 : 000;
11088 : 000;
11089 : 000;
11090 : 000;
11091 : 100;
11092 : 000;
11093 : 000;
11094 : 001;
11095 : 000;
11096 : 000;
11097 : 001;
11098 : 000;
11099 : 000;
11100 : 000;
11101 : 000;
11102 : 000;
11103 : 000;
11104 : 000;
11105 : 001;
11106 : 000;
11107 : 000;
11108 : 000;
11109 : 011;
11110 : 000;
11111 : 001;
11112 : 000;
11113 : 011;
11114 : 000;
11115 : 000;
11116 : 001;
11117 : 000;
11118 : 000;
11119 : 011;
11120 : 000;
11121 : 001;
11122 : 010;
11123 : 001;
11124 : 000;
11125 : 001;
11126 : 010;
11127 : 000;
11128 : 001;
11129 : 010;
11130 : 000;
11131 : 001;
11132 : 000;
11133 : 010;
11134 : 001;
11135 : 000;
11136 : 000;
11137 : 001;
11138 : 000;
11139 : 010;
11140 : 001;
11141 : 000;
11142 : 000;
11143 : 000;
11144 : 001;
11145 : 000;
11146 : 001;
11147 : 000;
11148 : 011;
11149 : 000;
11150 : 000;
11151 : 011;
11152 : 000;
11153 : 000;
11154 : 011;
11155 : 000;
11156 : 000;
11157 : 001;
11158 : 010;
11159 : 000;
11160 : 000;
11161 : 011;
11162 : 000;
11163 : 000;
11164 : 011;
11165 : 000;
11166 : 100;
11167 : 010;
11168 : 001;
11169 : 000;
11170 : 110;
11171 : 000;
11172 : 000;
11173 : 000;
11174 : 000;
11175 : 001;
11176 : 000;
11177 : 101;
11178 : 010;
11179 : 001;
11180 : 000;
11181 : 000;
11182 : 001;
11183 : 000;
11184 : 001;
11185 : 010;
11186 : 001;
11187 : 000;
11188 : 100;
11189 : 000;
11190 : 000;
11191 : 010;
11192 : 000;
11193 : 001;
11194 : 000;
11195 : 001;
11196 : 100;
11197 : 011;
11198 : 000;
11199 : 000;
11200 : 000;
11201 : 000;
11202 : 000;
11203 : 000;
11204 : 111;
11205 : 100;
11206 : 000;
11207 : 011;
11208 : 000;
11209 : 000;
11210 : 000;
11211 : 010;
11212 : 100;
11213 : 000;
11214 : 000;
11215 : 000;
11216 : 010;
11217 : 100;
11218 : 010;
11219 : 000;
11220 : 000;
11221 : 000;
11222 : 000;
11223 : 000;
11224 : 000;
11225 : 000;
11226 : 000;
11227 : 000;
11228 : 001;
11229 : 000;
11230 : 000;
11231 : 000;
11232 : 000;
11233 : 000;
11234 : 000;
11235 : 000;
11236 : 010;
11237 : 100;
11238 : 010;
11239 : 000;
11240 : 100;
11241 : 000;
11242 : 011;
11243 : 100;
11244 : 000;
11245 : 011;
11246 : 000;
11247 : 000;
11248 : 000;
11249 : 010;
11250 : 000;
11251 : 000;
11252 : 000;
11253 : 000;
11254 : 100;
11255 : 000;
11256 : 000;
11257 : 000;
11258 : 000;
11259 : 000;
11260 : 000;
11261 : 000;
11262 : 000;
11263 : 000;
11264 : 001;
11265 : 100;
11266 : 000;
11267 : 000;
11268 : 001;
11269 : 000;
11270 : 000;
11271 : 101;
11272 : 010;
11273 : 000;
11274 : 000;
11275 : 000;
11276 : 000;
11277 : 000;
11278 : 000;
11279 : 000;
11280 : 000;
11281 : 111;
11282 : 000;
11283 : 000;
11284 : 100;
11285 : 000;
11286 : 000;
11287 : 000;
11288 : 000;
11289 : 000;
11290 : 000;
11291 : 110;
11292 : 000;
11293 : 111;
11294 : 010;
11295 : 000;
11296 : 000;
11297 : 000;
11298 : 000;
11299 : 000;
11300 : 110;
11301 : 100;
11302 : 111;
11303 : 111;
11304 : 000;
11305 : 000;
11306 : 000;
11307 : 000;
11308 : 000;
11309 : 000;
11310 : 100;
11311 : 110;
11312 : 001;
11313 : 000;
11314 : 100;
11315 : 000;
11316 : 110;
11317 : 100;
11318 : 110;
11319 : 000;
11320 : 000;
11321 : 010;
11322 : 000;
11323 : 000;
11324 : 000;
11325 : 000;
11326 : 000;
11327 : 000;
11328 : 000;
11329 : 000;
11330 : 100;
11331 : 000;
11332 : 000;
11333 : 101;
11334 : 000;
11335 : 100;
11336 : 000;
11337 : 000;
11338 : 000;
11339 : 001;
11340 : 010;
11341 : 000;
11342 : 000;
11343 : 000;
11344 : 100;
11345 : 000;
11346 : 000;
11347 : 000;
11348 : 100;
11349 : 000;
11350 : 000;
11351 : 000;
11352 : 000;
11353 : 000;
11354 : 001;
11355 : 100;
11356 : 000;
11357 : 000;
11358 : 000;
11359 : 100;
11360 : 111;
11361 : 000;
11362 : 000;
11363 : 110;
11364 : 101;
11365 : 010;
11366 : 101;
11367 : 111;
11368 : 000;
11369 : 110;
11370 : 111;
11371 : 110;
11372 : 111;
11373 : 111;
11374 : 000;
11375 : 000;
11376 : 111;
11377 : 100;
11378 : 001;
11379 : 111;
11380 : 000;
11381 : 000;
11382 : 100;
11383 : 000;
11384 : 000;
11385 : 000;
11386 : 001;
11387 : 000;
11388 : 000;
11389 : 001;
11390 : 000;
11391 : 000;
11392 : 101;
11393 : 000;
11394 : 000;
11395 : 100;
11396 : 001;
11397 : 000;
11398 : 000;
11399 : 000;
11400 : 000;
11401 : 001;
11402 : 000;
11403 : 000;
11404 : 101;
11405 : 000;
11406 : 000;
11407 : 000;
11408 : 000;
11409 : 000;
11410 : 000;
11411 : 000;
11412 : 000;
11413 : 000;
11414 : 100;
11415 : 000;
11416 : 000;
11417 : 100;
11418 : 000;
11419 : 000;
11420 : 000;
11421 : 000;
11422 : 000;
11423 : 100;
11424 : 001;
11425 : 010;
11426 : 000;
11427 : 001;
11428 : 000;
11429 : 000;
11430 : 100;
11431 : 000;
11432 : 000;
11433 : 000;
11434 : 000;
11435 : 000;
11436 : 010;
11437 : 001;
11438 : 000;
11439 : 100;
11440 : 001;
11441 : 000;
11442 : 000;
11443 : 000;
11444 : 111;
11445 : 000;
11446 : 000;
11447 : 001;
11448 : 100;
11449 : 000;
11450 : 000;
11451 : 000;
11452 : 001;
11453 : 000;
11454 : 000;
11455 : 001;
11456 : 010;
11457 : 000;
11458 : 001;
11459 : 000;
11460 : 000;
11461 : 010;
11462 : 001;
11463 : 000;
11464 : 010;
11465 : 001;
11466 : 000;
11467 : 000;
11468 : 101;
11469 : 000;
11470 : 000;
11471 : 000;
11472 : 001;
11473 : 010;
11474 : 100;
11475 : 001;
11476 : 010;
11477 : 000;
11478 : 000;
11479 : 001;
11480 : 000;
11481 : 000;
11482 : 001;
11483 : 000;
11484 : 100;
11485 : 001;
11486 : 000;
11487 : 001;
11488 : 000;
11489 : 001;
11490 : 011;
11491 : 101;
11492 : 011;
11493 : 100;
11494 : 000;
11495 : 000;
11496 : 010;
11497 : 000;
11498 : 000;
11499 : 000;
11500 : 101;
11501 : 010;
11502 : 000;
11503 : 001;
11504 : 000;
11505 : 000;
11506 : 000;
11507 : 010;
11508 : 001;
11509 : 000;
11510 : 001;
11511 : 000;
11512 : 101;
11513 : 010;
11514 : 000;
11515 : 010;
11516 : 001;
11517 : 000;
11518 : 001;
11519 : 000;
11520 : 000;
11521 : 000;
11522 : 000;
11523 : 000;
11524 : 000;
11525 : 000;
11526 : 000;
11527 : 100;
11528 : 000;
11529 : 000;
11530 : 000;
11531 : 000;
11532 : 000;
11533 : 000;
11534 : 000;
11535 : 000;
11536 : 001;
11537 : 000;
11538 : 100;
11539 : 001;
11540 : 000;
11541 : 000;
11542 : 000;
11543 : 000;
11544 : 000;
11545 : 000;
11546 : 011;
11547 : 000;
11548 : 100;
11549 : 000;
11550 : 000;
11551 : 000;
11552 : 000;
11553 : 000;
11554 : 010;
11555 : 000;
11556 : 001;
11557 : 100;
11558 : 001;
11559 : 000;
11560 : 011;
11561 : 000;
11562 : 000;
11563 : 000;
11564 : 110;
11565 : 000;
11566 : 000;
11567 : 100;
11568 : 000;
11569 : 000;
11570 : 101;
11571 : 010;
11572 : 000;
11573 : 000;
11574 : 000;
11575 : 000;
11576 : 000;
11577 : 101;
11578 : 000;
11579 : 010;
11580 : 000;
11581 : 100;
11582 : 010;
11583 : 000;
11584 : 000;
11585 : 000;
11586 : 000;
11587 : 000;
11588 : 110;
11589 : 000;
11590 : 000;
11591 : 000;
11592 : 000;
11593 : 101;
11594 : 000;
11595 : 000;
11596 : 000;
11597 : 000;
11598 : 000;
11599 : 000;
11600 : 000;
11601 : 000;
11602 : 100;
11603 : 010;
11604 : 001;
11605 : 110;
11606 : 000;
11607 : 111;
11608 : 000;
11609 : 000;
11610 : 000;
11611 : 000;
11612 : 111;
11613 : 000;
11614 : 000;
11615 : 000;
11616 : 000;
11617 : 000;
11618 : 000;
11619 : 000;
11620 : 111;
11621 : 110;
11622 : 000;
11623 : 100;
11624 : 000;
11625 : 110;
11626 : 111;
11627 : 000;
11628 : 100;
11629 : 000;
11630 : 000;
11631 : 100;
11632 : 110;
11633 : 000;
11634 : 010;
11635 : 000;
11636 : 001;
11637 : 110;
11638 : 001;
11639 : 000;
11640 : 000;
11641 : 000;
11642 : 000;
11643 : 000;
11644 : 000;
11645 : 000;
11646 : 100;
11647 : 000;
11648 : 010;
11649 : 000;
11650 : 000;
11651 : 001;
11652 : 000;
11653 : 010;
11654 : 000;
11655 : 000;
11656 : 010;
11657 : 000;
11658 : 100;
11659 : 000;
11660 : 000;
11661 : 100;
11662 : 000;
11663 : 000;
11664 : 000;
11665 : 000;
11666 : 000;
11667 : 000;
11668 : 001;
11669 : 010;
11670 : 100;
11671 : 001;
11672 : 110;
11673 : 000;
11674 : 000;
11675 : 000;
11676 : 000;
11677 : 001;
11678 : 000;
11679 : 010;
11680 : 111;
11681 : 100;
11682 : 000;
11683 : 000;
11684 : 110;
11685 : 100;
11686 : 111;
11687 : 010;
11688 : 000;
11689 : 101;
11690 : 010;
11691 : 101;
11692 : 110;
11693 : 000;
11694 : 000;
11695 : 000;
11696 : 110;
11697 : 111;
11698 : 110;
11699 : 000;
11700 : 100;
11701 : 000;
11702 : 000;
11703 : 001;
11704 : 000;
11705 : 110;
11706 : 000;
11707 : 000;
11708 : 000;
11709 : 010;
11710 : 100;
11711 : 000;
11712 : 000;
11713 : 000;
11714 : 000;
11715 : 000;
11716 : 000;
11717 : 010;
11718 : 100;
11719 : 000;
11720 : 000;
11721 : 000;
11722 : 000;
11723 : 000;
11724 : 000;
11725 : 000;
11726 : 000;
11727 : 010;
11728 : 100;
11729 : 000;
11730 : 010;
11731 : 001;
11732 : 000;
11733 : 000;
11734 : 010;
11735 : 000;
11736 : 000;
11737 : 010;
11738 : 000;
11739 : 000;
11740 : 100;
11741 : 000;
11742 : 000;
11743 : 010;
11744 : 000;
11745 : 001;
11746 : 000;
11747 : 000;
11748 : 000;
11749 : 001;
11750 : 010;
11751 : 001;
11752 : 000;
11753 : 001;
11754 : 010;
11755 : 001;
11756 : 000;
11757 : 000;
11758 : 001;
11759 : 010;
11760 : 000;
11761 : 000;
11762 : 011;
11763 : 000;
11764 : 000;
11765 : 001;
11766 : 010;
11767 : 000;
11768 : 000;
11769 : 011;
11770 : 000;
11771 : 001;
11772 : 110;
11773 : 000;
11774 : 000;
11775 : 000;
11776 : 101;
11777 : 000;
11778 : 010;
11779 : 101;
11780 : 000;
11781 : 001;
11782 : 000;
11783 : 111;
11784 : 000;
11785 : 000;
11786 : 011;
11787 : 000;
11788 : 000;
11789 : 011;
11790 : 000;
11791 : 011;
11792 : 100;
11793 : 000;
11794 : 001;
11795 : 000;
11796 : 001;
11797 : 000;
11798 : 000;
11799 : 000;
11800 : 001;
11801 : 110;
11802 : 000;
11803 : 000;
11804 : 011;
11805 : 000;
11806 : 010;
11807 : 000;
11808 : 110;
11809 : 000;
11810 : 000;
11811 : 001;
11812 : 000;
11813 : 011;
11814 : 001;
11815 : 111;
11816 : 001;
11817 : 111;
11818 : 001;
11819 : 010;
11820 : 000;
11821 : 001;
11822 : 000;
11823 : 010;
11824 : 000;
11825 : 001;
11826 : 000;
11827 : 000;
11828 : 000;
11829 : 000;
11830 : 000;
11831 : 000;
11832 : 000;
11833 : 001;
11834 : 000;
11835 : 101;
11836 : 000;
11837 : 010;
11838 : 000;
11839 : 001;
11840 : 000;
11841 : 000;
11842 : 000;
11843 : 000;
11844 : 000;
11845 : 000;
11846 : 000;
11847 : 000;
11848 : 000;
11849 : 000;
11850 : 000;
11851 : 101;
11852 : 000;
11853 : 000;
11854 : 000;
11855 : 000;
11856 : 110;
11857 : 000;
11858 : 000;
11859 : 010;
11860 : 000;
11861 : 000;
11862 : 000;
11863 : 000;
11864 : 000;
11865 : 000;
11866 : 100;
11867 : 000;
11868 : 010;
11869 : 000;
11870 : 000;
11871 : 010;
11872 : 100;
11873 : 001;
11874 : 000;
11875 : 100;
11876 : 000;
11877 : 000;
11878 : 000;
11879 : 000;
11880 : 000;
11881 : 100;
11882 : 000;
11883 : 000;
11884 : 001;
11885 : 100;
11886 : 000;
11887 : 011;
11888 : 100;
11889 : 010;
11890 : 000;
11891 : 000;
11892 : 100;
11893 : 001;
11894 : 010;
11895 : 000;
11896 : 000;
11897 : 000;
11898 : 000;
11899 : 000;
11900 : 000;
11901 : 001;
11902 : 000;
11903 : 000;
11904 : 000;
11905 : 000;
11906 : 010;
11907 : 000;
11908 : 001;
11909 : 000;
11910 : 100;
11911 : 000;
11912 : 000;
11913 : 110;
11914 : 000;
11915 : 111;
11916 : 111;
11917 : 000;
11918 : 000;
11919 : 000;
11920 : 000;
11921 : 100;
11922 : 011;
11923 : 100;
11924 : 000;
11925 : 100;
11926 : 000;
11927 : 110;
11928 : 000;
11929 : 100;
11930 : 001;
11931 : 000;
11932 : 000;
11933 : 000;
11934 : 000;
11935 : 100;
11936 : 000;
11937 : 000;
11938 : 000;
11939 : 000;
11940 : 100;
11941 : 111;
11942 : 100;
11943 : 010;
11944 : 000;
11945 : 000;
11946 : 100;
11947 : 111;
11948 : 000;
11949 : 000;
11950 : 000;
11951 : 010;
11952 : 111;
11953 : 000;
11954 : 000;
11955 : 000;
11956 : 100;
11957 : 010;
11958 : 100;
11959 : 000;
11960 : 000;
11961 : 000;
11962 : 001;
11963 : 000;
11964 : 100;
11965 : 000;
11966 : 010;
11967 : 000;
11968 : 000;
11969 : 000;
11970 : 000;
11971 : 110;
11972 : 000;
11973 : 000;
11974 : 000;
11975 : 000;
11976 : 100;
11977 : 000;
11978 : 000;
11979 : 000;
11980 : 000;
11981 : 011;
11982 : 100;
11983 : 010;
11984 : 101;
11985 : 010;
11986 : 111;
11987 : 100;
11988 : 110;
11989 : 000;
11990 : 101;
11991 : 010;
11992 : 000;
11993 : 101;
11994 : 010;
11995 : 000;
11996 : 100;
11997 : 010;
11998 : 100;
11999 : 000;
12000 : 111;
12001 : 000;
12002 : 000;
12003 : 101;
12004 : 010;
12005 : 111;
12006 : 100;
12007 : 000;
12008 : 000;
12009 : 000;
12010 : 000;
12011 : 000;
12012 : 000;
12013 : 101;
12014 : 000;
12015 : 000;
12016 : 000;
12017 : 000;
12018 : 000;
12019 : 000;
12020 : 000;
12021 : 010;
12022 : 000;
12023 : 000;
12024 : 000;
12025 : 000;
12026 : 000;
12027 : 000;
12028 : 100;
12029 : 000;
12030 : 000;
12031 : 000;
12032 : 000;
12033 : 010;
12034 : 001;
12035 : 000;
12036 : 100;
12037 : 000;
12038 : 000;
12039 : 000;
12040 : 000;
12041 : 000;
12042 : 100;
12043 : 010;
12044 : 000;
12045 : 000;
12046 : 000;
12047 : 000;
12048 : 001;
12049 : 000;
12050 : 000;
12051 : 100;
12052 : 000;
12053 : 000;
12054 : 001;
12055 : 000;
12056 : 000;
12057 : 001;
12058 : 000;
12059 : 000;
12060 : 001;
12061 : 000;
12062 : 000;
12063 : 000;
12064 : 000;
12065 : 111;
12066 : 000;
12067 : 001;
12068 : 010;
12069 : 000;
12070 : 000;
12071 : 000;
12072 : 000;
12073 : 000;
12074 : 001;
12075 : 000;
12076 : 000;
12077 : 001;
12078 : 000;
12079 : 000;
12080 : 001;
12081 : 000;
12082 : 100;
12083 : 001;
12084 : 000;
12085 : 000;
12086 : 001;
12087 : 100;
12088 : 001;
12089 : 000;
12090 : 000;
12091 : 010;
12092 : 001;
12093 : 000;
12094 : 011;
12095 : 000;
12096 : 010;
12097 : 001;
12098 : 000;
12099 : 000;
12100 : 000;
12101 : 111;
12102 : 000;
12103 : 000;
12104 : 001;
12105 : 000;
12106 : 000;
12107 : 000;
12108 : 001;
12109 : 000;
12110 : 101;
12111 : 000;
12112 : 000;
12113 : 001;
12114 : 010;
12115 : 000;
12116 : 000;
12117 : 001;
12118 : 010;
12119 : 000;
12120 : 000;
12121 : 001;
12122 : 000;
12123 : 000;
12124 : 000;
12125 : 001;
12126 : 000;
12127 : 001;
12128 : 001;
12129 : 000;
12130 : 011;
12131 : 100;
12132 : 001;
12133 : 110;
12134 : 001;
12135 : 010;
12136 : 101;
12137 : 010;
12138 : 101;
12139 : 011;
12140 : 100;
12141 : 000;
12142 : 000;
12143 : 001;
12144 : 100;
12145 : 000;
12146 : 000;
12147 : 001;
12148 : 000;
12149 : 010;
12150 : 001;
12151 : 000;
12152 : 011;
12153 : 000;
12154 : 000;
12155 : 010;
12156 : 001;
12157 : 000;
12158 : 101;
12159 : 000;
12160 : 000;
12161 : 000;
12162 : 100;
12163 : 011;
12164 : 100;
12165 : 000;
12166 : 000;
12167 : 111;
12168 : 000;
12169 : 000;
12170 : 000;
12171 : 010;
12172 : 000;
12173 : 000;
12174 : 000;
12175 : 000;
12176 : 001;
12177 : 100;
12178 : 000;
12179 : 100;
12180 : 000;
12181 : 000;
12182 : 000;
12183 : 000;
12184 : 000;
12185 : 000;
12186 : 000;
12187 : 000;
12188 : 001;
12189 : 000;
12190 : 000;
12191 : 000;
12192 : 000;
12193 : 000;
12194 : 000;
12195 : 000;
12196 : 000;
12197 : 000;
12198 : 000;
12199 : 000;
12200 : 000;
12201 : 000;
12202 : 000;
12203 : 000;
12204 : 000;
12205 : 010;
12206 : 000;
12207 : 000;
12208 : 000;
12209 : 001;
12210 : 000;
12211 : 000;
12212 : 000;
12213 : 110;
12214 : 000;
12215 : 101;
12216 : 010;
12217 : 000;
12218 : 000;
12219 : 100;
12220 : 000;
12221 : 000;
12222 : 000;
12223 : 000;
12224 : 000;
12225 : 100;
12226 : 001;
12227 : 000;
12228 : 000;
12229 : 000;
12230 : 011;
12231 : 000;
12232 : 000;
12233 : 000;
12234 : 000;
12235 : 000;
12236 : 110;
12237 : 000;
12238 : 000;
12239 : 000;
12240 : 000;
12241 : 000;
12242 : 000;
12243 : 000;
12244 : 011;
12245 : 000;
12246 : 000;
12247 : 101;
12248 : 000;
12249 : 010;
12250 : 100;
12251 : 010;
12252 : 100;
12253 : 000;
12254 : 000;
12255 : 000;
12256 : 000;
12257 : 000;
12258 : 000;
12259 : 000;
12260 : 111;
12261 : 000;
12262 : 111;
12263 : 100;
12264 : 001;
12265 : 110;
12266 : 000;
12267 : 000;
12268 : 000;
12269 : 000;
12270 : 111;
12271 : 111;
12272 : 111;
12273 : 100;
12274 : 000;
12275 : 000;
12276 : 001;
12277 : 000;
12278 : 000;
12279 : 000;
12280 : 000;
12281 : 000;
12282 : 100;
12283 : 000;
12284 : 000;
12285 : 000;
12286 : 001;
12287 : 000;
12288 : 000;
12289 : 100;
12290 : 000;
12291 : 000;
12292 : 000;
12293 : 100;
12294 : 010;
12295 : 101;
12296 : 000;
12297 : 011;
12298 : 100;
12299 : 111;
12300 : 100;
12301 : 000;
12302 : 010;
12303 : 101;
12304 : 000;
12305 : 000;
12306 : 000;
12307 : 000;
12308 : 000;
12309 : 000;
12310 : 000;
12311 : 000;
12312 : 000;
12313 : 000;
12314 : 000;
12315 : 000;
12316 : 000;
12317 : 000;
12318 : 000;
12319 : 000;
12320 : 111;
12321 : 000;
12322 : 000;
12323 : 000;
12324 : 100;
12325 : 000;
12326 : 011;
12327 : 000;
12328 : 100;
12329 : 000;
12330 : 000;
12331 : 000;
12332 : 010;
12333 : 000;
12334 : 000;
12335 : 000;
12336 : 000;
12337 : 000;
12338 : 000;
12339 : 000;
12340 : 001;
12341 : 100;
12342 : 000;
12343 : 000;
12344 : 000;
12345 : 000;
12346 : 101;
12347 : 010;
12348 : 000;
12349 : 001;
12350 : 000;
12351 : 010;
12352 : 001;
12353 : 100;
12354 : 000;
12355 : 000;
12356 : 000;
12357 : 000;
12358 : 000;
12359 : 001;
12360 : 010;
12361 : 000;
12362 : 001;
12363 : 000;
12364 : 000;
12365 : 101;
12366 : 010;
12367 : 000;
12368 : 000;
12369 : 100;
12370 : 000;
12371 : 000;
12372 : 010;
12373 : 000;
12374 : 000;
12375 : 100;
12376 : 000;
12377 : 000;
12378 : 000;
12379 : 000;
12380 : 010;
12381 : 000;
12382 : 000;
12383 : 001;
12384 : 000;
12385 : 000;
12386 : 000;
12387 : 000;
12388 : 000;
12389 : 001;
12390 : 000;
12391 : 001;
12392 : 010;
12393 : 001;
12394 : 000;
12395 : 000;
12396 : 000;
12397 : 110;
12398 : 001;
12399 : 000;
12400 : 110;
12401 : 001;
12402 : 010;
12403 : 000;
12404 : 011;
12405 : 100;
12406 : 010;
12407 : 001;
12408 : 010;
12409 : 001;
12410 : 000;
12411 : 001;
12412 : 000;
12413 : 000;
12414 : 100;
12415 : 001;
12416 : 000;
12417 : 000;
12418 : 001;
12419 : 010;
12420 : 001;
12421 : 000;
12422 : 000;
12423 : 011;
12424 : 000;
12425 : 000;
12426 : 111;
12427 : 000;
12428 : 010;
12429 : 000;
12430 : 010;
12431 : 001;
12432 : 000;
12433 : 000;
12434 : 001;
12435 : 000;
12436 : 011;
12437 : 000;
12438 : 000;
12439 : 001;
12440 : 000;
12441 : 010;
12442 : 001;
12443 : 000;
12444 : 001;
12445 : 010;
12446 : 100;
12447 : 000;
12448 : 010;
12449 : 000;
12450 : 000;
12451 : 000;
12452 : 000;
12453 : 000;
12454 : 001;
12455 : 111;
12456 : 000;
12457 : 011;
12458 : 101;
12459 : 011;
12460 : 001;
12461 : 111;
12462 : 000;
12463 : 000;
12464 : 000;
12465 : 011;
12466 : 000;
12467 : 000;
12468 : 000;
12469 : 000;
12470 : 000;
12471 : 000;
12472 : 100;
12473 : 001;
12474 : 000;
12475 : 001;
12476 : 000;
12477 : 000;
12478 : 010;
12479 : 001;
12480 : 000;
12481 : 010;
12482 : 000;
12483 : 000;
12484 : 000;
12485 : 000;
12486 : 110;
12487 : 000;
12488 : 000;
12489 : 000;
12490 : 000;
12491 : 100;
12492 : 000;
12493 : 000;
12494 : 000;
12495 : 000;
12496 : 110;
12497 : 000;
12498 : 011;
12499 : 000;
12500 : 000;
12501 : 000;
12502 : 000;
12503 : 000;
12504 : 000;
12505 : 000;
12506 : 010;
12507 : 100;
12508 : 000;
12509 : 000;
12510 : 100;
12511 : 000;
12512 : 000;
12513 : 000;
12514 : 000;
12515 : 000;
12516 : 000;
12517 : 000;
12518 : 000;
12519 : 010;
12520 : 000;
12521 : 000;
12522 : 000;
12523 : 010;
12524 : 000;
12525 : 000;
12526 : 000;
12527 : 000;
12528 : 000;
12529 : 000;
12530 : 100;
12531 : 000;
12532 : 001;
12533 : 000;
12534 : 000;
12535 : 000;
12536 : 101;
12537 : 000;
12538 : 000;
12539 : 010;
12540 : 000;
12541 : 000;
12542 : 000;
12543 : 100;
12544 : 011;
12545 : 000;
12546 : 000;
12547 : 000;
12548 : 100;
12549 : 000;
12550 : 000;
12551 : 100;
12552 : 000;
12553 : 000;
12554 : 000;
12555 : 000;
12556 : 000;
12557 : 000;
12558 : 000;
12559 : 000;
12560 : 000;
12561 : 011;
12562 : 100;
12563 : 000;
12564 : 100;
12565 : 000;
12566 : 000;
12567 : 000;
12568 : 000;
12569 : 100;
12570 : 111;
12571 : 000;
12572 : 000;
12573 : 000;
12574 : 111;
12575 : 000;
12576 : 000;
12577 : 000;
12578 : 000;
12579 : 000;
12580 : 110;
12581 : 000;
12582 : 100;
12583 : 010;
12584 : 100;
12585 : 000;
12586 : 000;
12587 : 111;
12588 : 000;
12589 : 000;
12590 : 000;
12591 : 100;
12592 : 111;
12593 : 000;
12594 : 000;
12595 : 000;
12596 : 110;
12597 : 000;
12598 : 100;
12599 : 001;
12600 : 000;
12601 : 000;
12602 : 000;
12603 : 000;
12604 : 000;
12605 : 000;
12606 : 000;
12607 : 100;
12608 : 011;
12609 : 000;
12610 : 111;
12611 : 000;
12612 : 111;
12613 : 000;
12614 : 100;
12615 : 000;
12616 : 010;
12617 : 000;
12618 : 000;
12619 : 000;
12620 : 000;
12621 : 000;
12622 : 000;
12623 : 000;
12624 : 000;
12625 : 000;
12626 : 000;
12627 : 000;
12628 : 000;
12629 : 000;
12630 : 000;
12631 : 000;
12632 : 000;
12633 : 100;
12634 : 000;
12635 : 000;
12636 : 000;
12637 : 001;
12638 : 100;
12639 : 000;
12640 : 000;
12641 : 000;
12642 : 000;
12643 : 010;
12644 : 000;
12645 : 000;
12646 : 000;
12647 : 000;
12648 : 000;
12649 : 010;
12650 : 000;
12651 : 101;
12652 : 000;
12653 : 000;
12654 : 000;
12655 : 110;
12656 : 000;
12657 : 001;
12658 : 110;
12659 : 000;
12660 : 000;
12661 : 000;
12662 : 010;
12663 : 000;
12664 : 101;
12665 : 010;
12666 : 000;
12667 : 000;
12668 : 000;
12669 : 000;
12670 : 000;
12671 : 000;
12672 : 000;
12673 : 000;
12674 : 000;
12675 : 000;
12676 : 010;
12677 : 001;
12678 : 000;
12679 : 100;
12680 : 000;
12681 : 100;
12682 : 010;
12683 : 000;
12684 : 000;
12685 : 000;
12686 : 000;
12687 : 000;
12688 : 000;
12689 : 011;
12690 : 000;
12691 : 001;
12692 : 000;
12693 : 000;
12694 : 000;
12695 : 000;
12696 : 000;
12697 : 010;
12698 : 100;
12699 : 000;
12700 : 000;
12701 : 000;
12702 : 000;
12703 : 100;
12704 : 000;
12705 : 011;
12706 : 000;
12707 : 001;
12708 : 000;
12709 : 000;
12710 : 010;
12711 : 000;
12712 : 000;
12713 : 000;
12714 : 000;
12715 : 011;
12716 : 000;
12717 : 001;
12718 : 010;
12719 : 000;
12720 : 001;
12721 : 000;
12722 : 001;
12723 : 000;
12724 : 001;
12725 : 000;
12726 : 001;
12727 : 000;
12728 : 000;
12729 : 000;
12730 : 111;
12731 : 000;
12732 : 111;
12733 : 000;
12734 : 001;
12735 : 000;
12736 : 010;
12737 : 001;
12738 : 000;
12739 : 100;
12740 : 000;
12741 : 011;
12742 : 000;
12743 : 000;
12744 : 001;
12745 : 000;
12746 : 001;
12747 : 000;
12748 : 001;
12749 : 000;
12750 : 001;
12751 : 000;
12752 : 011;
12753 : 000;
12754 : 000;
12755 : 000;
12756 : 100;
12757 : 001;
12758 : 000;
12759 : 000;
12760 : 000;
12761 : 001;
12762 : 000;
12763 : 000;
12764 : 000;
12765 : 001;
12766 : 000;
12767 : 001;
12768 : 001;
12769 : 000;
12770 : 001;
12771 : 010;
12772 : 001;
12773 : 000;
12774 : 110;
12775 : 001;
12776 : 001;
12777 : 110;
12778 : 001;
12779 : 110;
12780 : 001;
12781 : 011;
12782 : 101;
12783 : 010;
12784 : 000;
12785 : 000;
12786 : 000;
12787 : 001;
12788 : 010;
12789 : 101;
12790 : 000;
12791 : 001;
12792 : 010;
12793 : 000;
12794 : 011;
12795 : 100;
12796 : 001;
12797 : 000;
12798 : 001;
12799 : 000;
12800 : 000;
12801 : 000;
12802 : 101;
12803 : 000;
12804 : 000;
12805 : 101;
12806 : 000;
12807 : 000;
12808 : 000;
12809 : 100;
12810 : 000;
12811 : 001;
12812 : 010;
12813 : 000;
12814 : 000;
12815 : 001;
12816 : 000;
12817 : 000;
12818 : 100;
12819 : 000;
12820 : 000;
12821 : 000;
12822 : 000;
12823 : 000;
12824 : 000;
12825 : 000;
12826 : 001;
12827 : 000;
12828 : 000;
12829 : 000;
12830 : 000;
12831 : 001;
12832 : 010;
12833 : 000;
12834 : 000;
12835 : 000;
12836 : 000;
12837 : 010;
12838 : 000;
12839 : 100;
12840 : 000;
12841 : 000;
12842 : 101;
12843 : 000;
12844 : 000;
12845 : 000;
12846 : 101;
12847 : 000;
12848 : 000;
12849 : 000;
12850 : 000;
12851 : 010;
12852 : 000;
12853 : 100;
12854 : 000;
12855 : 010;
12856 : 000;
12857 : 000;
12858 : 000;
12859 : 001;
12860 : 000;
12861 : 000;
12862 : 000;
12863 : 000;
12864 : 000;
12865 : 000;
12866 : 000;
12867 : 000;
12868 : 010;
12869 : 000;
12870 : 000;
12871 : 000;
12872 : 011;
12873 : 100;
12874 : 000;
12875 : 000;
12876 : 000;
12877 : 000;
12878 : 000;
12879 : 000;
12880 : 000;
12881 : 000;
12882 : 100;
12883 : 010;
12884 : 001;
12885 : 000;
12886 : 110;
12887 : 000;
12888 : 000;
12889 : 000;
12890 : 000;
12891 : 000;
12892 : 111;
12893 : 000;
12894 : 100;
12895 : 000;
12896 : 000;
12897 : 000;
12898 : 000;
12899 : 000;
12900 : 101;
12901 : 010;
12902 : 101;
12903 : 000;
12904 : 000;
12905 : 111;
12906 : 100;
12907 : 110;
12908 : 000;
12909 : 000;
12910 : 000;
12911 : 000;
12912 : 111;
12913 : 100;
12914 : 000;
12915 : 000;
12916 : 001;
12917 : 110;
12918 : 000;
12919 : 000;
12920 : 000;
12921 : 010;
12922 : 000;
12923 : 000;
12924 : 000;
12925 : 010;
12926 : 000;
12927 : 000;
12928 : 000;
12929 : 000;
12930 : 000;
12931 : 000;
12932 : 000;
12933 : 000;
12934 : 000;
12935 : 000;
12936 : 000;
12937 : 100;
12938 : 000;
12939 : 000;
12940 : 000;
12941 : 000;
12942 : 000;
12943 : 000;
12944 : 100;
12945 : 010;
12946 : 000;
12947 : 100;
12948 : 011;
12949 : 000;
12950 : 100;
12951 : 000;
12952 : 010;
12953 : 000;
12954 : 000;
12955 : 001;
12956 : 110;
12957 : 000;
12958 : 000;
12959 : 000;
12960 : 000;
12961 : 100;
12962 : 000;
12963 : 001;
12964 : 000;
12965 : 100;
12966 : 000;
12967 : 000;
12968 : 001;
12969 : 100;
12970 : 000;
12971 : 000;
12972 : 000;
12973 : 000;
12974 : 000;
12975 : 001;
12976 : 000;
12977 : 000;
12978 : 000;
12979 : 000;
12980 : 000;
12981 : 000;
12982 : 000;
12983 : 000;
12984 : 000;
12985 : 000;
12986 : 000;
12987 : 000;
12988 : 000;
12989 : 100;
12990 : 000;
12991 : 101;
12992 : 010;
12993 : 000;
12994 : 000;
12995 : 101;
12996 : 000;
12997 : 110;
12998 : 000;
12999 : 000;
13000 : 011;
13001 : 000;
13002 : 001;
13003 : 100;
13004 : 000;
13005 : 111;
13006 : 000;
13007 : 101;
13008 : 000;
13009 : 100;
13010 : 010;
13011 : 000;
13012 : 100;
13013 : 000;
13014 : 000;
13015 : 011;
13016 : 000;
13017 : 000;
13018 : 001;
13019 : 000;
13020 : 000;
13021 : 000;
13022 : 000;
13023 : 000;
13024 : 000;
13025 : 001;
13026 : 000;
13027 : 000;
13028 : 010;
13029 : 001;
13030 : 000;
13031 : 001;
13032 : 000;
13033 : 001;
13034 : 100;
13035 : 000;
13036 : 000;
13037 : 000;
13038 : 001;
13039 : 000;
13040 : 011;
13041 : 000;
13042 : 111;
13043 : 000;
13044 : 010;
13045 : 001;
13046 : 000;
13047 : 011;
13048 : 000;
13049 : 001;
13050 : 000;
13051 : 000;
13052 : 000;
13053 : 001;
13054 : 010;
13055 : 000;
13056 : 001;
13057 : 100;
13058 : 000;
13059 : 011;
13060 : 000;
13061 : 001;
13062 : 000;
13063 : 101;
13064 : 010;
13065 : 000;
13066 : 000;
13067 : 011;
13068 : 100;
13069 : 000;
13070 : 000;
13071 : 001;
13072 : 100;
13073 : 010;
13074 : 001;
13075 : 000;
13076 : 011;
13077 : 000;
13078 : 000;
13079 : 001;
13080 : 010;
13081 : 100;
13082 : 000;
13083 : 011;
13084 : 000;
13085 : 010;
13086 : 000;
13087 : 000;
13088 : 010;
13089 : 100;
13090 : 000;
13091 : 000;
13092 : 101;
13093 : 000;
13094 : 001;
13095 : 010;
13096 : 101;
13097 : 011;
13098 : 001;
13099 : 011;
13100 : 100;
13101 : 011;
13102 : 000;
13103 : 001;
13104 : 000;
13105 : 001;
13106 : 000;
13107 : 000;
13108 : 000;
13109 : 000;
13110 : 000;
13111 : 000;
13112 : 001;
13113 : 000;
13114 : 000;
13115 : 000;
13116 : 010;
13117 : 001;
13118 : 010;
13119 : 000;
13120 : 000;
13121 : 000;
13122 : 000;
13123 : 110;
13124 : 000;
13125 : 010;
13126 : 000;
13127 : 111;
13128 : 111;
13129 : 111;
13130 : 000;
13131 : 100;
13132 : 000;
13133 : 000;
13134 : 000;
13135 : 100;
13136 : 010;
13137 : 000;
13138 : 000;
13139 : 001;
13140 : 000;
13141 : 000;
13142 : 000;
13143 : 000;
13144 : 000;
13145 : 100;
13146 : 000;
13147 : 000;
13148 : 110;
13149 : 001;
13150 : 000;
13151 : 000;
13152 : 100;
13153 : 001;
13154 : 100;
13155 : 011;
13156 : 100;
13157 : 000;
13158 : 001;
13159 : 000;
13160 : 000;
13161 : 000;
13162 : 000;
13163 : 000;
13164 : 000;
13165 : 000;
13166 : 000;
13167 : 000;
13168 : 000;
13169 : 010;
13170 : 000;
13171 : 000;
13172 : 000;
13173 : 000;
13174 : 000;
13175 : 000;
13176 : 000;
13177 : 000;
13178 : 100;
13179 : 000;
13180 : 000;
13181 : 000;
13182 : 011;
13183 : 000;
13184 : 000;
13185 : 000;
13186 : 000;
13187 : 000;
13188 : 101;
13189 : 000;
13190 : 011;
13191 : 000;
13192 : 000;
13193 : 000;
13194 : 000;
13195 : 000;
13196 : 000;
13197 : 000;
13198 : 000;
13199 : 000;
13200 : 000;
13201 : 000;
13202 : 001;
13203 : 100;
13204 : 010;
13205 : 000;
13206 : 101;
13207 : 010;
13208 : 000;
13209 : 000;
13210 : 000;
13211 : 000;
13212 : 000;
13213 : 000;
13214 : 000;
13215 : 000;
13216 : 000;
13217 : 000;
13218 : 000;
13219 : 000;
13220 : 010;
13221 : 000;
13222 : 100;
13223 : 110;
13224 : 000;
13225 : 000;
13226 : 000;
13227 : 000;
13228 : 000;
13229 : 000;
13230 : 100;
13231 : 010;
13232 : 111;
13233 : 000;
13234 : 000;
13235 : 000;
13236 : 100;
13237 : 010;
13238 : 000;
13239 : 000;
13240 : 000;
13241 : 000;
13242 : 000;
13243 : 000;
13244 : 000;
13245 : 000;
13246 : 000;
13247 : 000;
13248 : 100;
13249 : 000;
13250 : 000;
13251 : 000;
13252 : 000;
13253 : 000;
13254 : 000;
13255 : 000;
13256 : 000;
13257 : 000;
13258 : 000;
13259 : 000;
13260 : 010;
13261 : 101;
13262 : 000;
13263 : 010;
13264 : 000;
13265 : 000;
13266 : 001;
13267 : 000;
13268 : 000;
13269 : 000;
13270 : 000;
13271 : 000;
13272 : 001;
13273 : 000;
13274 : 100;
13275 : 000;
13276 : 000;
13277 : 000;
13278 : 000;
13279 : 010;
13280 : 000;
13281 : 000;
13282 : 000;
13283 : 100;
13284 : 000;
13285 : 010;
13286 : 000;
13287 : 000;
13288 : 000;
13289 : 000;
13290 : 000;
13291 : 000;
13292 : 010;
13293 : 100;
13294 : 000;
13295 : 000;
13296 : 000;
13297 : 100;
13298 : 000;
13299 : 000;
13300 : 010;
13301 : 101;
13302 : 000;
13303 : 111;
13304 : 000;
13305 : 000;
13306 : 000;
13307 : 111;
13308 : 000;
13309 : 011;
13310 : 000;
13311 : 000;
13312 : 100;
13313 : 001;
13314 : 000;
13315 : 010;
13316 : 000;
13317 : 001;
13318 : 000;
13319 : 000;
13320 : 100;
13321 : 000;
13322 : 000;
13323 : 000;
13324 : 000;
13325 : 000;
13326 : 000;
13327 : 010;
13328 : 000;
13329 : 000;
13330 : 001;
13331 : 000;
13332 : 000;
13333 : 000;
13334 : 000;
13335 : 100;
13336 : 000;
13337 : 000;
13338 : 000;
13339 : 000;
13340 : 100;
13341 : 000;
13342 : 000;
13343 : 010;
13344 : 001;
13345 : 110;
13346 : 001;
13347 : 000;
13348 : 000;
13349 : 000;
13350 : 001;
13351 : 000;
13352 : 000;
13353 : 010;
13354 : 001;
13355 : 000;
13356 : 001;
13357 : 010;
13358 : 101;
13359 : 000;
13360 : 000;
13361 : 000;
13362 : 001;
13363 : 000;
13364 : 101;
13365 : 000;
13366 : 000;
13367 : 100;
13368 : 001;
13369 : 010;
13370 : 101;
13371 : 010;
13372 : 001;
13373 : 000;
13374 : 001;
13375 : 000;
13376 : 010;
13377 : 001;
13378 : 000;
13379 : 001;
13380 : 000;
13381 : 000;
13382 : 000;
13383 : 010;
13384 : 001;
13385 : 000;
13386 : 101;
13387 : 000;
13388 : 001;
13389 : 010;
13390 : 001;
13391 : 010;
13392 : 000;
13393 : 001;
13394 : 100;
13395 : 001;
13396 : 000;
13397 : 000;
13398 : 010;
13399 : 000;
13400 : 001;
13401 : 000;
13402 : 001;
13403 : 000;
13404 : 000;
13405 : 001;
13406 : 000;
13407 : 101;
13408 : 000;
13409 : 001;
13410 : 000;
13411 : 000;
13412 : 010;
13413 : 000;
13414 : 001;
13415 : 110;
13416 : 001;
13417 : 110;
13418 : 001;
13419 : 100;
13420 : 011;
13421 : 101;
13422 : 011;
13423 : 100;
13424 : 010;
13425 : 000;
13426 : 000;
13427 : 001;
13428 : 000;
13429 : 001;
13430 : 010;
13431 : 000;
13432 : 000;
13433 : 111;
13434 : 000;
13435 : 001;
13436 : 000;
13437 : 000;
13438 : 101;
13439 : 000;
13440 : 000;
13441 : 000;
13442 : 000;
13443 : 000;
13444 : 111;
13445 : 000;
13446 : 100;
13447 : 000;
13448 : 111;
13449 : 111;
13450 : 100;
13451 : 010;
13452 : 000;
13453 : 000;
13454 : 000;
13455 : 000;
13456 : 001;
13457 : 100;
13458 : 010;
13459 : 100;
13460 : 000;
13461 : 000;
13462 : 000;
13463 : 000;
13464 : 000;
13465 : 000;
13466 : 000;
13467 : 000;
13468 : 000;
13469 : 000;
13470 : 000;
13471 : 000;
13472 : 000;
13473 : 010;
13474 : 000;
13475 : 000;
13476 : 000;
13477 : 000;
13478 : 110;
13479 : 000;
13480 : 001;
13481 : 000;
13482 : 010;
13483 : 100;
13484 : 000;
13485 : 000;
13486 : 000;
13487 : 000;
13488 : 000;
13489 : 100;
13490 : 001;
13491 : 000;
13492 : 000;
13493 : 000;
13494 : 001;
13495 : 000;
13496 : 100;
13497 : 000;
13498 : 010;
13499 : 000;
13500 : 000;
13501 : 100;
13502 : 000;
13503 : 000;
13504 : 000;
13505 : 100;
13506 : 000;
13507 : 000;
13508 : 000;
13509 : 000;
13510 : 100;
13511 : 000;
13512 : 000;
13513 : 000;
13514 : 000;
13515 : 000;
13516 : 000;
13517 : 000;
13518 : 000;
13519 : 000;
13520 : 000;
13521 : 110;
13522 : 000;
13523 : 000;
13524 : 100;
13525 : 000;
13526 : 000;
13527 : 100;
13528 : 000;
13529 : 111;
13530 : 100;
13531 : 010;
13532 : 000;
13533 : 000;
13534 : 000;
13535 : 010;
13536 : 000;
13537 : 000;
13538 : 000;
13539 : 000;
13540 : 101;
13541 : 000;
13542 : 011;
13543 : 111;
13544 : 000;
13545 : 110;
13546 : 101;
13547 : 000;
13548 : 000;
13549 : 000;
13550 : 010;
13551 : 101;
13552 : 110;
13553 : 000;
13554 : 000;
13555 : 000;
13556 : 010;
13557 : 101;
13558 : 000;
13559 : 000;
13560 : 000;
13561 : 000;
13562 : 000;
13563 : 000;
13564 : 000;
13565 : 100;
13566 : 001;
13567 : 000;
13568 : 000;
13569 : 000;
13570 : 000;
13571 : 000;
13572 : 100;
13573 : 000;
13574 : 000;
13575 : 001;
13576 : 000;
13577 : 000;
13578 : 011;
13579 : 100;
13580 : 000;
13581 : 000;
13582 : 000;
13583 : 000;
13584 : 000;
13585 : 100;
13586 : 000;
13587 : 000;
13588 : 000;
13589 : 100;
13590 : 000;
13591 : 000;
13592 : 000;
13593 : 000;
13594 : 010;
13595 : 000;
13596 : 000;
13597 : 000;
13598 : 000;
13599 : 100;
13600 : 001;
13601 : 000;
13602 : 010;
13603 : 000;
13604 : 001;
13605 : 000;
13606 : 000;
13607 : 111;
13608 : 000;
13609 : 000;
13610 : 010;
13611 : 101;
13612 : 000;
13613 : 001;
13614 : 000;
13615 : 110;
13616 : 000;
13617 : 000;
13618 : 010;
13619 : 001;
13620 : 100;
13621 : 000;
13622 : 000;
13623 : 000;
13624 : 000;
13625 : 111;
13626 : 000;
13627 : 000;
13628 : 000;
13629 : 000;
13630 : 000;
13631 : 010;
13632 : 000;
13633 : 010;
13634 : 000;
13635 : 100;
13636 : 000;
13637 : 000;
13638 : 000;
13639 : 000;
13640 : 010;
13641 : 001;
13642 : 000;
13643 : 000;
13644 : 000;
13645 : 000;
13646 : 000;
13647 : 000;
13648 : 000;
13649 : 000;
13650 : 000;
13651 : 100;
13652 : 000;
13653 : 001;
13654 : 000;
13655 : 000;
13656 : 000;
13657 : 000;
13658 : 100;
13659 : 010;
13660 : 001;
13661 : 000;
13662 : 000;
13663 : 000;
13664 : 000;
13665 : 001;
13666 : 000;
13667 : 000;
13668 : 001;
13669 : 000;
13670 : 000;
13671 : 010;
13672 : 001;
13673 : 000;
13674 : 000;
13675 : 000;
13676 : 000;
13677 : 000;
13678 : 001;
13679 : 010;
13680 : 101;
13681 : 000;
13682 : 010;
13683 : 001;
13684 : 010;
13685 : 000;
13686 : 011;
13687 : 000;
13688 : 000;
13689 : 000;
13690 : 001;
13691 : 000;
13692 : 000;
13693 : 010;
13694 : 100;
13695 : 001;
13696 : 000;
13697 : 000;
13698 : 000;
13699 : 010;
13700 : 001;
13701 : 110;
13702 : 001;
13703 : 000;
13704 : 001;
13705 : 010;
13706 : 000;
13707 : 000;
13708 : 010;
13709 : 001;
13710 : 100;
13711 : 001;
13712 : 000;
13713 : 000;
13714 : 010;
13715 : 000;
13716 : 001;
13717 : 000;
13718 : 001;
13719 : 000;
13720 : 000;
13721 : 010;
13722 : 000;
13723 : 000;
13724 : 001;
13725 : 000;
13726 : 010;
13727 : 001;
13728 : 010;
13729 : 001;
13730 : 010;
13731 : 001;
13732 : 000;
13733 : 000;
13734 : 001;
13735 : 011;
13736 : 000;
13737 : 111;
13738 : 001;
13739 : 010;
13740 : 001;
13741 : 110;
13742 : 001;
13743 : 011;
13744 : 001;
13745 : 000;
13746 : 000;
13747 : 010;
13748 : 000;
13749 : 000;
13750 : 000;
13751 : 001;
13752 : 000;
13753 : 001;
13754 : 000;
13755 : 010;
13756 : 101;
13757 : 000;
13758 : 000;
13759 : 001;
13760 : 000;
13761 : 000;
13762 : 000;
13763 : 100;
13764 : 000;
13765 : 000;
13766 : 000;
13767 : 110;
13768 : 000;
13769 : 000;
13770 : 000;
13771 : 000;
13772 : 001;
13773 : 000;
13774 : 000;
13775 : 100;
13776 : 010;
13777 : 000;
13778 : 000;
13779 : 000;
13780 : 000;
13781 : 000;
13782 : 000;
13783 : 000;
13784 : 000;
13785 : 000;
13786 : 011;
13787 : 000;
13788 : 100;
13789 : 000;
13790 : 000;
13791 : 000;
13792 : 000;
13793 : 000;
13794 : 100;
13795 : 000;
13796 : 111;
13797 : 000;
13798 : 001;
13799 : 100;
13800 : 010;
13801 : 100;
13802 : 000;
13803 : 001;
13804 : 000;
13805 : 111;
13806 : 000;
13807 : 000;
13808 : 011;
13809 : 000;
13810 : 000;
13811 : 000;
13812 : 000;
13813 : 000;
13814 : 100;
13815 : 000;
13816 : 010;
13817 : 001;
13818 : 000;
13819 : 000;
13820 : 000;
13821 : 000;
13822 : 000;
13823 : 000;
13824 : 000;
13825 : 000;
13826 : 010;
13827 : 000;
13828 : 000;
13829 : 010;
13830 : 000;
13831 : 000;
13832 : 100;
13833 : 010;
13834 : 000;
13835 : 000;
13836 : 100;
13837 : 000;
13838 : 000;
13839 : 000;
13840 : 001;
13841 : 000;
13842 : 000;
13843 : 011;
13844 : 000;
13845 : 000;
13846 : 000;
13847 : 000;
13848 : 000;
13849 : 110;
13850 : 111;
13851 : 000;
13852 : 000;
13853 : 100;
13854 : 001;
13855 : 100;
13856 : 000;
13857 : 000;
13858 : 000;
13859 : 000;
13860 : 110;
13861 : 000;
13862 : 100;
13863 : 000;
13864 : 000;
13865 : 000;
13866 : 110;
13867 : 000;
13868 : 000;
13869 : 000;
13870 : 100;
13871 : 010;
13872 : 101;
13873 : 110;
13874 : 000;
13875 : 000;
13876 : 100;
13877 : 010;
13878 : 000;
13879 : 000;
13880 : 000;
13881 : 100;
13882 : 000;
13883 : 000;
13884 : 001;
13885 : 000;
13886 : 000;
13887 : 000;
13888 : 000;
13889 : 000;
13890 : 010;
13891 : 000;
13892 : 000;
13893 : 001;
13894 : 010;
13895 : 100;
13896 : 000;
13897 : 000;
13898 : 000;
13899 : 000;
13900 : 000;
13901 : 000;
13902 : 000;
13903 : 100;
13904 : 001;
13905 : 000;
13906 : 000;
13907 : 000;
13908 : 000;
13909 : 010;
13910 : 000;
13911 : 000;
13912 : 110;
13913 : 000;
13914 : 000;
13915 : 000;
13916 : 101;
13917 : 010;
13918 : 000;
13919 : 001;
13920 : 010;
13921 : 100;
13922 : 000;
13923 : 000;
13924 : 110;
13925 : 000;
13926 : 000;
13927 : 000;
13928 : 110;
13929 : 001;
13930 : 000;
13931 : 000;
13932 : 110;
13933 : 000;
13934 : 000;
13935 : 001;
13936 : 000;
13937 : 000;
13938 : 000;
13939 : 000;
13940 : 000;
13941 : 000;
13942 : 000;
13943 : 110;
13944 : 000;
13945 : 000;
13946 : 000;
13947 : 000;
13948 : 100;
13949 : 000;
13950 : 000;
13951 : 001;
13952 : 100;
13953 : 000;
13954 : 000;
13955 : 000;
13956 : 000;
13957 : 000;
13958 : 110;
13959 : 001;
13960 : 000;
13961 : 000;
13962 : 100;
13963 : 010;
13964 : 000;
13965 : 001;
13966 : 100;
13967 : 000;
13968 : 001;
13969 : 100;
13970 : 000;
13971 : 010;
13972 : 000;
13973 : 000;
13974 : 010;
13975 : 000;
13976 : 000;
13977 : 001;
13978 : 000;
13979 : 000;
13980 : 000;
13981 : 000;
13982 : 000;
13983 : 000;
13984 : 000;
13985 : 010;
13986 : 001;
13987 : 000;
13988 : 010;
13989 : 000;
13990 : 001;
13991 : 100;
13992 : 000;
13993 : 000;
13994 : 001;
13995 : 010;
13996 : 001;
13997 : 000;
13998 : 000;
13999 : 000;
14000 : 000;
14001 : 001;
14002 : 100;
14003 : 000;
14004 : 001;
14005 : 000;
14006 : 000;
14007 : 111;
14008 : 000;
14009 : 001;
14010 : 010;
14011 : 000;
14012 : 001;
14013 : 000;
14014 : 001;
14015 : 010;
14016 : 001;
14017 : 110;
14018 : 001;
14019 : 000;
14020 : 001;
14021 : 000;
14022 : 001;
14023 : 010;
14024 : 100;
14025 : 001;
14026 : 000;
14027 : 001;
14028 : 000;
14029 : 000;
14030 : 000;
14031 : 010;
14032 : 001;
14033 : 000;
14034 : 001;
14035 : 000;
14036 : 010;
14037 : 000;
14038 : 000;
14039 : 000;
14040 : 001;
14041 : 000;
14042 : 001;
14043 : 000;
14044 : 010;
14045 : 101;
14046 : 000;
14047 : 001;
14048 : 100;
14049 : 011;
14050 : 100;
14051 : 001;
14052 : 000;
14053 : 011;
14054 : 100;
14055 : 011;
14056 : 101;
14057 : 010;
14058 : 001;
14059 : 101;
14060 : 010;
14061 : 001;
14062 : 110;
14063 : 001;
14064 : 110;
14065 : 001;
14066 : 000;
14067 : 101;
14068 : 000;
14069 : 000;
14070 : 001;
14071 : 000;
14072 : 010;
14073 : 000;
14074 : 001;
14075 : 000;
14076 : 000;
14077 : 011;
14078 : 000;
14079 : 000;
14080 : 000;
14081 : 100;
14082 : 010;
14083 : 001;
14084 : 000;
14085 : 100;
14086 : 000;
14087 : 000;
14088 : 000;
14089 : 000;
14090 : 100;
14091 : 010;
14092 : 100;
14093 : 000;
14094 : 000;
14095 : 000;
14096 : 001;
14097 : 100;
14098 : 000;
14099 : 001;
14100 : 000;
14101 : 000;
14102 : 000;
14103 : 000;
14104 : 000;
14105 : 000;
14106 : 100;
14107 : 000;
14108 : 010;
14109 : 000;
14110 : 000;
14111 : 000;
14112 : 000;
14113 : 000;
14114 : 000;
14115 : 000;
14116 : 000;
14117 : 000;
14118 : 000;
14119 : 000;
14120 : 000;
14121 : 001;
14122 : 000;
14123 : 110;
14124 : 000;
14125 : 000;
14126 : 110;
14127 : 000;
14128 : 100;
14129 : 000;
14130 : 000;
14131 : 110;
14132 : 001;
14133 : 000;
14134 : 010;
14135 : 000;
14136 : 000;
14137 : 000;
14138 : 000;
14139 : 000;
14140 : 000;
14141 : 000;
14142 : 000;
14143 : 000;
14144 : 011;
14145 : 000;
14146 : 000;
14147 : 000;
14148 : 101;
14149 : 000;
14150 : 000;
14151 : 000;
14152 : 000;
14153 : 101;
14154 : 000;
14155 : 111;
14156 : 111;
14157 : 000;
14158 : 000;
14159 : 000;
14160 : 000;
14161 : 100;
14162 : 000;
14163 : 100;
14164 : 000;
14165 : 000;
14166 : 000;
14167 : 111;
14168 : 000;
14169 : 000;
14170 : 000;
14171 : 000;
14172 : 100;
14173 : 011;
14174 : 100;
14175 : 000;
14176 : 000;
14177 : 000;
14178 : 000;
14179 : 000;
14180 : 001;
14181 : 000;
14182 : 000;
14183 : 100;
14184 : 000;
14185 : 000;
14186 : 000;
14187 : 000;
14188 : 111;
14189 : 000;
14190 : 000;
14191 : 000;
14192 : 111;
14193 : 000;
14194 : 000;
14195 : 000;
14196 : 001;
14197 : 100;
14198 : 001;
14199 : 000;
14200 : 000;
14201 : 000;
14202 : 001;
14203 : 000;
14204 : 000;
14205 : 000;
14206 : 010;
14207 : 000;
14208 : 000;
14209 : 100;
14210 : 000;
14211 : 001;
14212 : 000;
14213 : 000;
14214 : 000;
14215 : 000;
14216 : 000;
14217 : 000;
14218 : 100;
14219 : 000;
14220 : 000;
14221 : 000;
14222 : 011;
14223 : 000;
14224 : 000;
14225 : 010;
14226 : 100;
14227 : 010;
14228 : 000;
14229 : 001;
14230 : 000;
14231 : 101;
14232 : 000;
14233 : 001;
14234 : 000;
14235 : 110;
14236 : 000;
14237 : 000;
14238 : 000;
14239 : 100;
14240 : 000;
14241 : 001;
14242 : 000;
14243 : 101;
14244 : 000;
14245 : 000;
14246 : 000;
14247 : 101;
14248 : 000;
14249 : 000;
14250 : 000;
14251 : 000;
14252 : 000;
14253 : 001;
14254 : 000;
14255 : 010;
14256 : 100;
14257 : 000;
14258 : 000;
14259 : 000;
14260 : 000;
14261 : 010;
14262 : 001;
14263 : 000;
14264 : 000;
14265 : 000;
14266 : 000;
14267 : 000;
14268 : 000;
14269 : 001;
14270 : 000;
14271 : 000;
14272 : 000;
14273 : 000;
14274 : 000;
14275 : 001;
14276 : 000;
14277 : 000;
14278 : 000;
14279 : 000;
14280 : 000;
14281 : 000;
14282 : 000;
14283 : 000;
14284 : 000;
14285 : 000;
14286 : 010;
14287 : 000;
14288 : 000;
14289 : 010;
14290 : 000;
14291 : 000;
14292 : 000;
14293 : 000;
14294 : 000;
14295 : 101;
14296 : 000;
14297 : 010;
14298 : 000;
14299 : 000;
14300 : 000;
14301 : 000;
14302 : 000;
14303 : 100;
14304 : 001;
14305 : 000;
14306 : 000;
14307 : 000;
14308 : 001;
14309 : 000;
14310 : 000;
14311 : 000;
14312 : 001;
14313 : 010;
14314 : 000;
14315 : 000;
14316 : 000;
14317 : 001;
14318 : 110;
14319 : 001;
14320 : 010;
14321 : 001;
14322 : 010;
14323 : 001;
14324 : 110;
14325 : 001;
14326 : 000;
14327 : 001;
14328 : 000;
14329 : 010;
14330 : 001;
14331 : 000;
14332 : 100;
14333 : 011;
14334 : 000;
14335 : 000;
14336 : 000;
14337 : 001;
14338 : 000;
14339 : 111;
14340 : 000;
14341 : 010;
14342 : 000;
14343 : 001;
14344 : 000;
14345 : 000;
14346 : 011;
14347 : 000;
14348 : 101;
14349 : 010;
14350 : 001;
14351 : 000;
14352 : 000;
14353 : 000;
14354 : 010;
14355 : 001;
14356 : 000;
14357 : 101;
14358 : 000;
14359 : 011;
14360 : 000;
14361 : 000;
14362 : 000;
14363 : 001;
14364 : 000;
14365 : 000;
14366 : 000;
14367 : 010;
14368 : 000;
14369 : 000;
14370 : 001;
14371 : 010;
14372 : 101;
14373 : 000;
14374 : 011;
14375 : 100;
14376 : 011;
14377 : 001;
14378 : 110;
14379 : 001;
14380 : 000;
14381 : 001;
14382 : 111;
14383 : 001;
14384 : 000;
14385 : 101;
14386 : 000;
14387 : 000;
14388 : 000;
14389 : 000;
14390 : 010;
14391 : 100;
14392 : 001;
14393 : 000;
14394 : 111;
14395 : 000;
14396 : 001;
14397 : 000;
14398 : 000;
14399 : 001;
14400 : 000;
14401 : 000;
14402 : 000;
14403 : 100;
14404 : 010;
14405 : 000;
14406 : 111;
14407 : 000;
14408 : 000;
14409 : 000;
14410 : 000;
14411 : 001;
14412 : 000;
14413 : 000;
14414 : 000;
14415 : 000;
14416 : 010;
14417 : 000;
14418 : 000;
14419 : 110;
14420 : 000;
14421 : 000;
14422 : 000;
14423 : 000;
14424 : 000;
14425 : 000;
14426 : 000;
14427 : 000;
14428 : 001;
14429 : 000;
14430 : 000;
14431 : 000;
14432 : 111;
14433 : 000;
14434 : 000;
14435 : 000;
14436 : 000;
14437 : 000;
14438 : 000;
14439 : 000;
14440 : 100;
14441 : 010;
14442 : 000;
14443 : 000;
14444 : 000;
14445 : 001;
14446 : 000;
14447 : 000;
14448 : 111;
14449 : 000;
14450 : 001;
14451 : 000;
14452 : 100;
14453 : 000;
14454 : 000;
14455 : 101;
14456 : 000;
14457 : 000;
14458 : 000;
14459 : 000;
14460 : 101;
14461 : 010;
14462 : 000;
14463 : 100;
14464 : 000;
14465 : 000;
14466 : 000;
14467 : 000;
14468 : 000;
14469 : 100;
14470 : 011;
14471 : 000;
14472 : 000;
14473 : 000;
14474 : 000;
14475 : 000;
14476 : 000;
14477 : 000;
14478 : 000;
14479 : 000;
14480 : 000;
14481 : 010;
14482 : 001;
14483 : 000;
14484 : 110;
14485 : 001;
14486 : 000;
14487 : 000;
14488 : 000;
14489 : 000;
14490 : 000;
14491 : 000;
14492 : 000;
14493 : 000;
14494 : 000;
14495 : 010;
14496 : 000;
14497 : 000;
14498 : 000;
14499 : 000;
14500 : 110;
14501 : 100;
14502 : 010;
14503 : 111;
14504 : 100;
14505 : 010;
14506 : 101;
14507 : 000;
14508 : 000;
14509 : 000;
14510 : 000;
14511 : 100;
14512 : 111;
14513 : 000;
14514 : 000;
14515 : 000;
14516 : 000;
14517 : 110;
14518 : 000;
14519 : 000;
14520 : 000;
14521 : 000;
14522 : 000;
14523 : 000;
14524 : 010;
14525 : 000;
14526 : 100;
14527 : 000;
14528 : 000;
14529 : 000;
14530 : 000;
14531 : 000;
14532 : 100;
14533 : 010;
14534 : 000;
14535 : 000;
14536 : 110;
14537 : 000;
14538 : 001;
14539 : 010;
14540 : 100;
14541 : 000;
14542 : 100;
14543 : 000;
14544 : 000;
14545 : 000;
14546 : 001;
14547 : 000;
14548 : 000;
14549 : 100;
14550 : 000;
14551 : 010;
14552 : 000;
14553 : 100;
14554 : 000;
14555 : 001;
14556 : 000;
14557 : 100;
14558 : 000;
14559 : 011;
14560 : 000;
14561 : 110;
14562 : 000;
14563 : 000;
14564 : 010;
14565 : 000;
14566 : 000;
14567 : 000;
14568 : 000;
14569 : 010;
14570 : 100;
14571 : 001;
14572 : 000;
14573 : 000;
14574 : 100;
14575 : 000;
14576 : 000;
14577 : 000;
14578 : 001;
14579 : 110;
14580 : 000;
14581 : 000;
14582 : 000;
14583 : 000;
14584 : 000;
14585 : 000;
14586 : 000;
14587 : 001;
14588 : 010;
14589 : 000;
14590 : 100;
14591 : 000;
14592 : 000;
14593 : 000;
14594 : 110;
14595 : 000;
14596 : 000;
14597 : 111;
14598 : 000;
14599 : 000;
14600 : 000;
14601 : 111;
14602 : 000;
14603 : 000;
14604 : 101;
14605 : 010;
14606 : 101;
14607 : 000;
14608 : 000;
14609 : 000;
14610 : 000;
14611 : 001;
14612 : 000;
14613 : 100;
14614 : 000;
14615 : 000;
14616 : 000;
14617 : 000;
14618 : 100;
14619 : 000;
14620 : 001;
14621 : 000;
14622 : 000;
14623 : 010;
14624 : 000;
14625 : 111;
14626 : 001;
14627 : 000;
14628 : 000;
14629 : 000;
14630 : 011;
14631 : 000;
14632 : 000;
14633 : 001;
14634 : 000;
14635 : 001;
14636 : 000;
14637 : 000;
14638 : 001;
14639 : 000;
14640 : 000;
14641 : 000;
14642 : 001;
14643 : 000;
14644 : 000;
14645 : 000;
14646 : 010;
14647 : 000;
14648 : 001;
14649 : 100;
14650 : 001;
14651 : 010;
14652 : 001;
14653 : 000;
14654 : 000;
14655 : 001;
14656 : 000;
14657 : 010;
14658 : 000;
14659 : 000;
14660 : 000;
14661 : 001;
14662 : 000;
14663 : 000;
14664 : 011;
14665 : 000;
14666 : 000;
14667 : 000;
14668 : 000;
14669 : 001;
14670 : 000;
14671 : 000;
14672 : 011;
14673 : 000;
14674 : 001;
14675 : 100;
14676 : 000;
14677 : 011;
14678 : 000;
14679 : 000;
14680 : 000;
14681 : 111;
14682 : 000;
14683 : 000;
14684 : 010;
14685 : 001;
14686 : 000;
14687 : 001;
14688 : 000;
14689 : 000;
14690 : 000;
14691 : 001;
14692 : 010;
14693 : 101;
14694 : 011;
14695 : 001;
14696 : 100;
14697 : 011;
14698 : 000;
14699 : 001;
14700 : 110;
14701 : 001;
14702 : 000;
14703 : 111;
14704 : 011;
14705 : 000;
14706 : 010;
14707 : 001;
14708 : 000;
14709 : 001;
14710 : 000;
14711 : 000;
14712 : 001;
14713 : 000;
14714 : 000;
14715 : 000;
14716 : 010;
14717 : 001;
14718 : 000;
14719 : 000;
14720 : 000;
14721 : 000;
14722 : 111;
14723 : 000;
14724 : 000;
14725 : 000;
14726 : 000;
14727 : 000;
14728 : 000;
14729 : 000;
14730 : 000;
14731 : 110;
14732 : 000;
14733 : 000;
14734 : 000;
14735 : 000;
14736 : 100;
14737 : 001;
14738 : 000;
14739 : 000;
14740 : 111;
14741 : 000;
14742 : 000;
14743 : 000;
14744 : 000;
14745 : 000;
14746 : 000;
14747 : 010;
14748 : 100;
14749 : 000;
14750 : 000;
14751 : 000;
14752 : 000;
14753 : 000;
14754 : 000;
14755 : 000;
14756 : 000;
14757 : 000;
14758 : 110;
14759 : 000;
14760 : 000;
14761 : 000;
14762 : 000;
14763 : 000;
14764 : 000;
14765 : 100;
14766 : 000;
14767 : 000;
14768 : 000;
14769 : 000;
14770 : 100;
14771 : 010;
14772 : 000;
14773 : 000;
14774 : 111;
14775 : 000;
14776 : 010;
14777 : 000;
14778 : 100;
14779 : 000;
14780 : 000;
14781 : 000;
14782 : 000;
14783 : 000;
14784 : 000;
14785 : 000;
14786 : 100;
14787 : 000;
14788 : 011;
14789 : 000;
14790 : 000;
14791 : 100;
14792 : 010;
14793 : 000;
14794 : 000;
14795 : 000;
14796 : 000;
14797 : 000;
14798 : 000;
14799 : 000;
14800 : 000;
14801 : 100;
14802 : 000;
14803 : 000;
14804 : 000;
14805 : 000;
14806 : 110;
14807 : 100;
14808 : 000;
14809 : 000;
14810 : 111;
14811 : 000;
14812 : 000;
14813 : 000;
14814 : 000;
14815 : 000;
14816 : 000;
14817 : 000;
14818 : 000;
14819 : 000;
14820 : 001;
14821 : 110;
14822 : 000;
14823 : 100;
14824 : 001;
14825 : 110;
14826 : 100;
14827 : 010;
14828 : 000;
14829 : 000;
14830 : 000;
14831 : 000;
14832 : 111;
14833 : 000;
14834 : 000;
14835 : 000;
14836 : 000;
14837 : 001;
14838 : 000;
14839 : 000;
14840 : 000;
14841 : 000;
14842 : 010;
14843 : 000;
14844 : 000;
14845 : 000;
14846 : 000;
14847 : 000;
14848 : 000;
14849 : 001;
14850 : 000;
14851 : 000;
14852 : 000;
14853 : 100;
14854 : 001;
14855 : 000;
14856 : 000;
14857 : 000;
14858 : 100;
14859 : 000;
14860 : 011;
14861 : 000;
14862 : 000;
14863 : 111;
14864 : 000;
14865 : 000;
14866 : 100;
14867 : 000;
14868 : 000;
14869 : 000;
14870 : 000;
14871 : 000;
14872 : 000;
14873 : 010;
14874 : 000;
14875 : 000;
14876 : 010;
14877 : 000;
14878 : 000;
14879 : 000;
14880 : 000;
14881 : 000;
14882 : 000;
14883 : 000;
14884 : 000;
14885 : 000;
14886 : 101;
14887 : 010;
14888 : 000;
14889 : 000;
14890 : 000;
14891 : 000;
14892 : 000;
14893 : 010;
14894 : 000;
14895 : 000;
14896 : 000;
14897 : 000;
14898 : 000;
14899 : 000;
14900 : 000;
14901 : 000;
14902 : 100;
14903 : 000;
14904 : 001;
14905 : 100;
14906 : 010;
14907 : 000;
14908 : 100;
14909 : 000;
14910 : 010;
14911 : 000;
14912 : 111;
14913 : 000;
14914 : 001;
14915 : 000;
14916 : 000;
14917 : 000;
14918 : 000;
14919 : 000;
14920 : 100;
14921 : 000;
14922 : 000;
14923 : 000;
14924 : 000;
14925 : 000;
14926 : 000;
14927 : 110;
14928 : 000;
14929 : 001;
14930 : 000;
14931 : 100;
14932 : 000;
14933 : 000;
14934 : 000;
14935 : 000;
14936 : 000;
14937 : 000;
14938 : 001;
14939 : 000;
14940 : 010;
14941 : 000;
14942 : 000;
14943 : 000;
14944 : 000;
14945 : 000;
14946 : 000;
14947 : 000;
14948 : 011;
14949 : 000;
14950 : 000;
14951 : 001;
14952 : 000;
14953 : 000;
14954 : 000;
14955 : 010;
14956 : 000;
14957 : 001;
14958 : 010;
14959 : 000;
14960 : 101;
14961 : 010;
14962 : 000;
14963 : 001;
14964 : 010;
14965 : 001;
14966 : 000;
14967 : 001;
14968 : 000;
14969 : 010;
14970 : 000;
14971 : 000;
14972 : 000;
14973 : 001;
14974 : 000;
14975 : 010;
14976 : 001;
14977 : 000;
14978 : 001;
14979 : 000;
14980 : 000;
14981 : 000;
14982 : 001;
14983 : 100;
14984 : 000;
14985 : 001;
14986 : 110;
14987 : 001;
14988 : 000;
14989 : 010;
14990 : 001;
14991 : 000;
14992 : 100;
14993 : 000;
14994 : 000;
14995 : 001;
14996 : 000;
14997 : 000;
14998 : 000;
14999 : 001;
15000 : 000;
15001 : 000;
15002 : 001;
15003 : 000;
15004 : 001;
15005 : 000;
15006 : 000;
15007 : 000;
15008 : 001;
15009 : 000;
15010 : 000;
15011 : 111;
15012 : 000;
15013 : 001;
15014 : 100;
15015 : 011;
15016 : 000;
15017 : 001;
15018 : 110;
15019 : 001;
15020 : 011;
15021 : 100;
15022 : 011;
15023 : 000;
15024 : 001;
15025 : 000;
15026 : 000;
15027 : 000;
15028 : 010;
15029 : 000;
15030 : 000;
15031 : 001;
15032 : 010;
15033 : 000;
15034 : 001;
15035 : 000;
15036 : 001;
15037 : 100;
15038 : 010;
15039 : 000;
15040 : 000;
15041 : 000;
15042 : 000;
15043 : 000;
15044 : 000;
15045 : 000;
15046 : 000;
15047 : 101;
15048 : 000;
15049 : 000;
15050 : 000;
15051 : 000;
15052 : 000;
15053 : 001;
15054 : 000;
15055 : 000;
15056 : 000;
15057 : 010;
15058 : 100;
15059 : 000;
15060 : 111;
15061 : 100;
15062 : 000;
15063 : 000;
15064 : 000;
15065 : 010;
15066 : 101;
15067 : 000;
15068 : 000;
15069 : 000;
15070 : 000;
15071 : 000;
15072 : 000;
15073 : 000;
15074 : 000;
15075 : 001;
15076 : 010;
15077 : 000;
15078 : 001;
15079 : 000;
15080 : 000;
15081 : 000;
15082 : 000;
15083 : 001;
15084 : 000;
15085 : 000;
15086 : 010;
15087 : 000;
15088 : 000;
15089 : 000;
15090 : 000;
15091 : 000;
15092 : 001;
15093 : 000;
15094 : 000;
15095 : 000;
15096 : 100;
15097 : 000;
15098 : 001;
15099 : 000;
15100 : 000;
15101 : 000;
15102 : 000;
15103 : 001;
15104 : 000;
15105 : 000;
15106 : 000;
15107 : 000;
15108 : 000;
15109 : 100;
15110 : 000;
15111 : 000;
15112 : 001;
15113 : 100;
15114 : 000;
15115 : 000;
15116 : 000;
15117 : 000;
15118 : 000;
15119 : 000;
15120 : 000;
15121 : 001;
15122 : 010;
15123 : 100;
15124 : 000;
15125 : 000;
15126 : 000;
15127 : 011;
15128 : 100;
15129 : 010;
15130 : 100;
15131 : 000;
15132 : 000;
15133 : 110;
15134 : 000;
15135 : 000;
15136 : 000;
15137 : 000;
15138 : 000;
15139 : 100;
15140 : 000;
15141 : 000;
15142 : 001;
15143 : 000;
15144 : 000;
15145 : 000;
15146 : 000;
15147 : 100;
15148 : 000;
15149 : 000;
15150 : 000;
15151 : 111;
15152 : 110;
15153 : 000;
15154 : 000;
15155 : 000;
15156 : 110;
15157 : 100;
15158 : 000;
15159 : 000;
15160 : 010;
15161 : 100;
15162 : 000;
15163 : 000;
15164 : 000;
15165 : 000;
15166 : 000;
15167 : 000;
15168 : 000;
15169 : 000;
15170 : 010;
15171 : 000;
15172 : 000;
15173 : 010;
15174 : 000;
15175 : 000;
15176 : 100;
15177 : 000;
15178 : 011;
15179 : 000;
15180 : 000;
15181 : 000;
15182 : 000;
15183 : 000;
15184 : 000;
15185 : 000;
15186 : 000;
15187 : 010;
15188 : 000;
15189 : 000;
15190 : 000;
15191 : 100;
15192 : 001;
15193 : 000;
15194 : 000;
15195 : 100;
15196 : 000;
15197 : 000;
15198 : 000;
15199 : 000;
15200 : 000;
15201 : 000;
15202 : 000;
15203 : 000;
15204 : 101;
15205 : 000;
15206 : 000;
15207 : 000;
15208 : 000;
15209 : 101;
15210 : 000;
15211 : 000;
15212 : 000;
15213 : 100;
15214 : 000;
15215 : 001;
15216 : 110;
15217 : 000;
15218 : 000;
15219 : 001;
15220 : 110;
15221 : 001;
15222 : 000;
15223 : 010;
15224 : 100;
15225 : 001;
15226 : 000;
15227 : 000;
15228 : 001;
15229 : 000;
15230 : 101;
15231 : 000;
15232 : 000;
15233 : 000;
15234 : 000;
15235 : 110;
15236 : 000;
15237 : 001;
15238 : 100;
15239 : 000;
15240 : 011;
15241 : 000;
15242 : 111;
15243 : 000;
15244 : 000;
15245 : 111;
15246 : 000;
15247 : 001;
15248 : 000;
15249 : 000;
15250 : 000;
15251 : 000;
15252 : 010;
15253 : 000;
15254 : 001;
15255 : 010;
15256 : 000;
15257 : 000;
15258 : 010;
15259 : 000;
15260 : 100;
15261 : 000;
15262 : 000;
15263 : 000;
15264 : 001;
15265 : 011;
15266 : 000;
15267 : 001;
15268 : 000;
15269 : 000;
15270 : 000;
15271 : 000;
15272 : 010;
15273 : 001;
15274 : 100;
15275 : 001;
15276 : 000;
15277 : 000;
15278 : 001;
15279 : 000;
15280 : 000;
15281 : 001;
15282 : 000;
15283 : 000;
15284 : 000;
15285 : 000;
15286 : 001;
15287 : 110;
15288 : 000;
15289 : 001;
15290 : 000;
15291 : 001;
15292 : 000;
15293 : 010;
15294 : 001;
15295 : 100;
15296 : 000;
15297 : 000;
15298 : 000;
15299 : 001;
15300 : 000;
15301 : 011;
15302 : 000;
15303 : 000;
15304 : 000;
15305 : 001;
15306 : 000;
15307 : 000;
15308 : 001;
15309 : 000;
15310 : 000;
15311 : 001;
15312 : 010;
15313 : 001;
15314 : 000;
15315 : 010;
15316 : 001;
15317 : 000;
15318 : 000;
15319 : 000;
15320 : 000;
15321 : 011;
15322 : 000;
15323 : 000;
15324 : 000;
15325 : 010;
15326 : 001;
15327 : 100;
15328 : 010;
15329 : 000;
15330 : 000;
15331 : 000;
15332 : 001;
15333 : 010;
15334 : 001;
15335 : 000;
15336 : 111;
15337 : 000;
15338 : 001;
15339 : 010;
15340 : 101;
15341 : 000;
15342 : 001;
15343 : 010;
15344 : 100;
15345 : 000;
15346 : 001;
15347 : 000;
15348 : 001;
15349 : 000;
15350 : 000;
15351 : 000;
15352 : 001;
15353 : 100;
15354 : 010;
15355 : 000;
15356 : 000;
15357 : 001;
15358 : 000;
15359 : 000;
15360 : 000;
15361 : 111;
15362 : 000;
15363 : 100;
15364 : 001;
15365 : 000;
15366 : 110;
15367 : 000;
15368 : 000;
15369 : 000;
15370 : 000;
15371 : 111;
15372 : 110;
15373 : 000;
15374 : 100;
15375 : 010;
15376 : 001;
15377 : 100;
15378 : 000;
15379 : 000;
15380 : 000;
15381 : 000;
15382 : 000;
15383 : 000;
15384 : 000;
15385 : 000;
15386 : 000;
15387 : 000;
15388 : 001;
15389 : 000;
15390 : 000;
15391 : 000;
15392 : 000;
15393 : 000;
15394 : 010;
15395 : 100;
15396 : 000;
15397 : 000;
15398 : 000;
15399 : 000;
15400 : 000;
15401 : 000;
15402 : 000;
15403 : 100;
15404 : 000;
15405 : 000;
15406 : 000;
15407 : 000;
15408 : 000;
15409 : 000;
15410 : 000;
15411 : 000;
15412 : 000;
15413 : 000;
15414 : 000;
15415 : 000;
15416 : 000;
15417 : 000;
15418 : 000;
15419 : 010;
15420 : 000;
15421 : 000;
15422 : 000;
15423 : 000;
15424 : 110;
15425 : 000;
15426 : 000;
15427 : 000;
15428 : 001;
15429 : 000;
15430 : 000;
15431 : 000;
15432 : 000;
15433 : 000;
15434 : 000;
15435 : 000;
15436 : 000;
15437 : 100;
15438 : 000;
15439 : 000;
15440 : 000;
15441 : 100;
15442 : 000;
15443 : 001;
15444 : 010;
15445 : 000;
15446 : 000;
15447 : 000;
15448 : 100;
15449 : 000;
15450 : 000;
15451 : 111;
15452 : 000;
15453 : 001;
15454 : 100;
15455 : 000;
15456 : 000;
15457 : 000;
15458 : 000;
15459 : 000;
15460 : 010;
15461 : 000;
15462 : 100;
15463 : 010;
15464 : 100;
15465 : 000;
15466 : 000;
15467 : 000;
15468 : 011;
15469 : 100;
15470 : 000;
15471 : 100;
15472 : 110;
15473 : 000;
15474 : 000;
15475 : 000;
15476 : 000;
15477 : 011;
15478 : 000;
15479 : 000;
15480 : 000;
15481 : 000;
15482 : 000;
15483 : 000;
15484 : 000;
15485 : 100;
15486 : 000;
15487 : 000;
15488 : 000;
15489 : 100;
15490 : 000;
15491 : 000;
15492 : 000;
15493 : 100;
15494 : 000;
15495 : 000;
15496 : 000;
15497 : 000;
15498 : 000;
15499 : 000;
15500 : 100;
15501 : 000;
15502 : 000;
15503 : 000;
15504 : 000;
15505 : 000;
15506 : 000;
15507 : 000;
15508 : 100;
15509 : 000;
15510 : 001;
15511 : 000;
15512 : 000;
15513 : 000;
15514 : 000;
15515 : 000;
15516 : 000;
15517 : 001;
15518 : 100;
15519 : 000;
15520 : 100;
15521 : 001;
15522 : 010;
15523 : 000;
15524 : 000;
15525 : 010;
15526 : 000;
15527 : 000;
15528 : 000;
15529 : 010;
15530 : 000;
15531 : 000;
15532 : 000;
15533 : 000;
15534 : 011;
15535 : 000;
15536 : 000;
15537 : 000;
15538 : 110;
15539 : 000;
15540 : 000;
15541 : 000;
15542 : 000;
15543 : 101;
15544 : 010;
15545 : 000;
15546 : 110;
15547 : 000;
15548 : 110;
15549 : 000;
15550 : 000;
15551 : 000;
15552 : 000;
15553 : 111;
15554 : 000;
15555 : 000;
15556 : 000;
15557 : 000;
15558 : 010;
15559 : 000;
15560 : 000;
15561 : 000;
15562 : 000;
15563 : 000;
15564 : 000;
15565 : 000;
15566 : 000;
15567 : 000;
15568 : 000;
15569 : 000;
15570 : 000;
15571 : 000;
15572 : 000;
15573 : 000;
15574 : 000;
15575 : 000;
15576 : 100;
15577 : 000;
15578 : 000;
15579 : 000;
15580 : 000;
15581 : 000;
15582 : 000;
15583 : 000;
15584 : 100;
15585 : 000;
15586 : 001;
15587 : 000;
15588 : 000;
15589 : 001;
15590 : 010;
15591 : 001;
15592 : 000;
15593 : 000;
15594 : 000;
15595 : 010;
15596 : 001;
15597 : 000;
15598 : 110;
15599 : 001;
15600 : 010;
15601 : 000;
15602 : 111;
15603 : 000;
15604 : 001;
15605 : 100;
15606 : 000;
15607 : 001;
15608 : 000;
15609 : 000;
15610 : 000;
15611 : 000;
15612 : 001;
15613 : 000;
15614 : 000;
15615 : 000;
15616 : 001;
15617 : 010;
15618 : 000;
15619 : 000;
15620 : 000;
15621 : 000;
15622 : 001;
15623 : 010;
15624 : 001;
15625 : 000;
15626 : 011;
15627 : 000;
15628 : 000;
15629 : 011;
15630 : 000;
15631 : 000;
15632 : 001;
15633 : 000;
15634 : 000;
15635 : 001;
15636 : 000;
15637 : 010;
15638 : 001;
15639 : 000;
15640 : 000;
15641 : 001;
15642 : 000;
15643 : 000;
15644 : 001;
15645 : 100;
15646 : 000;
15647 : 000;
15648 : 001;
15649 : 000;
15650 : 001;
15651 : 000;
15652 : 000;
15653 : 000;
15654 : 111;
15655 : 000;
15656 : 000;
15657 : 000;
15658 : 000;
15659 : 000;
15660 : 000;
15661 : 010;
15662 : 000;
15663 : 001;
15664 : 000;
15665 : 000;
15666 : 000;
15667 : 000;
15668 : 000;
15669 : 000;
15670 : 001;
15671 : 000;
15672 : 010;
15673 : 001;
15674 : 000;
15675 : 001;
15676 : 010;
15677 : 000;
15678 : 001;
15679 : 000;
15680 : 000;
15681 : 000;
15682 : 000;
15683 : 000;
15684 : 010;
15685 : 000;
15686 : 000;
15687 : 000;
15688 : 111;
15689 : 000;
15690 : 110;
15691 : 000;
15692 : 101;
15693 : 000;
15694 : 000;
15695 : 000;
15696 : 100;
15697 : 011;
15698 : 000;
15699 : 000;
15700 : 000;
15701 : 000;
15702 : 000;
15703 : 000;
15704 : 000;
15705 : 000;
15706 : 000;
15707 : 100;
15708 : 010;
15709 : 000;
15710 : 000;
15711 : 100;
15712 : 011;
15713 : 000;
15714 : 000;
15715 : 000;
15716 : 000;
15717 : 000;
15718 : 000;
15719 : 000;
15720 : 000;
15721 : 000;
15722 : 000;
15723 : 010;
15724 : 000;
15725 : 000;
15726 : 000;
15727 : 101;
15728 : 000;
15729 : 000;
15730 : 000;
15731 : 110;
15732 : 000;
15733 : 000;
15734 : 100;
15735 : 010;
15736 : 000;
15737 : 000;
15738 : 000;
15739 : 000;
15740 : 000;
15741 : 100;
15742 : 000;
15743 : 000;
15744 : 000;
15745 : 000;
15746 : 001;
15747 : 000;
15748 : 110;
15749 : 000;
15750 : 010;
15751 : 000;
15752 : 000;
15753 : 000;
15754 : 000;
15755 : 000;
15756 : 000;
15757 : 000;
15758 : 000;
15759 : 000;
15760 : 010;
15761 : 000;
15762 : 000;
15763 : 100;
15764 : 000;
15765 : 101;
15766 : 000;
15767 : 110;
15768 : 000;
15769 : 000;
15770 : 000;
15771 : 000;
15772 : 100;
15773 : 010;
15774 : 000;
15775 : 000;
15776 : 101;
15777 : 000;
15778 : 000;
15779 : 000;
15780 : 101;
15781 : 000;
15782 : 000;
15783 : 111;
15784 : 000;
15785 : 010;
15786 : 101;
15787 : 000;
15788 : 000;
15789 : 000;
15790 : 000;
15791 : 000;
15792 : 111;
15793 : 000;
15794 : 000;
15795 : 000;
15796 : 100;
15797 : 000;
15798 : 100;
15799 : 000;
15800 : 000;
15801 : 000;
15802 : 000;
15803 : 000;
15804 : 000;
15805 : 000;
15806 : 001;
15807 : 000;
15808 : 000;
15809 : 000;
15810 : 000;
15811 : 000;
15812 : 000;
15813 : 001;
15814 : 000;
15815 : 000;
15816 : 000;
15817 : 000;
15818 : 000;
15819 : 000;
15820 : 000;
15821 : 000;
15822 : 000;
15823 : 000;
15824 : 110;
15825 : 001;
15826 : 100;
15827 : 000;
15828 : 001;
15829 : 010;
15830 : 000;
15831 : 000;
15832 : 110;
15833 : 000;
15834 : 000;
15835 : 001;
15836 : 110;
15837 : 000;
15838 : 010;
15839 : 000;
15840 : 010;
15841 : 100;
15842 : 000;
15843 : 101;
15844 : 000;
15845 : 000;
15846 : 000;
15847 : 101;
15848 : 000;
15849 : 000;
15850 : 000;
15851 : 100;
15852 : 011;
15853 : 000;
15854 : 100;
15855 : 000;
15856 : 000;
15857 : 001;
15858 : 000;
15859 : 000;
15860 : 001;
15861 : 100;
15862 : 000;
15863 : 000;
15864 : 000;
15865 : 000;
15866 : 000;
15867 : 000;
15868 : 000;
15869 : 000;
15870 : 000;
15871 : 000;
15872 : 000;
15873 : 000;
15874 : 000;
15875 : 000;
15876 : 000;
15877 : 000;
15878 : 000;
15879 : 000;
15880 : 000;
15881 : 000;
15882 : 000;
15883 : 000;
15884 : 000;
15885 : 000;
15886 : 000;
15887 : 000;
15888 : 000;
15889 : 100;
15890 : 010;
15891 : 001;
15892 : 000;
15893 : 100;
15894 : 000;
15895 : 000;
15896 : 001;
15897 : 000;
15898 : 000;
15899 : 101;
15900 : 000;
15901 : 000;
15902 : 000;
15903 : 000;
15904 : 000;
15905 : 011;
15906 : 000;
15907 : 000;
15908 : 010;
15909 : 000;
15910 : 100;
15911 : 000;
15912 : 001;
15913 : 000;
15914 : 001;
15915 : 000;
15916 : 000;
15917 : 001;
15918 : 000;
15919 : 000;
15920 : 001;
15921 : 000;
15922 : 000;
15923 : 000;
15924 : 000;
15925 : 011;
15926 : 000;
15927 : 000;
15928 : 011;
15929 : 000;
15930 : 001;
15931 : 010;
15932 : 000;
15933 : 100;
15934 : 011;
15935 : 000;
15936 : 000;
15937 : 001;
15938 : 000;
15939 : 011;
15940 : 000;
15941 : 101;
15942 : 000;
15943 : 000;
15944 : 000;
15945 : 000;
15946 : 000;
15947 : 000;
15948 : 001;
15949 : 100;
15950 : 000;
15951 : 011;
15952 : 000;
15953 : 000;
15954 : 000;
15955 : 010;
15956 : 001;
15957 : 000;
15958 : 000;
15959 : 001;
15960 : 000;
15961 : 010;
15962 : 001;
15963 : 000;
15964 : 010;
15965 : 001;
15966 : 000;
15967 : 000;
15968 : 000;
15969 : 000;
15970 : 010;
15971 : 000;
15972 : 001;
15973 : 000;
15974 : 000;
15975 : 000;
15976 : 000;
15977 : 001;
15978 : 000;
15979 : 001;
15980 : 000;
15981 : 001;
15982 : 000;
15983 : 000;
15984 : 011;
15985 : 000;
15986 : 001;
15987 : 010;
15988 : 000;
15989 : 000;
15990 : 010;
15991 : 000;
15992 : 001;
15993 : 000;
15994 : 000;
15995 : 000;
15996 : 101;
15997 : 000;
15998 : 010;
15999 : 001;
16000 : 000;
16001 : 000;
16002 : 000;
16003 : 000;
16004 : 000;
16005 : 000;
16006 : 000;
16007 : 000;
16008 : 000;
16009 : 000;
16010 : 000;
16011 : 111;
16012 : 000;
16013 : 000;
16014 : 000;
16015 : 000;
16016 : 110;
16017 : 000;
16018 : 111;
16019 : 100;
16020 : 011;
16021 : 000;
16022 : 010;
16023 : 000;
16024 : 000;
16025 : 100;
16026 : 001;
16027 : 000;
16028 : 000;
16029 : 000;
16030 : 000;
16031 : 000;
16032 : 000;
16033 : 000;
16034 : 000;
16035 : 000;
16036 : 000;
16037 : 000;
16038 : 000;
16039 : 100;
16040 : 001;
16041 : 000;
16042 : 000;
16043 : 000;
16044 : 000;
16045 : 000;
16046 : 000;
16047 : 000;
16048 : 000;
16049 : 010;
16050 : 001;
16051 : 000;
16052 : 000;
16053 : 000;
16054 : 000;
16055 : 000;
16056 : 001;
16057 : 000;
16058 : 000;
16059 : 100;
16060 : 000;
16061 : 001;
16062 : 010;
16063 : 000;
16064 : 000;
16065 : 000;
16066 : 000;
16067 : 000;
16068 : 000;
16069 : 000;
16070 : 101;
16071 : 000;
16072 : 000;
16073 : 110;
16074 : 000;
16075 : 000;
16076 : 010;
16077 : 000;
16078 : 000;
16079 : 000;
16080 : 000;
16081 : 101;
16082 : 010;
16083 : 000;
16084 : 010;
16085 : 100;
16086 : 111;
16087 : 111;
16088 : 000;
16089 : 000;
16090 : 111;
16091 : 000;
16092 : 000;
16093 : 000;
16094 : 000;
16095 : 110;
16096 : 000;
16097 : 000;
16098 : 000;
16099 : 000;
16100 : 010;
16101 : 100;
16102 : 000;
16103 : 000;
16104 : 100;
16105 : 000;
16106 : 110;
16107 : 000;
16108 : 000;
16109 : 000;
16110 : 000;
16111 : 000;
16112 : 111;
16113 : 000;
16114 : 000;
16115 : 000;
16116 : 001;
16117 : 010;
16118 : 000;
16119 : 000;
16120 : 000;
16121 : 000;
16122 : 000;
16123 : 000;
16124 : 001;
16125 : 000;
16126 : 000;
16127 : 010;
16128 : 000;
16129 : 000;
16130 : 000;
16131 : 001;
16132 : 000;
16133 : 000;
16134 : 000;
16135 : 110;
16136 : 000;
16137 : 001;
16138 : 110;
16139 : 000;
16140 : 000;
16141 : 111;
16142 : 000;
16143 : 000;
16144 : 000;
16145 : 000;
16146 : 010;
16147 : 000;
16148 : 000;
16149 : 100;
16150 : 000;
16151 : 000;
16152 : 001;
16153 : 110;
16154 : 000;
16155 : 000;
16156 : 000;
16157 : 000;
16158 : 101;
16159 : 000;
16160 : 001;
16161 : 000;
16162 : 010;
16163 : 000;
16164 : 000;
16165 : 111;
16166 : 000;
16167 : 000;
16168 : 010;
16169 : 101;
16170 : 000;
16171 : 000;
16172 : 000;
16173 : 000;
16174 : 000;
16175 : 010;
16176 : 100;
16177 : 000;
16178 : 000;
16179 : 000;
16180 : 010;
16181 : 000;
16182 : 000;
16183 : 000;
16184 : 000;
16185 : 000;
16186 : 001;
16187 : 000;
16188 : 000;
16189 : 001;
16190 : 000;
16191 : 010;
16192 : 000;
16193 : 000;
16194 : 000;
16195 : 001;
16196 : 100;
16197 : 000;
16198 : 001;
16199 : 100;
16200 : 000;
16201 : 001;
16202 : 100;
16203 : 000;
16204 : 001;
16205 : 000;
16206 : 100;
16207 : 010;
16208 : 000;
16209 : 001;
16210 : 000;
16211 : 000;
16212 : 000;
16213 : 000;
16214 : 001;
16215 : 010;
16216 : 000;
16217 : 000;
16218 : 000;
16219 : 000;
16220 : 010;
16221 : 000;
16222 : 000;
16223 : 001;
16224 : 000;
16225 : 000;
16226 : 101;
16227 : 000;
16228 : 001;
16229 : 000;
16230 : 001;
16231 : 000;
16232 : 010;
16233 : 000;
16234 : 000;
16235 : 011;
16236 : 000;
16237 : 000;
16238 : 011;
16239 : 000;
16240 : 000;
16241 : 000;
16242 : 001;
16243 : 010;
16244 : 001;
16245 : 000;
16246 : 000;
16247 : 001;
16248 : 000;
16249 : 000;
16250 : 000;
16251 : 001;
16252 : 000;
16253 : 000;
16254 : 000;
16255 : 001;
16256 : 000;
16257 : 000;
16258 : 000;
16259 : 101;
16260 : 000;
16261 : 010;
16262 : 000;
16263 : 001;
16264 : 010;
16265 : 001;
16266 : 100;
16267 : 011;
16268 : 000;
16269 : 010;
16270 : 001;
16271 : 000;
16272 : 000;
16273 : 001;
16274 : 000;
16275 : 101;
16276 : 000;
16277 : 000;
16278 : 000;
16279 : 010;
16280 : 000;
16281 : 001;
16282 : 000;
16283 : 000;
16284 : 000;
16285 : 000;
16286 : 001;
16287 : 010;
16288 : 000;
16289 : 001;
16290 : 000;
16291 : 000;
16292 : 000;
16293 : 000;
16294 : 000;
16295 : 001;
16296 : 000;
16297 : 010;
16298 : 000;
16299 : 000;
16300 : 011;
16301 : 000;
16302 : 101;
16303 : 000;
16304 : 000;
16305 : 000;
16306 : 000;
16307 : 000;
16308 : 001;
16309 : 100;
16310 : 001;
16311 : 000;
16312 : 100;
16313 : 011;
16314 : 000;
16315 : 001;
16316 : 010;
16317 : 001;
16318 : 000;
16319 : 000;
16320 : 000;
16321 : 000;
16322 : 000;
16323 : 000;
16324 : 000;
16325 : 000;
16326 : 100;
16327 : 000;
16328 : 000;
16329 : 100;
16330 : 000;
16331 : 000;
16332 : 000;
16333 : 000;
16334 : 000;
16335 : 000;
16336 : 000;
16337 : 100;
16338 : 000;
16339 : 000;
16340 : 100;
16341 : 011;
16342 : 100;
16343 : 001;
16344 : 000;
16345 : 000;
16346 : 010;
16347 : 000;
16348 : 000;
16349 : 101;
16350 : 010;
16351 : 000;
16352 : 100;
16353 : 000;
16354 : 000;
16355 : 101;
16356 : 000;
16357 : 000;
16358 : 000;
16359 : 000;
16360 : 000;
16361 : 010;
16362 : 000;
16363 : 100;
16364 : 001;
16365 : 000;
16366 : 000;
16367 : 000;
16368 : 000;
16369 : 000;
16370 : 000;
16371 : 000;
16372 : 000;
16373 : 000;
16374 : 000;
16375 : 000;
16376 : 000;
16377 : 000;
16378 : 000;
16379 : 000;
16380 : 010;
16381 : 000;
16382 : 000;
16383 : 000;
16384 : 000;
16385 : 000;
16386 : 100;
16387 : 000;
16388 : 010;
16389 : 000;
16390 : 000;
16391 : 000;
16392 : 000;
16393 : 101;
16394 : 000;
16395 : 111;
16396 : 111;
16397 : 000;
16398 : 000;
16399 : 000;
16400 : 000;
16401 : 000;
16402 : 000;
16403 : 001;
16404 : 100;
16405 : 000;
16406 : 111;
16407 : 000;
16408 : 110;
16409 : 111;
16410 : 111;
16411 : 100;
16412 : 000;
16413 : 000;
16414 : 000;
16415 : 000;
16416 : 000;
16417 : 000;
16418 : 000;
16419 : 000;
16420 : 000;
16421 : 001;
16422 : 110;
16423 : 000;
16424 : 000;
16425 : 000;
16426 : 000;
16427 : 101;
16428 : 010;
16429 : 000;
16430 : 000;
16431 : 100;
16432 : 110;
16433 : 000;
16434 : 000;
16435 : 000;
16436 : 000;
16437 : 100;
16438 : 000;
16439 : 000;
16440 : 000;
16441 : 001;
16442 : 000;
16443 : 000;
16444 : 000;
16445 : 000;
16446 : 100;
16447 : 000;
16448 : 000;
16449 : 000;
16450 : 100;
16451 : 010;
16452 : 000;
16453 : 100;
16454 : 010;
16455 : 001;
16456 : 000;
16457 : 000;
16458 : 000;
16459 : 000;
16460 : 000;
16461 : 000;
16462 : 000;
16463 : 100;
16464 : 011;
16465 : 000;
16466 : 000;
16467 : 000;
16468 : 000;
16469 : 011;
16470 : 000;
16471 : 000;
16472 : 100;
16473 : 000;
16474 : 000;
16475 : 000;
16476 : 111;
16477 : 000;
16478 : 000;
16479 : 000;
16480 : 000;
16481 : 100;
16482 : 000;
16483 : 000;
16484 : 000;
16485 : 000;
16486 : 000;
16487 : 000;
16488 : 000;
16489 : 000;
16490 : 000;
16491 : 000;
16492 : 000;
16493 : 000;
16494 : 000;
16495 : 001;
16496 : 000;
16497 : 000;
16498 : 000;
16499 : 100;
16500 : 000;
16501 : 000;
16502 : 000;
16503 : 010;
16504 : 001;
16505 : 100;
16506 : 000;
16507 : 000;
16508 : 000;
16509 : 110;
16510 : 000;
16511 : 000;
16512 : 101;
16513 : 000;
16514 : 000;
16515 : 010;
16516 : 000;
16517 : 000;
16518 : 000;
16519 : 010;
16520 : 000;
16521 : 000;
16522 : 010;
16523 : 000;
16524 : 000;
16525 : 010;
16526 : 000;
16527 : 001;
16528 : 000;
16529 : 000;
16530 : 000;
16531 : 100;
16532 : 000;
16533 : 010;
16534 : 000;
16535 : 000;
16536 : 100;
16537 : 000;
16538 : 010;
16539 : 000;
16540 : 000;
16541 : 001;
16542 : 000;
16543 : 100;
16544 : 000;
16545 : 011;
16546 : 000;
16547 : 000;
16548 : 000;
16549 : 000;
16550 : 000;
16551 : 001;
16552 : 000;
16553 : 001;
16554 : 100;
16555 : 000;
16556 : 001;
16557 : 110;
16558 : 000;
16559 : 001;
16560 : 000;
16561 : 011;
16562 : 000;
16563 : 000;
16564 : 000;
16565 : 001;
16566 : 000;
16567 : 010;
16568 : 000;
16569 : 001;
16570 : 110;
16571 : 000;
16572 : 001;
16573 : 010;
16574 : 001;
16575 : 000;
16576 : 010;
16577 : 001;
16578 : 000;
16579 : 010;
16580 : 000;
16581 : 001;
16582 : 000;
16583 : 000;
16584 : 000;
16585 : 000;
16586 : 000;
16587 : 000;
16588 : 000;
16589 : 001;
16590 : 000;
16591 : 000;
16592 : 000;
16593 : 010;
16594 : 000;
16595 : 000;
16596 : 011;
16597 : 000;
16598 : 001;
16599 : 000;
16600 : 000;
16601 : 000;
16602 : 111;
16603 : 000;
16604 : 001;
16605 : 010;
16606 : 000;
16607 : 000;
16608 : 000;
16609 : 000;
16610 : 000;
16611 : 001;
16612 : 010;
16613 : 001;
16614 : 000;
16615 : 010;
16616 : 001;
16617 : 000;
16618 : 001;
16619 : 100;
16620 : 000;
16621 : 000;
16622 : 000;
16623 : 010;
16624 : 001;
16625 : 000;
16626 : 001;
16627 : 100;
16628 : 011;
16629 : 000;
16630 : 000;
16631 : 011;
16632 : 000;
16633 : 001;
16634 : 000;
16635 : 000;
16636 : 001;
16637 : 100;
16638 : 011;
16639 : 000;
16640 : 000;
16641 : 000;
16642 : 000;
16643 : 000;
16644 : 000;
16645 : 000;
16646 : 000;
16647 : 000;
16648 : 000;
16649 : 000;
16650 : 000;
16651 : 111;
16652 : 000;
16653 : 000;
16654 : 000;
16655 : 000;
16656 : 111;
16657 : 000;
16658 : 000;
16659 : 011;
16660 : 000;
16661 : 000;
16662 : 000;
16663 : 000;
16664 : 110;
16665 : 000;
16666 : 001;
16667 : 100;
16668 : 010;
16669 : 000;
16670 : 000;
16671 : 000;
16672 : 001;
16673 : 000;
16674 : 010;
16675 : 000;
16676 : 000;
16677 : 110;
16678 : 001;
16679 : 010;
16680 : 100;
16681 : 000;
16682 : 000;
16683 : 000;
16684 : 000;
16685 : 000;
16686 : 000;
16687 : 010;
16688 : 100;
16689 : 000;
16690 : 000;
16691 : 000;
16692 : 100;
16693 : 000;
16694 : 001;
16695 : 000;
16696 : 100;
16697 : 010;
16698 : 000;
16699 : 000;
16700 : 000;
16701 : 000;
16702 : 000;
16703 : 000;
16704 : 101;
16705 : 000;
16706 : 010;
16707 : 000;
16708 : 001;
16709 : 100;
16710 : 000;
16711 : 000;
16712 : 000;
16713 : 010;
16714 : 000;
16715 : 000;
16716 : 100;
16717 : 000;
16718 : 000;
16719 : 000;
16720 : 000;
16721 : 101;
16722 : 010;
16723 : 000;
16724 : 000;
16725 : 010;
16726 : 100;
16727 : 000;
16728 : 000;
16729 : 100;
16730 : 111;
16731 : 000;
16732 : 000;
16733 : 111;
16734 : 000;
16735 : 000;
16736 : 000;
16737 : 000;
16738 : 000;
16739 : 000;
16740 : 110;
16741 : 000;
16742 : 000;
16743 : 101;
16744 : 000;
16745 : 010;
16746 : 000;
16747 : 000;
16748 : 000;
16749 : 100;
16750 : 000;
16751 : 000;
16752 : 111;
16753 : 000;
16754 : 000;
16755 : 000;
16756 : 000;
16757 : 011;
16758 : 000;
16759 : 000;
16760 : 000;
16761 : 000;
16762 : 100;
16763 : 000;
16764 : 000;
16765 : 000;
16766 : 000;
16767 : 000;
16768 : 000;
16769 : 000;
16770 : 000;
16771 : 000;
16772 : 000;
16773 : 000;
16774 : 000;
16775 : 100;
16776 : 000;
16777 : 000;
16778 : 110;
16779 : 000;
16780 : 000;
16781 : 111;
16782 : 000;
16783 : 000;
16784 : 000;
16785 : 100;
16786 : 000;
16787 : 000;
16788 : 100;
16789 : 000;
16790 : 000;
16791 : 000;
16792 : 000;
16793 : 000;
16794 : 011;
16795 : 000;
16796 : 000;
16797 : 000;
16798 : 000;
16799 : 010;
16800 : 000;
16801 : 000;
16802 : 001;
16803 : 000;
16804 : 000;
16805 : 000;
16806 : 000;
16807 : 100;
16808 : 000;
16809 : 000;
16810 : 000;
16811 : 010;
16812 : 100;
16813 : 000;
16814 : 000;
16815 : 000;
16816 : 000;
16817 : 010;
16818 : 000;
16819 : 001;
16820 : 000;
16821 : 000;
16822 : 101;
16823 : 000;
16824 : 000;
16825 : 000;
16826 : 010;
16827 : 000;
16828 : 000;
16829 : 000;
16830 : 000;
16831 : 000;
16832 : 000;
16833 : 000;
16834 : 000;
16835 : 100;
16836 : 000;
16837 : 000;
16838 : 000;
16839 : 000;
16840 : 000;
16841 : 000;
16842 : 000;
16843 : 000;
16844 : 100;
16845 : 000;
16846 : 000;
16847 : 000;
16848 : 000;
16849 : 100;
16850 : 000;
16851 : 000;
16852 : 000;
16853 : 000;
16854 : 000;
16855 : 000;
16856 : 000;
16857 : 001;
16858 : 000;
16859 : 100;
16860 : 000;
16861 : 000;
16862 : 000;
16863 : 000;
16864 : 000;
16865 : 000;
16866 : 011;
16867 : 000;
16868 : 001;
16869 : 010;
16870 : 000;
16871 : 000;
16872 : 010;
16873 : 000;
16874 : 001;
16875 : 010;
16876 : 000;
16877 : 001;
16878 : 000;
16879 : 000;
16880 : 100;
16881 : 000;
16882 : 001;
16883 : 000;
16884 : 011;
16885 : 000;
16886 : 000;
16887 : 001;
16888 : 100;
16889 : 000;
16890 : 000;
16891 : 001;
16892 : 000;
16893 : 000;
16894 : 000;
16895 : 000;
16896 : 000;
16897 : 000;
16898 : 001;
16899 : 000;
16900 : 000;
16901 : 000;
16902 : 001;
16903 : 010;
16904 : 001;
16905 : 000;
16906 : 011;
16907 : 000;
16908 : 001;
16909 : 000;
16910 : 000;
16911 : 111;
16912 : 000;
16913 : 001;
16914 : 000;
16915 : 001;
16916 : 000;
16917 : 000;
16918 : 000;
16919 : 001;
16920 : 000;
16921 : 001;
16922 : 000;
16923 : 000;
16924 : 000;
16925 : 000;
16926 : 001;
16927 : 000;
16928 : 001;
16929 : 000;
16930 : 000;
16931 : 100;
16932 : 000;
16933 : 000;
16934 : 101;
16935 : 000;
16936 : 000;
16937 : 100;
16938 : 010;
16939 : 001;
16940 : 000;
16941 : 011;
16942 : 000;
16943 : 001;
16944 : 000;
16945 : 110;
16946 : 000;
16947 : 001;
16948 : 000;
16949 : 001;
16950 : 000;
16951 : 000;
16952 : 001;
16953 : 110;
16954 : 000;
16955 : 001;
16956 : 010;
16957 : 000;
16958 : 000;
16959 : 001;
16960 : 000;
16961 : 110;
16962 : 001;
16963 : 100;
16964 : 010;
16965 : 101;
16966 : 000;
16967 : 000;
16968 : 000;
16969 : 000;
16970 : 000;
16971 : 000;
16972 : 000;
16973 : 000;
16974 : 000;
16975 : 000;
16976 : 000;
16977 : 000;
16978 : 000;
16979 : 000;
16980 : 100;
16981 : 011;
16982 : 100;
16983 : 001;
16984 : 000;
16985 : 111;
16986 : 000;
16987 : 000;
16988 : 000;
16989 : 000;
16990 : 000;
16991 : 000;
16992 : 000;
16993 : 000;
16994 : 100;
16995 : 000;
16996 : 000;
16997 : 000;
16998 : 000;
16999 : 000;
17000 : 000;
17001 : 001;
17002 : 100;
17003 : 010;
17004 : 000;
17005 : 100;
17006 : 001;
17007 : 000;
17008 : 000;
17009 : 000;
17010 : 000;
17011 : 000;
17012 : 001;
17013 : 000;
17014 : 010;
17015 : 000;
17016 : 000;
17017 : 000;
17018 : 000;
17019 : 001;
17020 : 000;
17021 : 100;
17022 : 000;
17023 : 000;
17024 : 000;
17025 : 000;
17026 : 000;
17027 : 000;
17028 : 000;
17029 : 000;
17030 : 011;
17031 : 000;
17032 : 000;
17033 : 000;
17034 : 000;
17035 : 000;
17036 : 000;
17037 : 000;
17038 : 000;
17039 : 000;
17040 : 000;
17041 : 000;
17042 : 000;
17043 : 100;
17044 : 001;
17045 : 000;
17046 : 000;
17047 : 100;
17048 : 000;
17049 : 010;
17050 : 100;
17051 : 000;
17052 : 000;
17053 : 100;
17054 : 000;
17055 : 000;
17056 : 000;
17057 : 000;
17058 : 000;
17059 : 000;
17060 : 001;
17061 : 000;
17062 : 100;
17063 : 010;
17064 : 100;
17065 : 001;
17066 : 100;
17067 : 000;
17068 : 000;
17069 : 000;
17070 : 110;
17071 : 111;
17072 : 111;
17073 : 100;
17074 : 000;
17075 : 000;
17076 : 100;
17077 : 000;
17078 : 000;
17079 : 000;
17080 : 000;
17081 : 000;
17082 : 000;
17083 : 000;
17084 : 000;
17085 : 010;
17086 : 000;
17087 : 000;
17088 : 000;
17089 : 001;
17090 : 000;
17091 : 000;
17092 : 000;
17093 : 000;
17094 : 011;
17095 : 000;
17096 : 000;
17097 : 000;
17098 : 001;
17099 : 000;
17100 : 000;
17101 : 000;
17102 : 000;
17103 : 000;
17104 : 000;
17105 : 000;
17106 : 001;
17107 : 000;
17108 : 000;
17109 : 000;
17110 : 000;
17111 : 010;
17112 : 000;
17113 : 100;
17114 : 000;
17115 : 000;
17116 : 000;
17117 : 000;
17118 : 100;
17119 : 000;
17120 : 000;
17121 : 100;
17122 : 010;
17123 : 000;
17124 : 100;
17125 : 000;
17126 : 010;
17127 : 000;
17128 : 001;
17129 : 000;
17130 : 100;
17131 : 000;
17132 : 001;
17133 : 000;
17134 : 000;
17135 : 110;
17136 : 000;
17137 : 001;
17138 : 100;
17139 : 000;
17140 : 010;
17141 : 000;
17142 : 000;
17143 : 000;
17144 : 000;
17145 : 000;
17146 : 000;
17147 : 100;
17148 : 001;
17149 : 000;
17150 : 000;
17151 : 000;
17152 : 000;
17153 : 110;
17154 : 000;
17155 : 001;
17156 : 000;
17157 : 010;
17158 : 001;
17159 : 100;
17160 : 000;
17161 : 001;
17162 : 100;
17163 : 000;
17164 : 001;
17165 : 000;
17166 : 000;
17167 : 000;
17168 : 000;
17169 : 010;
17170 : 000;
17171 : 000;
17172 : 001;
17173 : 000;
17174 : 100;
17175 : 001;
17176 : 000;
17177 : 000;
17178 : 000;
17179 : 000;
17180 : 000;
17181 : 000;
17182 : 000;
17183 : 000;
17184 : 010;
17185 : 001;
17186 : 000;
17187 : 000;
17188 : 000;
17189 : 001;
17190 : 000;
17191 : 001;
17192 : 000;
17193 : 001;
17194 : 000;
17195 : 000;
17196 : 000;
17197 : 000;
17198 : 001;
17199 : 010;
17200 : 001;
17201 : 000;
17202 : 000;
17203 : 000;
17204 : 000;
17205 : 000;
17206 : 000;
17207 : 000;
17208 : 011;
17209 : 000;
17210 : 000;
17211 : 000;
17212 : 010;
17213 : 001;
17214 : 000;
17215 : 001;
17216 : 110;
17217 : 001;
17218 : 000;
17219 : 011;
17220 : 000;
17221 : 001;
17222 : 000;
17223 : 000;
17224 : 000;
17225 : 001;
17226 : 000;
17227 : 000;
17228 : 000;
17229 : 010;
17230 : 000;
17231 : 000;
17232 : 000;
17233 : 000;
17234 : 000;
17235 : 000;
17236 : 000;
17237 : 001;
17238 : 010;
17239 : 000;
17240 : 000;
17241 : 010;
17242 : 001;
17243 : 000;
17244 : 001;
17245 : 000;
17246 : 000;
17247 : 000;
17248 : 110;
17249 : 000;
17250 : 001;
17251 : 010;
17252 : 001;
17253 : 010;
17254 : 000;
17255 : 001;
17256 : 010;
17257 : 001;
17258 : 000;
17259 : 000;
17260 : 001;
17261 : 000;
17262 : 000;
17263 : 000;
17264 : 001;
17265 : 000;
17266 : 000;
17267 : 000;
17268 : 010;
17269 : 000;
17270 : 011;
17271 : 000;
17272 : 000;
17273 : 001;
17274 : 000;
17275 : 000;
17276 : 001;
17277 : 000;
17278 : 001;
17279 : 000;
17280 : 000;
17281 : 000;
17282 : 000;
17283 : 000;
17284 : 000;
17285 : 000;
17286 : 010;
17287 : 101;
17288 : 010;
17289 : 000;
17290 : 101;
17291 : 010;
17292 : 100;
17293 : 000;
17294 : 000;
17295 : 111;
17296 : 000;
17297 : 000;
17298 : 000;
17299 : 000;
17300 : 000;
17301 : 000;
17302 : 110;
17303 : 000;
17304 : 000;
17305 : 000;
17306 : 000;
17307 : 000;
17308 : 000;
17309 : 100;
17310 : 001;
17311 : 110;
17312 : 000;
17313 : 000;
17314 : 000;
17315 : 001;
17316 : 000;
17317 : 000;
17318 : 000;
17319 : 000;
17320 : 000;
17321 : 000;
17322 : 000;
17323 : 001;
17324 : 000;
17325 : 010;
17326 : 000;
17327 : 100;
17328 : 001;
17329 : 010;
17330 : 100;
17331 : 000;
17332 : 010;
17333 : 000;
17334 : 000;
17335 : 000;
17336 : 000;
17337 : 000;
17338 : 000;
17339 : 100;
17340 : 000;
17341 : 000;
17342 : 000;
17343 : 000;
17344 : 000;
17345 : 000;
17346 : 000;
17347 : 000;
17348 : 111;
17349 : 000;
17350 : 100;
17351 : 000;
17352 : 100;
17353 : 000;
17354 : 000;
17355 : 000;
17356 : 000;
17357 : 000;
17358 : 000;
17359 : 000;
17360 : 000;
17361 : 110;
17362 : 000;
17363 : 000;
17364 : 010;
17365 : 100;
17366 : 000;
17367 : 000;
17368 : 000;
17369 : 001;
17370 : 000;
17371 : 110;
17372 : 000;
17373 : 010;
17374 : 101;
17375 : 000;
17376 : 000;
17377 : 000;
17378 : 000;
17379 : 100;
17380 : 000;
17381 : 010;
17382 : 000;
17383 : 111;
17384 : 000;
17385 : 110;
17386 : 000;
17387 : 110;
17388 : 000;
17389 : 000;
17390 : 001;
17391 : 111;
17392 : 111;
17393 : 000;
17394 : 000;
17395 : 000;
17396 : 000;
17397 : 111;
17398 : 000;
17399 : 000;
17400 : 000;
17401 : 000;
17402 : 000;
17403 : 000;
17404 : 000;
17405 : 000;
17406 : 000;
17407 : 100;
17408 : 000;
17409 : 010;
17410 : 000;
17411 : 100;
17412 : 000;
17413 : 000;
17414 : 000;
17415 : 000;
17416 : 000;
17417 : 000;
17418 : 000;
17419 : 000;
17420 : 000;
17421 : 000;
17422 : 000;
17423 : 000;
17424 : 001;
17425 : 010;
17426 : 000;
17427 : 000;
17428 : 000;
17429 : 110;
17430 : 001;
17431 : 100;
17432 : 000;
17433 : 000;
17434 : 000;
17435 : 000;
17436 : 100;
17437 : 000;
17438 : 000;
17439 : 000;
17440 : 001;
17441 : 000;
17442 : 000;
17443 : 000;
17444 : 000;
17445 : 001;
17446 : 000;
17447 : 000;
17448 : 000;
17449 : 010;
17450 : 000;
17451 : 000;
17452 : 000;
17453 : 000;
17454 : 000;
17455 : 000;
17456 : 000;
17457 : 000;
17458 : 000;
17459 : 000;
17460 : 000;
17461 : 000;
17462 : 000;
17463 : 000;
17464 : 110;
17465 : 000;
17466 : 000;
17467 : 000;
17468 : 000;
17469 : 000;
17470 : 100;
17471 : 011;
17472 : 000;
17473 : 000;
17474 : 000;
17475 : 000;
17476 : 000;
17477 : 000;
17478 : 000;
17479 : 000;
17480 : 000;
17481 : 010;
17482 : 000;
17483 : 000;
17484 : 000;
17485 : 010;
17486 : 000;
17487 : 100;
17488 : 001;
17489 : 000;
17490 : 000;
17491 : 000;
17492 : 010;
17493 : 000;
17494 : 000;
17495 : 000;
17496 : 010;
17497 : 100;
17498 : 000;
17499 : 000;
17500 : 001;
17501 : 100;
17502 : 000;
17503 : 000;
17504 : 000;
17505 : 101;
17506 : 010;
17507 : 001;
17508 : 000;
17509 : 000;
17510 : 000;
17511 : 000;
17512 : 000;
17513 : 010;
17514 : 000;
17515 : 001;
17516 : 000;
17517 : 000;
17518 : 000;
17519 : 000;
17520 : 000;
17521 : 011;
17522 : 000;
17523 : 001;
17524 : 110;
17525 : 001;
17526 : 010;
17527 : 001;
17528 : 000;
17529 : 000;
17530 : 011;
17531 : 000;
17532 : 001;
17533 : 000;
17534 : 000;
17535 : 000;
17536 : 001;
17537 : 000;
17538 : 000;
17539 : 000;
17540 : 000;
17541 : 000;
17542 : 010;
17543 : 001;
17544 : 000;
17545 : 000;
17546 : 000;
17547 : 011;
17548 : 000;
17549 : 001;
17550 : 000;
17551 : 001;
17552 : 000;
17553 : 001;
17554 : 010;
17555 : 001;
17556 : 000;
17557 : 000;
17558 : 000;
17559 : 001;
17560 : 000;
17561 : 101;
17562 : 010;
17563 : 000;
17564 : 000;
17565 : 011;
17566 : 100;
17567 : 001;
17568 : 000;
17569 : 001;
17570 : 000;
17571 : 000;
17572 : 001;
17573 : 000;
17574 : 001;
17575 : 000;
17576 : 000;
17577 : 000;
17578 : 001;
17579 : 010;
17580 : 000;
17581 : 000;
17582 : 001;
17583 : 010;
17584 : 000;
17585 : 001;
17586 : 010;
17587 : 001;
17588 : 000;
17589 : 001;
17590 : 000;
17591 : 101;
17592 : 010;
17593 : 000;
17594 : 011;
17595 : 000;
17596 : 100;
17597 : 010;
17598 : 000;
17599 : 001;
17600 : 000;
17601 : 000;
17602 : 100;
17603 : 000;
17604 : 001;
17605 : 100;
17606 : 000;
17607 : 000;
17608 : 000;
17609 : 000;
17610 : 000;
17611 : 000;
17612 : 000;
17613 : 111;
17614 : 000;
17615 : 000;
17616 : 000;
17617 : 000;
17618 : 000;
17619 : 000;
17620 : 000;
17621 : 101;
17622 : 000;
17623 : 011;
17624 : 100;
17625 : 001;
17626 : 110;
17627 : 000;
17628 : 000;
17629 : 000;
17630 : 000;
17631 : 000;
17632 : 000;
17633 : 000;
17634 : 000;
17635 : 000;
17636 : 110;
17637 : 000;
17638 : 001;
17639 : 100;
17640 : 010;
17641 : 000;
17642 : 000;
17643 : 100;
17644 : 000;
17645 : 000;
17646 : 000;
17647 : 000;
17648 : 000;
17649 : 000;
17650 : 001;
17651 : 000;
17652 : 100;
17653 : 100;
17654 : 000;
17655 : 100;
17656 : 011;
17657 : 100;
17658 : 000;
17659 : 000;
17660 : 000;
17661 : 000;
17662 : 011;
17663 : 000;
17664 : 000;
17665 : 000;
17666 : 011;
17667 : 000;
17668 : 000;
17669 : 000;
17670 : 000;
17671 : 000;
17672 : 000;
17673 : 000;
17674 : 000;
17675 : 000;
17676 : 000;
17677 : 000;
17678 : 000;
17679 : 000;
17680 : 000;
17681 : 001;
17682 : 000;
17683 : 100;
17684 : 000;
17685 : 000;
17686 : 000;
17687 : 111;
17688 : 000;
17689 : 000;
17690 : 000;
17691 : 000;
17692 : 000;
17693 : 000;
17694 : 000;
17695 : 010;
17696 : 000;
17697 : 000;
17698 : 000;
17699 : 000;
17700 : 000;
17701 : 101;
17702 : 000;
17703 : 000;
17704 : 000;
17705 : 000;
17706 : 100;
17707 : 001;
17708 : 000;
17709 : 000;
17710 : 000;
17711 : 100;
17712 : 110;
17713 : 000;
17714 : 000;
17715 : 000;
17716 : 000;
17717 : 000;
17718 : 000;
17719 : 000;
17720 : 100;
17721 : 000;
17722 : 000;
17723 : 000;
17724 : 000;
17725 : 100;
17726 : 000;
17727 : 000;
17728 : 000;
17729 : 000;
17730 : 000;
17731 : 000;
17732 : 000;
17733 : 000;
17734 : 100;
17735 : 000;
17736 : 000;
17737 : 100;
17738 : 000;
17739 : 000;
17740 : 100;
17741 : 000;
17742 : 011;
17743 : 100;
17744 : 000;
17745 : 000;
17746 : 100;
17747 : 010;
17748 : 000;
17749 : 000;
17750 : 000;
17751 : 000;
17752 : 000;
17753 : 000;
17754 : 000;
17755 : 000;
17756 : 000;
17757 : 001;
17758 : 000;
17759 : 000;
17760 : 000;
17761 : 000;
17762 : 000;
17763 : 000;
17764 : 000;
17765 : 000;
17766 : 000;
17767 : 100;
17768 : 000;
17769 : 000;
17770 : 000;
17771 : 000;
17772 : 000;
17773 : 110;
17774 : 001;
17775 : 000;
17776 : 000;
17777 : 000;
17778 : 000;
17779 : 000;
17780 : 100;
17781 : 000;
17782 : 010;
17783 : 000;
17784 : 000;
17785 : 001;
17786 : 000;
17787 : 000;
17788 : 010;
17789 : 000;
17790 : 000;
17791 : 000;
17792 : 000;
17793 : 000;
17794 : 000;
17795 : 000;
17796 : 000;
17797 : 100;
17798 : 000;
17799 : 000;
17800 : 000;
17801 : 000;
17802 : 000;
17803 : 000;
17804 : 000;
17805 : 000;
17806 : 001;
17807 : 000;
17808 : 000;
17809 : 000;
17810 : 000;
17811 : 100;
17812 : 000;
17813 : 000;
17814 : 000;
17815 : 000;
17816 : 000;
17817 : 000;
17818 : 001;
17819 : 010;
17820 : 000;
17821 : 000;
17822 : 000;
17823 : 000;
17824 : 000;
17825 : 001;
17826 : 000;
17827 : 000;
17828 : 000;
17829 : 011;
17830 : 000;
17831 : 001;
17832 : 000;
17833 : 001;
17834 : 000;
17835 : 000;
17836 : 001;
17837 : 010;
17838 : 101;
17839 : 000;
17840 : 001;
17841 : 000;
17842 : 000;
17843 : 000;
17844 : 000;
17845 : 000;
17846 : 000;
17847 : 000;
17848 : 001;
17849 : 000;
17850 : 000;
17851 : 000;
17852 : 000;
17853 : 000;
17854 : 011;
17855 : 000;
17856 : 000;
17857 : 010;
17858 : 001;
17859 : 000;
17860 : 001;
17861 : 000;
17862 : 000;
17863 : 000;
17864 : 000;
17865 : 011;
17866 : 100;
17867 : 000;
17868 : 000;
17869 : 000;
17870 : 000;
17871 : 000;
17872 : 011;
17873 : 000;
17874 : 000;
17875 : 000;
17876 : 000;
17877 : 011;
17878 : 000;
17879 : 000;
17880 : 000;
17881 : 000;
17882 : 001;
17883 : 000;
17884 : 000;
17885 : 000;
17886 : 000;
17887 : 000;
17888 : 000;
17889 : 010;
17890 : 001;
17891 : 000;
17892 : 010;
17893 : 100;
17894 : 000;
17895 : 011;
17896 : 000;
17897 : 001;
17898 : 000;
17899 : 001;
17900 : 100;
17901 : 011;
17902 : 000;
17903 : 000;
17904 : 000;
17905 : 000;
17906 : 000;
17907 : 000;
17908 : 001;
17909 : 000;
17910 : 010;
17911 : 000;
17912 : 001;
17913 : 000;
17914 : 000;
17915 : 001;
17916 : 000;
17917 : 001;
17918 : 010;
17919 : 001;
17920 : 000;
17921 : 111;
17922 : 000;
17923 : 000;
17924 : 010;
17925 : 000;
17926 : 000;
17927 : 000;
17928 : 111;
17929 : 000;
17930 : 100;
17931 : 011;
17932 : 000;
17933 : 000;
17934 : 110;
17935 : 000;
17936 : 100;
17937 : 000;
17938 : 010;
17939 : 000;
17940 : 000;
17941 : 010;
17942 : 100;
17943 : 000;
17944 : 011;
17945 : 000;
17946 : 000;
17947 : 001;
17948 : 000;
17949 : 000;
17950 : 000;
17951 : 000;
17952 : 000;
17953 : 000;
17954 : 000;
17955 : 000;
17956 : 000;
17957 : 111;
17958 : 000;
17959 : 000;
17960 : 000;
17961 : 100;
17962 : 000;
17963 : 010;
17964 : 000;
17965 : 101;
17966 : 000;
17967 : 010;
17968 : 100;
17969 : 000;
17970 : 000;
17971 : 000;
17972 : 010;
17973 : 001;
17974 : 110;
17975 : 000;
17976 : 000;
17977 : 000;
17978 : 011;
17979 : 100;
17980 : 011;
17981 : 000;
17982 : 100;
17983 : 000;
17984 : 000;
17985 : 100;
17986 : 000;
17987 : 000;
17988 : 000;
17989 : 100;
17990 : 000;
17991 : 000;
17992 : 000;
17993 : 000;
17994 : 000;
17995 : 000;
17996 : 000;
17997 : 000;
17998 : 000;
17999 : 000;
18000 : 100;
18001 : 000;
18002 : 010;
18003 : 001;
18004 : 000;
18005 : 110;
18006 : 111;
18007 : 100;
18008 : 000;
18009 : 110;
18010 : 100;
18011 : 000;
18012 : 101;
18013 : 000;
18014 : 000;
18015 : 100;
18016 : 000;
18017 : 000;
18018 : 000;
18019 : 000;
18020 : 010;
18021 : 000;
18022 : 000;
18023 : 110;
18024 : 000;
18025 : 000;
18026 : 000;
18027 : 000;
18028 : 000;
18029 : 100;
18030 : 000;
18031 : 000;
18032 : 111;
18033 : 000;
18034 : 000;
18035 : 000;
18036 : 111;
18037 : 000;
18038 : 000;
18039 : 000;
18040 : 000;
18041 : 000;
18042 : 010;
18043 : 000;
18044 : 000;
18045 : 001;
18046 : 000;
18047 : 000;
18048 : 000;
18049 : 000;
18050 : 000;
18051 : 000;
18052 : 001;
18053 : 000;
18054 : 000;
18055 : 000;
18056 : 010;
18057 : 000;
18058 : 000;
18059 : 011;
18060 : 000;
18061 : 000;
18062 : 000;
18063 : 000;
18064 : 000;
18065 : 000;
18066 : 000;
18067 : 100;
18068 : 001;
18069 : 000;
18070 : 000;
18071 : 000;
18072 : 000;
18073 : 001;
18074 : 000;
18075 : 000;
18076 : 000;
18077 : 000;
18078 : 000;
18079 : 010;
18080 : 000;
18081 : 000;
18082 : 000;
18083 : 000;
18084 : 000;
18085 : 000;
18086 : 000;
18087 : 000;
18088 : 000;
18089 : 001;
18090 : 100;
18091 : 010;
18092 : 001;
18093 : 000;
18094 : 000;
18095 : 000;
18096 : 100;
18097 : 000;
18098 : 011;
18099 : 000;
18100 : 000;
18101 : 001;
18102 : 000;
18103 : 000;
18104 : 000;
18105 : 000;
18106 : 000;
18107 : 100;
18108 : 000;
18109 : 001;
18110 : 000;
18111 : 000;
18112 : 000;
18113 : 101;
18114 : 000;
18115 : 010;
18116 : 001;
18117 : 000;
18118 : 010;
18119 : 001;
18120 : 100;
18121 : 000;
18122 : 001;
18123 : 000;
18124 : 100;
18125 : 000;
18126 : 000;
18127 : 010;
18128 : 000;
18129 : 100;
18130 : 000;
18131 : 001;
18132 : 000;
18133 : 000;
18134 : 011;
18135 : 100;
18136 : 000;
18137 : 000;
18138 : 000;
18139 : 000;
18140 : 100;
18141 : 000;
18142 : 000;
18143 : 010;
18144 : 000;
18145 : 010;
18146 : 001;
18147 : 000;
18148 : 000;
18149 : 000;
18150 : 000;
18151 : 000;
18152 : 010;
18153 : 000;
18154 : 000;
18155 : 000;
18156 : 000;
18157 : 000;
18158 : 000;
18159 : 010;
18160 : 000;
18161 : 000;
18162 : 011;
18163 : 000;
18164 : 001;
18165 : 000;
18166 : 001;
18167 : 000;
18168 : 000;
18169 : 000;
18170 : 001;
18171 : 000;
18172 : 001;
18173 : 000;
18174 : 000;
18175 : 000;
18176 : 001;
18177 : 000;
18178 : 000;
18179 : 000;
18180 : 110;
18181 : 001;
18182 : 000;
18183 : 001;
18184 : 000;
18185 : 000;
18186 : 000;
18187 : 001;
18188 : 000;
18189 : 011;
18190 : 000;
18191 : 001;
18192 : 100;
18193 : 000;
18194 : 001;
18195 : 000;
18196 : 000;
18197 : 000;
18198 : 001;
18199 : 000;
18200 : 011;
18201 : 000;
18202 : 000;
18203 : 011;
18204 : 000;
18205 : 001;
18206 : 000;
18207 : 011;
18208 : 000;
18209 : 000;
18210 : 000;
18211 : 001;
18212 : 000;
18213 : 001;
18214 : 000;
18215 : 000;
18216 : 000;
18217 : 010;
18218 : 100;
18219 : 000;
18220 : 000;
18221 : 000;
18222 : 000;
18223 : 001;
18224 : 000;
18225 : 001;
18226 : 001;
18227 : 010;
18228 : 100;
18229 : 001;
18230 : 000;
18231 : 001;
18232 : 110;
18233 : 001;
18234 : 000;
18235 : 111;
18236 : 000;
18237 : 011;
18238 : 100;
18239 : 001;
18240 : 000;
18241 : 000;
18242 : 111;
18243 : 000;
18244 : 000;
18245 : 101;
18246 : 010;
18247 : 000;
18248 : 000;
18249 : 000;
18250 : 000;
18251 : 000;
18252 : 100;
18253 : 000;
18254 : 001;
18255 : 000;
18256 : 000;
18257 : 001;
18258 : 000;
18259 : 100;
18260 : 000;
18261 : 000;
18262 : 011;
18263 : 000;
18264 : 100;
18265 : 000;
18266 : 110;
18267 : 000;
18268 : 100;
18269 : 010;
18270 : 000;
18271 : 000;
18272 : 000;
18273 : 000;
18274 : 000;
18275 : 000;
18276 : 000;
18277 : 000;
18278 : 110;
18279 : 000;
18280 : 000;
18281 : 000;
18282 : 000;
18283 : 001;
18284 : 000;
18285 : 000;
18286 : 000;
18287 : 000;
18288 : 000;
18289 : 111;
18290 : 000;
18291 : 000;
18292 : 100;
18293 : 000;
18294 : 000;
18295 : 100;
18296 : 000;
18297 : 000;
18298 : 000;
18299 : 000;
18300 : 000;
18301 : 000;
18302 : 000;
18303 : 110;
18304 : 001;
18305 : 000;
18306 : 000;
18307 : 100;
18308 : 010;
18309 : 001;
18310 : 000;
18311 : 010;
18312 : 101;
18313 : 000;
18314 : 000;
18315 : 000;
18316 : 000;
18317 : 000;
18318 : 000;
18319 : 000;
18320 : 000;
18321 : 001;
18322 : 000;
18323 : 100;
18324 : 000;
18325 : 000;
18326 : 111;
18327 : 010;
18328 : 000;
18329 : 111;
18330 : 111;
18331 : 010;
18332 : 000;
18333 : 100;
18334 : 010;
18335 : 000;
18336 : 000;
18337 : 000;
18338 : 000;
18339 : 101;
18340 : 000;
18341 : 100;
18342 : 001;
18343 : 110;
18344 : 000;
18345 : 101;
18346 : 010;
18347 : 100;
18348 : 000;
18349 : 010;
18350 : 000;
18351 : 000;
18352 : 110;
18353 : 000;
18354 : 000;
18355 : 000;
18356 : 000;
18357 : 000;
18358 : 100;
18359 : 000;
18360 : 011;
18361 : 000;
18362 : 000;
18363 : 000;
18364 : 000;
18365 : 000;
18366 : 000;
18367 : 010;
18368 : 000;
18369 : 001;
18370 : 000;
18371 : 100;
18372 : 010;
18373 : 000;
18374 : 000;
18375 : 000;
18376 : 001;
18377 : 000;
18378 : 000;
18379 : 000;
18380 : 000;
18381 : 000;
18382 : 000;
18383 : 000;
18384 : 110;
18385 : 000;
18386 : 001;
18387 : 000;
18388 : 000;
18389 : 000;
18390 : 000;
18391 : 000;
18392 : 000;
18393 : 000;
18394 : 000;
18395 : 010;
18396 : 000;
18397 : 000;
18398 : 000;
18399 : 000;
18400 : 000;
18401 : 000;
18402 : 000;
18403 : 000;
18404 : 010;
18405 : 000;
18406 : 000;
18407 : 001;
18408 : 010;
18409 : 000;
18410 : 000;
18411 : 000;
18412 : 000;
18413 : 000;
18414 : 000;
18415 : 000;
18416 : 010;
18417 : 000;
18418 : 000;
18419 : 000;
18420 : 000;
18421 : 100;
18422 : 000;
18423 : 000;
18424 : 100;
18425 : 000;
18426 : 000;
18427 : 001;
18428 : 000;
18429 : 000;
18430 : 100;
18431 : 000;
18432 : 000;
18433 : 010;
18434 : 000;
18435 : 000;
18436 : 000;
18437 : 000;
18438 : 000;
18439 : 000;
18440 : 000;
18441 : 000;
18442 : 010;
18443 : 000;
18444 : 000;
18445 : 010;
18446 : 000;
18447 : 100;
18448 : 000;
18449 : 001;
18450 : 010;
18451 : 000;
18452 : 000;
18453 : 000;
18454 : 000;
18455 : 000;
18456 : 000;
18457 : 000;
18458 : 100;
18459 : 000;
18460 : 000;
18461 : 010;
18462 : 000;
18463 : 000;
18464 : 001;
18465 : 100;
18466 : 001;
18467 : 000;
18468 : 001;
18469 : 000;
18470 : 011;
18471 : 000;
18472 : 001;
18473 : 000;
18474 : 001;
18475 : 010;
18476 : 001;
18477 : 000;
18478 : 001;
18479 : 000;
18480 : 001;
18481 : 000;
18482 : 000;
18483 : 000;
18484 : 000;
18485 : 000;
18486 : 010;
18487 : 001;
18488 : 100;
18489 : 010;
18490 : 000;
18491 : 000;
18492 : 010;
18493 : 000;
18494 : 001;
18495 : 000;
18496 : 000;
18497 : 111;
18498 : 000;
18499 : 001;
18500 : 000;
18501 : 000;
18502 : 000;
18503 : 010;
18504 : 000;
18505 : 001;
18506 : 000;
18507 : 000;
18508 : 000;
18509 : 001;
18510 : 100;
18511 : 000;
18512 : 000;
18513 : 000;
18514 : 010;
18515 : 001;
18516 : 000;
18517 : 000;
18518 : 000;
18519 : 000;
18520 : 000;
18521 : 001;
18522 : 000;
18523 : 000;
18524 : 000;
18525 : 000;
18526 : 000;
18527 : 000;
18528 : 001;
18529 : 000;
18530 : 000;
18531 : 000;
18532 : 010;
18533 : 000;
18534 : 001;
18535 : 010;
18536 : 101;
18537 : 000;
18538 : 001;
18539 : 011;
18540 : 000;
18541 : 011;
18542 : 000;
18543 : 111;
18544 : 000;
18545 : 010;
18546 : 100;
18547 : 001;
18548 : 000;
18549 : 011;
18550 : 000;
18551 : 000;
18552 : 001;
18553 : 000;
18554 : 000;
18555 : 000;
18556 : 000;
18557 : 000;
18558 : 000;
18559 : 000;
18560 : 110;
18561 : 100;
18562 : 000;
18563 : 000;
18564 : 100;
18565 : 010;
18566 : 100;
18567 : 000;
18568 : 111;
18569 : 000;
18570 : 000;
18571 : 000;
18572 : 000;
18573 : 111;
18574 : 000;
18575 : 000;
18576 : 010;
18577 : 000;
18578 : 000;
18579 : 000;
18580 : 000;
18581 : 100;
18582 : 000;
18583 : 100;
18584 : 011;
18585 : 000;
18586 : 001;
18587 : 110;
18588 : 001;
18589 : 000;
18590 : 101;
18591 : 010;
18592 : 101;
18593 : 010;
18594 : 101;
18595 : 010;
18596 : 100;
18597 : 111;
18598 : 001;
18599 : 000;
18600 : 000;
18601 : 000;
18602 : 000;
18603 : 000;
18604 : 000;
18605 : 000;
18606 : 000;
18607 : 000;
18608 : 000;
18609 : 100;
18610 : 011;
18611 : 100;
18612 : 010;
18613 : 101;
18614 : 010;
18615 : 001;
18616 : 110;
18617 : 101;
18618 : 000;
18619 : 110;
18620 : 000;
18621 : 000;
18622 : 000;
18623 : 000;
18624 : 000;
18625 : 110;
18626 : 001;
18627 : 000;
18628 : 000;
18629 : 100;
18630 : 000;
18631 : 000;
18632 : 000;
18633 : 110;
18634 : 000;
18635 : 111;
18636 : 100;
18637 : 000;
18638 : 000;
18639 : 000;
18640 : 010;
18641 : 100;
18642 : 000;
18643 : 010;
18644 : 000;
18645 : 100;
18646 : 000;
18647 : 100;
18648 : 000;
18649 : 101;
18650 : 110;
18651 : 000;
18652 : 000;
18653 : 111;
18654 : 111;
18655 : 000;
18656 : 000;
18657 : 000;
18658 : 000;
18659 : 000;
18660 : 000;
18661 : 010;
18662 : 000;
18663 : 101;
18664 : 000;
18665 : 110;
18666 : 000;
18667 : 000;
18668 : 000;
18669 : 000;
18670 : 000;
18671 : 111;
18672 : 111;
18673 : 100;
18674 : 000;
18675 : 000;
18676 : 000;
18677 : 011;
18678 : 000;
18679 : 000;
18680 : 000;
18681 : 000;
18682 : 000;
18683 : 000;
18684 : 000;
18685 : 000;
18686 : 000;
18687 : 000;
18688 : 000;
18689 : 100;
18690 : 000;
18691 : 000;
18692 : 000;
18693 : 000;
18694 : 000;
18695 : 000;
18696 : 000;
18697 : 100;
18698 : 000;
18699 : 000;
18700 : 000;
18701 : 100;
18702 : 000;
18703 : 101;
18704 : 000;
18705 : 000;
18706 : 000;
18707 : 000;
18708 : 000;
18709 : 000;
18710 : 000;
18711 : 000;
18712 : 000;
18713 : 010;
18714 : 000;
18715 : 000;
18716 : 000;
18717 : 000;
18718 : 000;
18719 : 000;
18720 : 000;
18721 : 000;
18722 : 001;
18723 : 100;
18724 : 000;
18725 : 000;
18726 : 000;
18727 : 000;
18728 : 000;
18729 : 000;
18730 : 000;
18731 : 000;
18732 : 100;
18733 : 000;
18734 : 000;
18735 : 000;
18736 : 001;
18737 : 000;
18738 : 100;
18739 : 000;
18740 : 000;
18741 : 010;
18742 : 000;
18743 : 001;
18744 : 000;
18745 : 010;
18746 : 000;
18747 : 000;
18748 : 010;
18749 : 000;
18750 : 000;
18751 : 010;
18752 : 000;
18753 : 000;
18754 : 000;
18755 : 100;
18756 : 000;
18757 : 000;
18758 : 100;
18759 : 000;
18760 : 000;
18761 : 000;
18762 : 100;
18763 : 000;
18764 : 001;
18765 : 000;
18766 : 000;
18767 : 001;
18768 : 000;
18769 : 000;
18770 : 000;
18771 : 000;
18772 : 000;
18773 : 100;
18774 : 000;
18775 : 000;
18776 : 011;
18777 : 000;
18778 : 000;
18779 : 011;
18780 : 000;
18781 : 000;
18782 : 000;
18783 : 000;
18784 : 000;
18785 : 000;
18786 : 011;
18787 : 000;
18788 : 000;
18789 : 000;
18790 : 000;
18791 : 000;
18792 : 000;
18793 : 100;
18794 : 000;
18795 : 000;
18796 : 000;
18797 : 000;
18798 : 010;
18799 : 001;
18800 : 000;
18801 : 000;
18802 : 001;
18803 : 010;
18804 : 101;
18805 : 000;
18806 : 001;
18807 : 000;
18808 : 000;
18809 : 001;
18810 : 000;
18811 : 001;
18812 : 000;
18813 : 000;
18814 : 000;
18815 : 011;
18816 : 000;
18817 : 000;
18818 : 000;
18819 : 000;
18820 : 011;
18821 : 000;
18822 : 001;
18823 : 000;
18824 : 000;
18825 : 000;
18826 : 011;
18827 : 000;
18828 : 000;
18829 : 010;
18830 : 001;
18831 : 010;
18832 : 001;
18833 : 000;
18834 : 000;
18835 : 000;
18836 : 001;
18837 : 010;
18838 : 001;
18839 : 000;
18840 : 100;
18841 : 010;
18842 : 001;
18843 : 000;
18844 : 111;
18845 : 000;
18846 : 011;
18847 : 000;
18848 : 000;
18849 : 011;
18850 : 001;
18851 : 111;
18852 : 000;
18853 : 001;
18854 : 100;
18855 : 001;
18856 : 000;
18857 : 011;
18858 : 000;
18859 : 000;
18860 : 001;
18861 : 000;
18862 : 000;
18863 : 000;
18864 : 001;
18865 : 000;
18866 : 000;
18867 : 000;
18868 : 000;
18869 : 000;
18870 : 000;
18871 : 000;
18872 : 000;
18873 : 010;
18874 : 000;
18875 : 000;
18876 : 000;
18877 : 001;
18878 : 000;
18879 : 000;
18880 : 000;
18881 : 000;
18882 : 000;
18883 : 000;
18884 : 110;
18885 : 000;
18886 : 001;
18887 : 000;
18888 : 100;
18889 : 000;
18890 : 110;
18891 : 001;
18892 : 000;
18893 : 000;
18894 : 000;
18895 : 100;
18896 : 000;
18897 : 000;
18898 : 100;
18899 : 000;
18900 : 000;
18901 : 000;
18902 : 111;
18903 : 000;
18904 : 000;
18905 : 101;
18906 : 000;
18907 : 000;
18908 : 000;
18909 : 110;
18910 : 000;
18911 : 000;
18912 : 000;
18913 : 000;
18914 : 000;
18915 : 000;
18916 : 000;
18917 : 000;
18918 : 000;
18919 : 110;
18920 : 001;
18921 : 100;
18922 : 000;
18923 : 000;
18924 : 000;
18925 : 000;
18926 : 000;
18927 : 000;
18928 : 000;
18929 : 000;
18930 : 000;
18931 : 000;
18932 : 000;
18933 : 100;
18934 : 000;
18935 : 110;
18936 : 000;
18937 : 110;
18938 : 000;
18939 : 000;
18940 : 001;
18941 : 100;
18942 : 010;
18943 : 001;
18944 : 100;
18945 : 000;
18946 : 010;
18947 : 100;
18948 : 000;
18949 : 011;
18950 : 000;
18951 : 000;
18952 : 000;
18953 : 111;
18954 : 000;
18955 : 111;
18956 : 010;
18957 : 000;
18958 : 000;
18959 : 000;
18960 : 100;
18961 : 000;
18962 : 001;
18963 : 000;
18964 : 000;
18965 : 001;
18966 : 010;
18967 : 101;
18968 : 010;
18969 : 000;
18970 : 000;
18971 : 100;
18972 : 000;
18973 : 110;
18974 : 000;
18975 : 000;
18976 : 000;
18977 : 000;
18978 : 000;
18979 : 000;
18980 : 000;
18981 : 101;
18982 : 000;
18983 : 010;
18984 : 000;
18985 : 000;
18986 : 100;
18987 : 111;
18988 : 000;
18989 : 000;
18990 : 100;
18991 : 111;
18992 : 111;
18993 : 000;
18994 : 000;
18995 : 000;
18996 : 100;
18997 : 000;
18998 : 000;
18999 : 000;
19000 : 000;
19001 : 000;
19002 : 000;
19003 : 000;
19004 : 000;
19005 : 000;
19006 : 100;
19007 : 000;
19008 : 000;
19009 : 000;
19010 : 000;
19011 : 000;
19012 : 000;
19013 : 000;
19014 : 000;
19015 : 100;
19016 : 000;
19017 : 000;
19018 : 000;
19019 : 000;
19020 : 000;
19021 : 000;
19022 : 010;
19023 : 000;
19024 : 000;
19025 : 110;
19026 : 000;
19027 : 000;
19028 : 000;
19029 : 000;
19030 : 000;
19031 : 000;
19032 : 000;
19033 : 000;
19034 : 000;
19035 : 000;
19036 : 000;
19037 : 000;
19038 : 000;
19039 : 000;
19040 : 001;
19041 : 100;
19042 : 000;
19043 : 000;
19044 : 000;
19045 : 000;
19046 : 000;
19047 : 000;
19048 : 100;
19049 : 000;
19050 : 000;
19051 : 000;
19052 : 001;
19053 : 010;
19054 : 000;
19055 : 100;
19056 : 000;
19057 : 000;
19058 : 000;
19059 : 000;
19060 : 000;
19061 : 001;
19062 : 000;
19063 : 000;
19064 : 000;
19065 : 000;
19066 : 100;
19067 : 000;
19068 : 000;
19069 : 000;
19070 : 000;
19071 : 001;
19072 : 100;
19073 : 000;
19074 : 001;
19075 : 000;
19076 : 000;
19077 : 001;
19078 : 010;
19079 : 000;
19080 : 001;
19081 : 000;
19082 : 000;
19083 : 000;
19084 : 000;
19085 : 000;
19086 : 000;
19087 : 000;
19088 : 000;
19089 : 000;
19090 : 000;
19091 : 100;
19092 : 010;
19093 : 001;
19094 : 000;
19095 : 000;
19096 : 100;
19097 : 000;
19098 : 000;
19099 : 000;
19100 : 000;
19101 : 000;
19102 : 000;
19103 : 000;
19104 : 001;
19105 : 000;
19106 : 101;
19107 : 000;
19108 : 010;
19109 : 001;
19110 : 000;
19111 : 101;
19112 : 000;
19113 : 011;
19114 : 000;
19115 : 001;
19116 : 010;
19117 : 001;
19118 : 000;
19119 : 000;
19120 : 000;
19121 : 010;
19122 : 000;
19123 : 000;
19124 : 000;
19125 : 001;
19126 : 010;
19127 : 000;
19128 : 001;
19129 : 010;
19130 : 000;
19131 : 000;
19132 : 001;
19133 : 000;
19134 : 000;
19135 : 000;
19136 : 001;
19137 : 000;
19138 : 011;
19139 : 000;
19140 : 000;
19141 : 000;
19142 : 000;
19143 : 001;
19144 : 000;
19145 : 000;
19146 : 000;
19147 : 001;
19148 : 000;
19149 : 000;
19150 : 000;
19151 : 000;
19152 : 001;
19153 : 000;
19154 : 001;
19155 : 010;
19156 : 000;
19157 : 101;
19158 : 000;
19159 : 011;
19160 : 000;
19161 : 001;
19162 : 000;
19163 : 001;
19164 : 000;
19165 : 001;
19166 : 000;
19167 : 001;
19168 : 000;
19169 : 100;
19170 : 000;
19171 : 000;
19172 : 000;
19173 : 000;
19174 : 010;
19175 : 000;
19176 : 000;
19177 : 000;
19178 : 000;
19179 : 000;
19180 : 000;
19181 : 000;
19182 : 000;
19183 : 000;
19184 : 000;
19185 : 000;
19186 : 000;
19187 : 000;
19188 : 000;
19189 : 000;
19190 : 100;
19191 : 010;
19192 : 000;
19193 : 100;
19194 : 000;
19195 : 001;
19196 : 110;
19197 : 000;
19198 : 000;
19199 : 000;
19200 : 111;
19201 : 110;
19202 : 000;
19203 : 000;
19204 : 000;
19205 : 000;
19206 : 000;
19207 : 000;
19208 : 110;
19209 : 001;
19210 : 000;
19211 : 100;
19212 : 010;
19213 : 100;
19214 : 010;
19215 : 001;
19216 : 000;
19217 : 000;
19218 : 001;
19219 : 000;
19220 : 000;
19221 : 000;
19222 : 000;
19223 : 000;
19224 : 111;
19225 : 000;
19226 : 010;
19227 : 101;
19228 : 000;
19229 : 000;
19230 : 111;
19231 : 000;
19232 : 000;
19233 : 100;
19234 : 000;
19235 : 000;
19236 : 001;
19237 : 000;
19238 : 100;
19239 : 001;
19240 : 010;
19241 : 000;
19242 : 000;
19243 : 111;
19244 : 000;
19245 : 110;
19246 : 000;
19247 : 101;
19248 : 010;
19249 : 111;
19250 : 000;
19251 : 000;
19252 : 000;
19253 : 000;
19254 : 000;
19255 : 111;
19256 : 101;
19257 : 000;
19258 : 000;
19259 : 000;
19260 : 000;
19261 : 000;
19262 : 000;
19263 : 100;
19264 : 111;
19265 : 111;
19266 : 000;
19267 : 001;
19268 : 000;
19269 : 000;
19270 : 100;
19271 : 011;
19272 : 100;
19273 : 000;
19274 : 000;
19275 : 000;
19276 : 100;
19277 : 000;
19278 : 000;
19279 : 000;
19280 : 001;
19281 : 010;
19282 : 000;
19283 : 100;
19284 : 010;
19285 : 000;
19286 : 000;
19287 : 000;
19288 : 000;
19289 : 100;
19290 : 000;
19291 : 011;
19292 : 100;
19293 : 001;
19294 : 100;
19295 : 000;
19296 : 000;
19297 : 000;
19298 : 000;
19299 : 100;
19300 : 010;
19301 : 000;
19302 : 000;
19303 : 000;
19304 : 000;
19305 : 000;
19306 : 000;
19307 : 000;
19308 : 000;
19309 : 000;
19310 : 000;
19311 : 000;
19312 : 110;
19313 : 000;
19314 : 000;
19315 : 000;
19316 : 010;
19317 : 000;
19318 : 000;
19319 : 000;
19320 : 000;
19321 : 000;
19322 : 000;
19323 : 000;
19324 : 000;
19325 : 000;
19326 : 000;
19327 : 000;
19328 : 000;
19329 : 000;
19330 : 000;
19331 : 000;
19332 : 000;
19333 : 000;
19334 : 000;
19335 : 010;
19336 : 000;
19337 : 000;
19338 : 010;
19339 : 000;
19340 : 000;
19341 : 111;
19342 : 000;
19343 : 000;
19344 : 000;
19345 : 000;
19346 : 000;
19347 : 000;
19348 : 000;
19349 : 000;
19350 : 010;
19351 : 000;
19352 : 100;
19353 : 001;
19354 : 000;
19355 : 000;
19356 : 100;
19357 : 001;
19358 : 000;
19359 : 000;
19360 : 000;
19361 : 000;
19362 : 010;
19363 : 000;
19364 : 000;
19365 : 000;
19366 : 000;
19367 : 000;
19368 : 001;
19369 : 000;
19370 : 000;
19371 : 000;
19372 : 000;
19373 : 000;
19374 : 000;
19375 : 000;
19376 : 000;
19377 : 000;
19378 : 010;
19379 : 001;
19380 : 100;
19381 : 000;
19382 : 000;
19383 : 100;
19384 : 000;
19385 : 000;
19386 : 001;
19387 : 000;
19388 : 000;
19389 : 100;
19390 : 000;
19391 : 000;
19392 : 000;
19393 : 000;
19394 : 000;
19395 : 000;
19396 : 010;
19397 : 000;
19398 : 000;
19399 : 000;
19400 : 100;
19401 : 010;
19402 : 000;
19403 : 000;
19404 : 110;
19405 : 000;
19406 : 000;
19407 : 100;
19408 : 010;
19409 : 000;
19410 : 000;
19411 : 001;
19412 : 000;
19413 : 000;
19414 : 000;
19415 : 000;
19416 : 000;
19417 : 000;
19418 : 000;
19419 : 000;
19420 : 100;
19421 : 001;
19422 : 000;
19423 : 000;
19424 : 100;
19425 : 010;
19426 : 001;
19427 : 000;
19428 : 000;
19429 : 000;
19430 : 011;
19431 : 000;
19432 : 000;
19433 : 000;
19434 : 001;
19435 : 000;
19436 : 000;
19437 : 000;
19438 : 001;
19439 : 000;
19440 : 001;
19441 : 100;
19442 : 001;
19443 : 000;
19444 : 011;
19445 : 000;
19446 : 000;
19447 : 101;
19448 : 000;
19449 : 000;
19450 : 001;
19451 : 000;
19452 : 010;
19453 : 000;
19454 : 001;
19455 : 000;
19456 : 100;
19457 : 000;
19458 : 000;
19459 : 001;
19460 : 000;
19461 : 001;
19462 : 010;
19463 : 000;
19464 : 111;
19465 : 000;
19466 : 001;
19467 : 110;
19468 : 001;
19469 : 001;
19470 : 010;
19471 : 001;
19472 : 010;
19473 : 001;
19474 : 100;
19475 : 001;
19476 : 000;
19477 : 010;
19478 : 000;
19479 : 000;
19480 : 000;
19481 : 000;
19482 : 010;
19483 : 000;
19484 : 000;
19485 : 000;
19486 : 010;
19487 : 100;
19488 : 000;
19489 : 000;
19490 : 000;
19491 : 000;
19492 : 001;
19493 : 000;
19494 : 000;
19495 : 000;
19496 : 000;
19497 : 000;
19498 : 000;
19499 : 100;
19500 : 000;
19501 : 010;
19502 : 101;
19503 : 000;
19504 : 000;
19505 : 110;
19506 : 001;
19507 : 000;
19508 : 110;
19509 : 001;
19510 : 000;
19511 : 000;
19512 : 001;
19513 : 000;
19514 : 000;
19515 : 000;
19516 : 000;
19517 : 000;
19518 : 100;
19519 : 000;
19520 : 111;
19521 : 111;
19522 : 000;
19523 : 000;
19524 : 000;
19525 : 000;
19526 : 000;
19527 : 100;
19528 : 000;
19529 : 110;
19530 : 000;
19531 : 000;
19532 : 000;
19533 : 000;
19534 : 000;
19535 : 000;
19536 : 100;
19537 : 000;
19538 : 010;
19539 : 000;
19540 : 000;
19541 : 000;
19542 : 111;
19543 : 000;
19544 : 000;
19545 : 000;
19546 : 100;
19547 : 010;
19548 : 000;
19549 : 000;
19550 : 000;
19551 : 000;
19552 : 000;
19553 : 011;
19554 : 000;
19555 : 100;
19556 : 010;
19557 : 000;
19558 : 000;
19559 : 000;
19560 : 000;
19561 : 100;
19562 : 000;
19563 : 000;
19564 : 111;
19565 : 000;
19566 : 000;
19567 : 000;
19568 : 100;
19569 : 000;
19570 : 100;
19571 : 010;
19572 : 100;
19573 : 000;
19574 : 110;
19575 : 000;
19576 : 110;
19577 : 000;
19578 : 000;
19579 : 000;
19580 : 111;
19581 : 100;
19582 : 010;
19583 : 111;
19584 : 110;
19585 : 101;
19586 : 000;
19587 : 000;
19588 : 110;
19589 : 000;
19590 : 000;
19591 : 000;
19592 : 000;
19593 : 000;
19594 : 000;
19595 : 000;
19596 : 001;
19597 : 000;
19598 : 000;
19599 : 000;
19600 : 000;
19601 : 100;
19602 : 000;
19603 : 001;
19604 : 100;
19605 : 000;
19606 : 100;
19607 : 110;
19608 : 000;
19609 : 000;
19610 : 000;
19611 : 100;
19612 : 000;
19613 : 000;
19614 : 000;
19615 : 010;
19616 : 000;
19617 : 000;
19618 : 000;
19619 : 001;
19620 : 000;
19621 : 000;
19622 : 100;
19623 : 111;
19624 : 000;
19625 : 100;
19626 : 010;
19627 : 000;
19628 : 000;
19629 : 100;
19630 : 010;
19631 : 000;
19632 : 111;
19633 : 100;
19634 : 000;
19635 : 000;
19636 : 001;
19637 : 100;
19638 : 000;
19639 : 000;
19640 : 000;
19641 : 000;
19642 : 100;
19643 : 000;
19644 : 000;
19645 : 001;
19646 : 000;
19647 : 010;
19648 : 000;
19649 : 000;
19650 : 000;
19651 : 010;
19652 : 000;
19653 : 001;
19654 : 000;
19655 : 000;
19656 : 000;
19657 : 001;
19658 : 000;
19659 : 000;
19660 : 000;
19661 : 100;
19662 : 000;
19663 : 001;
19664 : 000;
19665 : 000;
19666 : 000;
19667 : 000;
19668 : 000;
19669 : 000;
19670 : 101;
19671 : 000;
19672 : 000;
19673 : 000;
19674 : 000;
19675 : 000;
19676 : 000;
19677 : 000;
19678 : 000;
19679 : 000;
19680 : 000;
19681 : 000;
19682 : 000;
19683 : 000;
19684 : 000;
19685 : 000;
19686 : 001;
19687 : 000;
19688 : 010;
19689 : 000;
19690 : 000;
19691 : 000;
19692 : 000;
19693 : 100;
19694 : 001;
19695 : 010;
19696 : 000;
19697 : 000;
19698 : 100;
19699 : 000;
19700 : 000;
19701 : 000;
19702 : 010;
19703 : 000;
19704 : 000;
19705 : 010;
19706 : 000;
19707 : 000;
19708 : 000;
19709 : 011;
19710 : 000;
19711 : 000;
19712 : 000;
19713 : 010;
19714 : 000;
19715 : 100;
19716 : 000;
19717 : 000;
19718 : 100;
19719 : 000;
19720 : 000;
19721 : 000;
19722 : 001;
19723 : 000;
19724 : 000;
19725 : 001;
19726 : 000;
19727 : 000;
19728 : 000;
19729 : 001;
19730 : 000;
19731 : 000;
19732 : 000;
19733 : 000;
19734 : 110;
19735 : 000;
19736 : 001;
19737 : 010;
19738 : 100;
19739 : 001;
19740 : 000;
19741 : 000;
19742 : 000;
19743 : 000;
19744 : 000;
19745 : 001;
19746 : 010;
19747 : 000;
19748 : 001;
19749 : 000;
19750 : 100;
19751 : 001;
19752 : 010;
19753 : 001;
19754 : 000;
19755 : 000;
19756 : 101;
19757 : 000;
19758 : 000;
19759 : 010;
19760 : 000;
19761 : 000;
19762 : 000;
19763 : 000;
19764 : 000;
19765 : 000;
19766 : 001;
19767 : 000;
19768 : 010;
19769 : 000;
19770 : 000;
19771 : 001;
19772 : 100;
19773 : 001;
19774 : 010;
19775 : 001;
19776 : 010;
19777 : 001;
19778 : 010;
19779 : 101;
19780 : 010;
19781 : 001;
19782 : 100;
19783 : 001;
19784 : 000;
19785 : 000;
19786 : 000;
19787 : 000;
19788 : 000;
19789 : 000;
19790 : 100;
19791 : 000;
19792 : 000;
19793 : 000;
19794 : 010;
19795 : 000;
19796 : 000;
19797 : 000;
19798 : 001;
19799 : 000;
19800 : 000;
19801 : 101;
19802 : 000;
19803 : 000;
19804 : 100;
19805 : 000;
19806 : 000;
19807 : 000;
19808 : 000;
19809 : 011;
19810 : 000;
19811 : 000;
19812 : 010;
19813 : 000;
19814 : 100;
19815 : 001;
19816 : 000;
19817 : 110;
19818 : 001;
19819 : 000;
19820 : 000;
19821 : 000;
19822 : 000;
19823 : 010;
19824 : 001;
19825 : 000;
19826 : 000;
19827 : 000;
19828 : 000;
19829 : 000;
19830 : 010;
19831 : 100;
19832 : 000;
19833 : 000;
19834 : 111;
19835 : 000;
19836 : 000;
19837 : 010;
19838 : 001;
19839 : 000;
19840 : 000;
19841 : 000;
19842 : 000;
19843 : 000;
19844 : 000;
19845 : 100;
19846 : 000;
19847 : 010;
19848 : 101;
19849 : 110;
19850 : 000;
19851 : 000;
19852 : 000;
19853 : 000;
19854 : 000;
19855 : 000;
19856 : 000;
19857 : 000;
19858 : 100;
19859 : 000;
19860 : 000;
19861 : 000;
19862 : 100;
19863 : 010;
19864 : 101;
19865 : 000;
19866 : 011;
19867 : 000;
19868 : 000;
19869 : 111;
19870 : 000;
19871 : 100;
19872 : 000;
19873 : 100;
19874 : 000;
19875 : 000;
19876 : 000;
19877 : 000;
19878 : 100;
19879 : 010;
19880 : 000;
19881 : 001;
19882 : 010;
19883 : 000;
19884 : 101;
19885 : 111;
19886 : 000;
19887 : 000;
19888 : 010;
19889 : 000;
19890 : 001;
19891 : 000;
19892 : 000;
19893 : 001;
19894 : 000;
19895 : 000;
19896 : 101;
19897 : 010;
19898 : 101;
19899 : 010;
19900 : 111;
19901 : 110;
19902 : 000;
19903 : 000;
19904 : 000;
19905 : 000;
19906 : 000;
19907 : 000;
19908 : 000;
19909 : 000;
19910 : 000;
19911 : 111;
19912 : 000;
19913 : 100;
19914 : 000;
19915 : 000;
19916 : 110;
19917 : 111;
19918 : 000;
19919 : 100;
19920 : 010;
19921 : 001;
19922 : 000;
19923 : 010;
19924 : 000;
19925 : 110;
19926 : 111;
19927 : 000;
19928 : 000;
19929 : 111;
19930 : 000;
19931 : 000;
19932 : 010;
19933 : 000;
19934 : 000;
19935 : 100;
19936 : 000;
19937 : 000;
19938 : 000;
19939 : 000;
19940 : 100;
19941 : 010;
19942 : 000;
19943 : 000;
19944 : 000;
19945 : 111;
19946 : 100;
19947 : 101;
19948 : 000;
19949 : 000;
19950 : 000;
19951 : 100;
19952 : 110;
19953 : 000;
19954 : 000;
19955 : 000;
19956 : 000;
19957 : 010;
19958 : 000;
19959 : 000;
19960 : 001;
19961 : 000;
19962 : 000;
19963 : 000;
19964 : 000;
19965 : 010;
19966 : 000;
19967 : 000;
19968 : 000;
19969 : 001;
19970 : 000;
19971 : 100;
19972 : 000;
19973 : 000;
19974 : 000;
19975 : 000;
19976 : 000;
19977 : 000;
19978 : 100;
19979 : 000;
19980 : 001;
19981 : 010;
19982 : 000;
19983 : 000;
19984 : 100;
19985 : 000;
19986 : 000;
19987 : 001;
19988 : 000;
19989 : 000;
19990 : 000;
19991 : 000;
19992 : 000;
19993 : 000;
19994 : 000;
19995 : 000;
19996 : 000;
19997 : 000;
19998 : 010;
19999 : 000;
20000 : 000;
20001 : 000;
20002 : 000;
20003 : 000;
20004 : 000;
20005 : 000;
20006 : 000;
20007 : 000;
20008 : 000;
20009 : 000;
20010 : 000;
20011 : 000;
20012 : 010;
20013 : 000;
20014 : 000;
20015 : 000;
20016 : 100;
20017 : 001;
20018 : 000;
20019 : 000;
20020 : 000;
20021 : 000;
20022 : 000;
20023 : 000;
20024 : 001;
20025 : 100;
20026 : 000;
20027 : 000;
20028 : 000;
20029 : 000;
20030 : 000;
20031 : 100;
20032 : 000;
20033 : 001;
20034 : 000;
20035 : 000;
20036 : 001;
20037 : 000;
20038 : 000;
20039 : 001;
20040 : 000;
20041 : 000;
20042 : 000;
20043 : 000;
20044 : 000;
20045 : 000;
20046 : 010;
20047 : 000;
20048 : 000;
20049 : 100;
20050 : 010;
20051 : 000;
20052 : 100;
20053 : 000;
20054 : 000;
20055 : 000;
20056 : 000;
20057 : 000;
20058 : 000;
20059 : 000;
20060 : 010;
20061 : 000;
20062 : 000;
20063 : 000;
20064 : 010;
20065 : 000;
20066 : 001;
20067 : 000;
20068 : 000;
20069 : 011;
20070 : 000;
20071 : 000;
20072 : 000;
20073 : 000;
20074 : 000;
20075 : 010;
20076 : 000;
20077 : 000;
20078 : 001;
20079 : 000;
20080 : 001;
20081 : 010;
20082 : 001;
20083 : 001;
20084 : 010;
20085 : 101;
20086 : 010;
20087 : 001;
20088 : 000;
20089 : 001;
20090 : 110;
20091 : 001;
20092 : 010;
20093 : 000;
20094 : 000;
20095 : 000;
20096 : 001;
20097 : 000;
20098 : 000;
20099 : 000;
20100 : 000;
20101 : 000;
20102 : 000;
20103 : 000;
20104 : 000;
20105 : 011;
20106 : 000;
20107 : 000;
20108 : 010;
20109 : 001;
20110 : 000;
20111 : 000;
20112 : 000;
20113 : 000;
20114 : 000;
20115 : 000;
20116 : 001;
20117 : 000;
20118 : 100;
20119 : 000;
20120 : 000;
20121 : 010;
20122 : 000;
20123 : 000;
20124 : 011;
20125 : 000;
20126 : 000;
20127 : 001;
20128 : 000;
20129 : 100;
20130 : 000;
20131 : 000;
20132 : 100;
20133 : 001;
20134 : 000;
20135 : 010;
20136 : 000;
20137 : 000;
20138 : 000;
20139 : 010;
20140 : 101;
20141 : 000;
20142 : 000;
20143 : 100;
20144 : 000;
20145 : 000;
20146 : 110;
20147 : 001;
20148 : 000;
20149 : 101;
20150 : 000;
20151 : 001;
20152 : 010;
20153 : 000;
20154 : 000;
20155 : 000;
20156 : 101;
20157 : 000;
20158 : 000;
20159 : 000;
20160 : 000;
20161 : 000;
20162 : 100;
20163 : 000;
20164 : 100;
20165 : 010;
20166 : 101;
20167 : 000;
20168 : 110;
20169 : 000;
20170 : 000;
20171 : 000;
20172 : 000;
20173 : 000;
20174 : 000;
20175 : 100;
20176 : 000;
20177 : 000;
20178 : 010;
20179 : 001;
20180 : 000;
20181 : 000;
20182 : 011;
20183 : 000;
20184 : 000;
20185 : 000;
20186 : 100;
20187 : 101;
20188 : 000;
20189 : 000;
20190 : 000;
20191 : 000;
20192 : 010;
20193 : 000;
20194 : 000;
20195 : 001;
20196 : 110;
20197 : 000;
20198 : 001;
20199 : 000;
20200 : 100;
20201 : 000;
20202 : 000;
20203 : 000;
20204 : 010;
20205 : 000;
20206 : 000;
20207 : 101;
20208 : 000;
20209 : 000;
20210 : 000;
20211 : 100;
20212 : 000;
20213 : 110;
20214 : 000;
20215 : 000;
20216 : 110;
20217 : 000;
20218 : 100;
20219 : 000;
20220 : 101;
20221 : 000;
20222 : 000;
20223 : 000;
20224 : 100;
20225 : 000;
20226 : 000;
20227 : 000;
20228 : 000;
20229 : 000;
20230 : 000;
20231 : 000;
20232 : 000;
20233 : 000;
20234 : 000;
20235 : 000;
20236 : 100;
20237 : 000;
20238 : 000;
20239 : 000;
20240 : 000;
20241 : 110;
20242 : 000;
20243 : 100;
20244 : 000;
20245 : 001;
20246 : 111;
20247 : 110;
20248 : 111;
20249 : 111;
20250 : 111;
20251 : 100;
20252 : 000;
20253 : 110;
20254 : 001;
20255 : 000;
20256 : 000;
20257 : 000;
20258 : 000;
20259 : 000;
20260 : 000;
20261 : 001;
20262 : 100;
20263 : 110;
20264 : 000;
20265 : 000;
20266 : 000;
20267 : 010;
20268 : 000;
20269 : 000;
20270 : 000;
20271 : 111;
20272 : 101;
20273 : 000;
20274 : 000;
20275 : 000;
20276 : 000;
20277 : 101;
20278 : 000;
20279 : 000;
20280 : 000;
20281 : 000;
20282 : 000;
20283 : 000;
20284 : 000;
20285 : 000;
20286 : 100;
20287 : 000;
20288 : 000;
20289 : 100;
20290 : 000;
20291 : 000;
20292 : 000;
20293 : 000;
20294 : 100;
20295 : 000;
20296 : 000;
20297 : 000;
20298 : 000;
20299 : 000;
20300 : 110;
20301 : 000;
20302 : 000;
20303 : 100;
20304 : 010;
20305 : 000;
20306 : 000;
20307 : 000;
20308 : 000;
20309 : 000;
20310 : 000;
20311 : 000;
20312 : 000;
20313 : 000;
20314 : 000;
20315 : 000;
20316 : 000;
20317 : 000;
20318 : 000;
20319 : 000;
20320 : 100;
20321 : 000;
20322 : 000;
20323 : 100;
20324 : 001;
20325 : 010;
20326 : 100;
20327 : 000;
20328 : 000;
20329 : 000;
20330 : 100;
20331 : 000;
20332 : 001;
20333 : 000;
20334 : 000;
20335 : 000;
20336 : 000;
20337 : 000;
20338 : 000;
20339 : 010;
20340 : 000;
20341 : 000;
20342 : 101;
20343 : 000;
20344 : 000;
20345 : 000;
20346 : 000;
20347 : 010;
20348 : 100;
20349 : 000;
20350 : 000;
20351 : 001;
20352 : 000;
20353 : 000;
20354 : 000;
20355 : 000;
20356 : 000;
20357 : 010;
20358 : 000;
20359 : 000;
20360 : 010;
20361 : 000;
20362 : 100;
20363 : 010;
20364 : 000;
20365 : 100;
20366 : 001;
20367 : 000;
20368 : 000;
20369 : 000;
20370 : 000;
20371 : 000;
20372 : 000;
20373 : 001;
20374 : 000;
20375 : 000;
20376 : 000;
20377 : 000;
20378 : 000;
20379 : 000;
20380 : 000;
20381 : 000;
20382 : 000;
20383 : 000;
20384 : 100;
20385 : 001;
20386 : 110;
20387 : 001;
20388 : 000;
20389 : 000;
20390 : 001;
20391 : 010;
20392 : 001;
20393 : 000;
20394 : 111;
20395 : 001;
20396 : 001;
20397 : 010;
20398 : 101;
20399 : 010;
20400 : 001;
20401 : 000;
20402 : 000;
20403 : 100;
20404 : 001;
20405 : 000;
20406 : 000;
20407 : 000;
20408 : 000;
20409 : 000;
20410 : 000;
20411 : 000;
20412 : 000;
20413 : 001;
20414 : 000;
20415 : 100;
20416 : 000;
20417 : 000;
20418 : 000;
20419 : 000;
20420 : 000;
20421 : 000;
20422 : 000;
20423 : 010;
20424 : 000;
20425 : 000;
20426 : 000;
20427 : 100;
20428 : 000;
20429 : 000;
20430 : 000;
20431 : 000;
20432 : 111;
20433 : 000;
20434 : 100;
20435 : 000;
20436 : 100;
20437 : 010;
20438 : 000;
20439 : 011;
20440 : 100;
20441 : 000;
20442 : 001;
20443 : 100;
20444 : 000;
20445 : 000;
20446 : 110;
20447 : 000;
20448 : 010;
20449 : 000;
20450 : 001;
20451 : 010;
20452 : 000;
20453 : 000;
20454 : 000;
20455 : 100;
20456 : 001;
20457 : 000;
20458 : 100;
20459 : 000;
20460 : 000;
20461 : 011;
20462 : 000;
20463 : 001;
20464 : 010;
20465 : 001;
20466 : 000;
20467 : 000;
20468 : 010;
20469 : 000;
20470 : 000;
20471 : 000;
20472 : 101;
20473 : 000;
20474 : 001;
20475 : 010;
20476 : 000;
20477 : 000;
20478 : 110;
20479 : 000;
20480 : 000;
20481 : 000;
20482 : 000;
20483 : 010;
20484 : 101;
20485 : 000;
20486 : 000;
20487 : 000;
20488 : 000;
20489 : 000;
20490 : 000;
20491 : 000;
20492 : 100;
20493 : 111;
20494 : 111;
20495 : 111;
20496 : 110;
20497 : 000;
20498 : 000;
20499 : 000;
20500 : 000;
20501 : 000;
20502 : 100;
20503 : 000;
20504 : 111;
20505 : 000;
20506 : 010;
20507 : 000;
20508 : 000;
20509 : 000;
20510 : 000;
20511 : 000;
20512 : 000;
20513 : 000;
20514 : 000;
20515 : 000;
20516 : 000;
20517 : 000;
20518 : 000;
20519 : 100;
20520 : 010;
20521 : 000;
20522 : 101;
20523 : 000;
20524 : 100;
20525 : 001;
20526 : 010;
20527 : 000;
20528 : 000;
20529 : 110;
20530 : 001;
20531 : 000;
20532 : 000;
20533 : 000;
20534 : 000;
20535 : 000;
20536 : 001;
20537 : 000;
20538 : 111;
20539 : 000;
20540 : 000;
20541 : 010;
20542 : 101;
20543 : 010;
20544 : 001;
20545 : 110;
20546 : 000;
20547 : 000;
20548 : 000;
20549 : 000;
20550 : 000;
20551 : 000;
20552 : 000;
20553 : 000;
20554 : 000;
20555 : 010;
20556 : 101;
20557 : 010;
20558 : 000;
20559 : 000;
20560 : 001;
20561 : 000;
20562 : 000;
20563 : 011;
20564 : 100;
20565 : 010;
20566 : 100;
20567 : 000;
20568 : 100;
20569 : 110;
20570 : 111;
20571 : 000;
20572 : 111;
20573 : 111;
20574 : 110;
20575 : 000;
20576 : 100;
20577 : 000;
20578 : 000;
20579 : 110;
20580 : 000;
20581 : 000;
20582 : 000;
20583 : 001;
20584 : 000;
20585 : 110;
20586 : 100;
20587 : 000;
20588 : 000;
20589 : 000;
20590 : 100;
20591 : 111;
20592 : 110;
20593 : 000;
20594 : 000;
20595 : 000;
20596 : 000;
20597 : 000;
20598 : 000;
20599 : 000;
20600 : 000;
20601 : 000;
20602 : 010;
20603 : 000;
20604 : 000;
20605 : 000;
20606 : 000;
20607 : 000;
20608 : 000;
20609 : 000;
20610 : 000;
20611 : 000;
20612 : 000;
20613 : 000;
20614 : 000;
20615 : 010;
20616 : 000;
20617 : 000;
20618 : 000;
20619 : 000;
20620 : 001;
20621 : 000;
20622 : 100;
20623 : 000;
20624 : 000;
20625 : 000;
20626 : 000;
20627 : 000;
20628 : 000;
20629 : 000;
20630 : 000;
20631 : 000;
20632 : 000;
20633 : 000;
20634 : 000;
20635 : 000;
20636 : 000;
20637 : 100;
20638 : 001;
20639 : 000;
20640 : 000;
20641 : 010;
20642 : 101;
20643 : 010;
20644 : 100;
20645 : 000;
20646 : 000;
20647 : 000;
20648 : 000;
20649 : 000;
20650 : 000;
20651 : 000;
20652 : 000;
20653 : 100;
20654 : 010;
20655 : 000;
20656 : 000;
20657 : 010;
20658 : 000;
20659 : 000;
20660 : 101;
20661 : 000;
20662 : 000;
20663 : 010;
20664 : 000;
20665 : 000;
20666 : 000;
20667 : 001;
20668 : 000;
20669 : 000;
20670 : 000;
20671 : 010;
20672 : 000;
20673 : 100;
20674 : 010;
20675 : 100;
20676 : 000;
20677 : 000;
20678 : 100;
20679 : 000;
20680 : 000;
20681 : 000;
20682 : 001;
20683 : 000;
20684 : 000;
20685 : 000;
20686 : 000;
20687 : 100;
20688 : 000;
20689 : 000;
20690 : 000;
20691 : 001;
20692 : 010;
20693 : 000;
20694 : 000;
20695 : 110;
20696 : 001;
20697 : 000;
20698 : 000;
20699 : 100;
20700 : 000;
20701 : 000;
20702 : 000;
20703 : 000;
20704 : 000;
20705 : 001;
20706 : 000;
20707 : 011;
20708 : 000;
20709 : 111;
20710 : 000;
20711 : 001;
20712 : 100;
20713 : 000;
20714 : 000;
20715 : 000;
20716 : 000;
20717 : 000;
20718 : 000;
20719 : 000;
20720 : 000;
20721 : 000;
20722 : 000;
20723 : 010;
20724 : 000;
20725 : 000;
20726 : 000;
20727 : 000;
20728 : 011;
20729 : 000;
20730 : 000;
20731 : 000;
20732 : 000;
20733 : 000;
20734 : 000;
20735 : 000;
20736 : 010;
20737 : 000;
20738 : 101;
20739 : 000;
20740 : 010;
20741 : 101;
20742 : 000;
20743 : 001;
20744 : 100;
20745 : 000;
20746 : 001;
20747 : 000;
20748 : 001;
20749 : 110;
20750 : 000;
20751 : 000;
20752 : 000;
20753 : 000;
20754 : 011;
20755 : 000;
20756 : 000;
20757 : 001;
20758 : 000;
20759 : 000;
20760 : 000;
20761 : 000;
20762 : 010;
20763 : 000;
20764 : 000;
20765 : 001;
20766 : 000;
20767 : 100;
20768 : 001;
20769 : 000;
20770 : 100;
20771 : 000;
20772 : 101;
20773 : 010;
20774 : 001;
20775 : 010;
20776 : 100;
20777 : 011;
20778 : 000;
20779 : 011;
20780 : 100;
20781 : 000;
20782 : 100;
20783 : 010;
20784 : 100;
20785 : 000;
20786 : 100;
20787 : 001;
20788 : 100;
20789 : 011;
20790 : 100;
20791 : 010;
20792 : 000;
20793 : 010;
20794 : 100;
20795 : 000;
20796 : 101;
20797 : 000;
20798 : 001;
20799 : 000;
20800 : 111;
20801 : 110;
20802 : 000;
20803 : 100;
20804 : 000;
20805 : 010;
20806 : 000;
20807 : 000;
20808 : 100;
20809 : 001;
20810 : 000;
20811 : 000;
20812 : 000;
20813 : 110;
20814 : 111;
20815 : 110;
20816 : 001;
20817 : 100;
20818 : 000;
20819 : 000;
20820 : 100;
20821 : 000;
20822 : 111;
20823 : 000;
20824 : 000;
20825 : 000;
20826 : 101;
20827 : 010;
20828 : 000;
20829 : 100;
20830 : 011;
20831 : 100;
20832 : 101;
20833 : 000;
20834 : 000;
20835 : 000;
20836 : 000;
20837 : 000;
20838 : 000;
20839 : 000;
20840 : 000;
20841 : 000;
20842 : 000;
20843 : 000;
20844 : 010;
20845 : 000;
20846 : 100;
20847 : 000;
20848 : 000;
20849 : 000;
20850 : 000;
20851 : 010;
20852 : 000;
20853 : 101;
20854 : 000;
20855 : 000;
20856 : 110;
20857 : 000;
20858 : 000;
20859 : 110;
20860 : 000;
20861 : 101;
20862 : 000;
20863 : 000;
20864 : 000;
20865 : 000;
20866 : 111;
20867 : 000;
20868 : 111;
20869 : 000;
20870 : 100;
20871 : 010;
20872 : 000;
20873 : 000;
20874 : 000;
20875 : 101;
20876 : 000;
20877 : 000;
20878 : 000;
20879 : 000;
20880 : 000;
20881 : 100;
20882 : 000;
20883 : 000;
20884 : 000;
20885 : 100;
20886 : 000;
20887 : 001;
20888 : 000;
20889 : 000;
20890 : 000;
20891 : 100;
20892 : 000;
20893 : 111;
20894 : 100;
20895 : 000;
20896 : 010;
20897 : 101;
20898 : 000;
20899 : 000;
20900 : 001;
20901 : 110;
20902 : 000;
20903 : 100;
20904 : 000;
20905 : 000;
20906 : 000;
20907 : 001;
20908 : 100;
20909 : 010;
20910 : 000;
20911 : 000;
20912 : 110;
20913 : 000;
20914 : 000;
20915 : 000;
20916 : 010;
20917 : 100;
20918 : 000;
20919 : 010;
20920 : 000;
20921 : 000;
20922 : 000;
20923 : 000;
20924 : 000;
20925 : 000;
20926 : 001;
20927 : 000;
20928 : 000;
20929 : 000;
20930 : 000;
20931 : 000;
20932 : 000;
20933 : 010;
20934 : 000;
20935 : 001;
20936 : 000;
20937 : 000;
20938 : 100;
20939 : 010;
20940 : 100;
20941 : 000;
20942 : 000;
20943 : 000;
20944 : 001;
20945 : 000;
20946 : 000;
20947 : 000;
20948 : 000;
20949 : 010;
20950 : 000;
20951 : 000;
20952 : 000;
20953 : 110;
20954 : 001;
20955 : 100;
20956 : 010;
20957 : 000;
20958 : 000;
20959 : 110;
20960 : 001;
20961 : 100;
20962 : 010;
20963 : 100;
20964 : 001;
20965 : 110;
20966 : 000;
20967 : 000;
20968 : 000;
20969 : 111;
20970 : 000;
20971 : 000;
20972 : 010;
20973 : 000;
20974 : 001;
20975 : 100;
20976 : 000;
20977 : 000;
20978 : 101;
20979 : 000;
20980 : 000;
20981 : 000;
20982 : 000;
20983 : 000;
20984 : 000;
20985 : 100;
20986 : 000;
20987 : 000;
20988 : 000;
20989 : 110;
20990 : 000;
20991 : 000;
20992 : 000;
20993 : 000;
20994 : 000;
20995 : 001;
20996 : 000;
20997 : 000;
20998 : 001;
20999 : 000;
21000 : 100;
21001 : 000;
21002 : 000;
21003 : 100;
21004 : 000;
21005 : 010;
21006 : 000;
21007 : 000;
21008 : 000;
21009 : 000;
21010 : 000;
21011 : 000;
21012 : 000;
21013 : 100;
21014 : 000;
21015 : 000;
21016 : 000;
21017 : 000;
21018 : 000;
21019 : 011;
21020 : 000;
21021 : 000;
21022 : 000;
21023 : 001;
21024 : 010;
21025 : 000;
21026 : 000;
21027 : 000;
21028 : 000;
21029 : 000;
21030 : 000;
21031 : 000;
21032 : 000;
21033 : 000;
21034 : 001;
21035 : 000;
21036 : 000;
21037 : 000;
21038 : 000;
21039 : 000;
21040 : 000;
21041 : 100;
21042 : 001;
21043 : 000;
21044 : 000;
21045 : 000;
21046 : 001;
21047 : 100;
21048 : 000;
21049 : 100;
21050 : 001;
21051 : 010;
21052 : 100;
21053 : 001;
21054 : 010;
21055 : 100;
21056 : 001;
21057 : 000;
21058 : 010;
21059 : 000;
21060 : 100;
21061 : 000;
21062 : 000;
21063 : 010;
21064 : 000;
21065 : 000;
21066 : 110;
21067 : 000;
21068 : 000;
21069 : 000;
21070 : 001;
21071 : 110;
21072 : 001;
21073 : 100;
21074 : 000;
21075 : 001;
21076 : 110;
21077 : 000;
21078 : 100;
21079 : 010;
21080 : 101;
21081 : 000;
21082 : 101;
21083 : 000;
21084 : 110;
21085 : 000;
21086 : 011;
21087 : 000;
21088 : 000;
21089 : 110;
21090 : 001;
21091 : 010;
21092 : 000;
21093 : 000;
21094 : 100;
21095 : 000;
21096 : 000;
21097 : 000;
21098 : 000;
21099 : 000;
21100 : 001;
21101 : 010;
21102 : 001;
21103 : 000;
21104 : 001;
21105 : 010;
21106 : 000;
21107 : 010;
21108 : 000;
21109 : 000;
21110 : 001;
21111 : 000;
21112 : 001;
21113 : 000;
21114 : 001;
21115 : 000;
21116 : 010;
21117 : 000;
21118 : 000;
21119 : 000;
21120 : 111;
21121 : 100;
21122 : 001;
21123 : 000;
21124 : 111;
21125 : 111;
21126 : 100;
21127 : 000;
21128 : 000;
21129 : 000;
21130 : 000;
21131 : 110;
21132 : 000;
21133 : 000;
21134 : 000;
21135 : 000;
21136 : 000;
21137 : 010;
21138 : 100;
21139 : 000;
21140 : 000;
21141 : 000;
21142 : 000;
21143 : 110;
21144 : 001;
21145 : 010;
21146 : 100;
21147 : 001;
21148 : 000;
21149 : 000;
21150 : 000;
21151 : 111;
21152 : 000;
21153 : 000;
21154 : 000;
21155 : 111;
21156 : 110;
21157 : 000;
21158 : 000;
21159 : 000;
21160 : 100;
21161 : 000;
21162 : 000;
21163 : 000;
21164 : 000;
21165 : 000;
21166 : 000;
21167 : 000;
21168 : 000;
21169 : 000;
21170 : 100;
21171 : 000;
21172 : 000;
21173 : 010;
21174 : 000;
21175 : 000;
21176 : 100;
21177 : 000;
21178 : 000;
21179 : 101;
21180 : 010;
21181 : 000;
21182 : 110;
21183 : 000;
21184 : 100;
21185 : 000;
21186 : 000;
21187 : 000;
21188 : 000;
21189 : 000;
21190 : 001;
21191 : 000;
21192 : 101;
21193 : 010;
21194 : 000;
21195 : 110;
21196 : 000;
21197 : 000;
21198 : 000;
21199 : 000;
21200 : 000;
21201 : 000;
21202 : 000;
21203 : 100;
21204 : 011;
21205 : 000;
21206 : 000;
21207 : 000;
21208 : 010;
21209 : 000;
21210 : 000;
21211 : 000;
21212 : 000;
21213 : 000;
21214 : 000;
21215 : 001;
21216 : 000;
21217 : 010;
21218 : 100;
21219 : 000;
21220 : 000;
21221 : 000;
21222 : 000;
21223 : 010;
21224 : 101;
21225 : 010;
21226 : 100;
21227 : 000;
21228 : 000;
21229 : 000;
21230 : 000;
21231 : 000;
21232 : 111;
21233 : 000;
21234 : 000;
21235 : 000;
21236 : 001;
21237 : 000;
21238 : 000;
21239 : 000;
21240 : 000;
21241 : 100;
21242 : 000;
21243 : 000;
21244 : 000;
21245 : 100;
21246 : 000;
21247 : 000;
21248 : 000;
21249 : 000;
21250 : 010;
21251 : 000;
21252 : 001;
21253 : 000;
21254 : 000;
21255 : 000;
21256 : 100;
21257 : 000;
21258 : 000;
21259 : 001;
21260 : 000;
21261 : 010;
21262 : 000;
21263 : 000;
21264 : 000;
21265 : 000;
21266 : 000;
21267 : 000;
21268 : 100;
21269 : 001;
21270 : 100;
21271 : 110;
21272 : 001;
21273 : 100;
21274 : 010;
21275 : 100;
21276 : 101;
21277 : 110;
21278 : 101;
21279 : 110;
21280 : 100;
21281 : 110;
21282 : 101;
21283 : 110;
21284 : 100;
21285 : 000;
21286 : 101;
21287 : 010;
21288 : 000;
21289 : 000;
21290 : 000;
21291 : 100;
21292 : 001;
21293 : 100;
21294 : 000;
21295 : 000;
21296 : 000;
21297 : 000;
21298 : 000;
21299 : 000;
21300 : 000;
21301 : 010;
21302 : 000;
21303 : 100;
21304 : 000;
21305 : 010;
21306 : 000;
21307 : 100;
21308 : 000;
21309 : 001;
21310 : 000;
21311 : 100;
21312 : 000;
21313 : 001;
21314 : 000;
21315 : 000;
21316 : 110;
21317 : 000;
21318 : 000;
21319 : 010;
21320 : 000;
21321 : 000;
21322 : 010;
21323 : 000;
21324 : 001;
21325 : 100;
21326 : 000;
21327 : 001;
21328 : 010;
21329 : 000;
21330 : 000;
21331 : 000;
21332 : 000;
21333 : 000;
21334 : 000;
21335 : 000;
21336 : 000;
21337 : 000;
21338 : 000;
21339 : 000;
21340 : 000;
21341 : 100;
21342 : 000;
21343 : 000;
21344 : 100;
21345 : 000;
21346 : 000;
21347 : 000;
21348 : 100;
21349 : 000;
21350 : 000;
21351 : 000;
21352 : 010;
21353 : 000;
21354 : 000;
21355 : 010;
21356 : 100;
21357 : 001;
21358 : 010;
21359 : 100;
21360 : 011;
21361 : 000;
21362 : 000;
21363 : 110;
21364 : 001;
21365 : 100;
21366 : 010;
21367 : 000;
21368 : 000;
21369 : 010;
21370 : 000;
21371 : 000;
21372 : 000;
21373 : 100;
21374 : 000;
21375 : 000;
21376 : 000;
21377 : 100;
21378 : 001;
21379 : 000;
21380 : 001;
21381 : 010;
21382 : 101;
21383 : 000;
21384 : 101;
21385 : 000;
21386 : 001;
21387 : 110;
21388 : 001;
21389 : 110;
21390 : 000;
21391 : 000;
21392 : 010;
21393 : 001;
21394 : 110;
21395 : 000;
21396 : 001;
21397 : 010;
21398 : 001;
21399 : 000;
21400 : 000;
21401 : 010;
21402 : 000;
21403 : 001;
21404 : 000;
21405 : 000;
21406 : 100;
21407 : 001;
21408 : 010;
21409 : 001;
21410 : 000;
21411 : 000;
21412 : 101;
21413 : 010;
21414 : 001;
21415 : 000;
21416 : 011;
21417 : 100;
21418 : 001;
21419 : 110;
21420 : 000;
21421 : 000;
21422 : 100;
21423 : 000;
21424 : 000;
21425 : 101;
21426 : 000;
21427 : 001;
21428 : 100;
21429 : 001;
21430 : 010;
21431 : 100;
21432 : 000;
21433 : 110;
21434 : 000;
21435 : 000;
21436 : 100;
21437 : 001;
21438 : 010;
21439 : 100;
21440 : 110;
21441 : 001;
21442 : 110;
21443 : 000;
21444 : 110;
21445 : 111;
21446 : 000;
21447 : 000;
21448 : 010;
21449 : 100;
21450 : 011;
21451 : 100;
21452 : 001;
21453 : 000;
21454 : 000;
21455 : 000;
21456 : 000;
21457 : 000;
21458 : 001;
21459 : 000;
21460 : 000;
21461 : 000;
21462 : 111;
21463 : 000;
21464 : 000;
21465 : 100;
21466 : 000;
21467 : 110;
21468 : 000;
21469 : 000;
21470 : 000;
21471 : 000;
21472 : 000;
21473 : 000;
21474 : 000;
21475 : 100;
21476 : 000;
21477 : 000;
21478 : 100;
21479 : 111;
21480 : 110;
21481 : 000;
21482 : 000;
21483 : 100;
21484 : 110;
21485 : 000;
21486 : 000;
21487 : 000;
21488 : 000;
21489 : 000;
21490 : 000;
21491 : 000;
21492 : 101;
21493 : 000;
21494 : 000;
21495 : 000;
21496 : 011;
21497 : 100;
21498 : 000;
21499 : 010;
21500 : 101;
21501 : 000;
21502 : 000;
21503 : 001;
21504 : 010;
21505 : 001;
21506 : 000;
21507 : 100;
21508 : 010;
21509 : 000;
21510 : 100;
21511 : 000;
21512 : 010;
21513 : 101;
21514 : 000;
21515 : 000;
21516 : 001;
21517 : 000;
21518 : 000;
21519 : 000;
21520 : 110;
21521 : 001;
21522 : 010;
21523 : 000;
21524 : 000;
21525 : 100;
21526 : 011;
21527 : 100;
21528 : 000;
21529 : 101;
21530 : 000;
21531 : 010;
21532 : 000;
21533 : 111;
21534 : 000;
21535 : 000;
21536 : 100;
21537 : 111;
21538 : 100;
21539 : 010;
21540 : 101;
21541 : 010;
21542 : 100;
21543 : 111;
21544 : 110;
21545 : 100;
21546 : 011;
21547 : 110;
21548 : 000;
21549 : 000;
21550 : 000;
21551 : 100;
21552 : 110;
21553 : 000;
21554 : 000;
21555 : 100;
21556 : 000;
21557 : 010;
21558 : 000;
21559 : 000;
21560 : 001;
21561 : 000;
21562 : 000;
21563 : 000;
21564 : 000;
21565 : 000;
21566 : 000;
21567 : 000;
21568 : 010;
21569 : 000;
21570 : 001;
21571 : 000;
21572 : 100;
21573 : 000;
21574 : 000;
21575 : 000;
21576 : 000;
21577 : 000;
21578 : 000;
21579 : 000;
21580 : 000;
21581 : 000;
21582 : 000;
21583 : 100;
21584 : 000;
21585 : 000;
21586 : 000;
21587 : 010;
21588 : 100;
21589 : 010;
21590 : 101;
21591 : 000;
21592 : 110;
21593 : 100;
21594 : 111;
21595 : 000;
21596 : 110;
21597 : 001;
21598 : 110;
21599 : 000;
21600 : 111;
21601 : 000;
21602 : 100;
21603 : 011;
21604 : 100;
21605 : 010;
21606 : 100;
21607 : 000;
21608 : 000;
21609 : 100;
21610 : 010;
21611 : 000;
21612 : 110;
21613 : 000;
21614 : 011;
21615 : 100;
21616 : 010;
21617 : 000;
21618 : 100;
21619 : 010;
21620 : 000;
21621 : 100;
21622 : 000;
21623 : 000;
21624 : 001;
21625 : 000;
21626 : 000;
21627 : 000;
21628 : 010;
21629 : 000;
21630 : 000;
21631 : 000;
21632 : 010;
21633 : 100;
21634 : 010;
21635 : 100;
21636 : 000;
21637 : 110;
21638 : 000;
21639 : 101;
21640 : 000;
21641 : 100;
21642 : 001;
21643 : 100;
21644 : 010;
21645 : 000;
21646 : 000;
21647 : 100;
21648 : 000;
21649 : 000;
21650 : 000;
21651 : 000;
21652 : 000;
21653 : 000;
21654 : 000;
21655 : 001;
21656 : 000;
21657 : 110;
21658 : 000;
21659 : 000;
21660 : 000;
21661 : 001;
21662 : 000;
21663 : 000;
21664 : 000;
21665 : 000;
21666 : 110;
21667 : 001;
21668 : 000;
21669 : 010;
21670 : 101;
21671 : 000;
21672 : 101;
21673 : 000;
21674 : 100;
21675 : 001;
21676 : 010;
21677 : 000;
21678 : 100;
21679 : 000;
21680 : 000;
21681 : 000;
21682 : 001;
21683 : 000;
21684 : 000;
21685 : 000;
21686 : 000;
21687 : 101;
21688 : 000;
21689 : 001;
21690 : 100;
21691 : 001;
21692 : 010;
21693 : 001;
21694 : 010;
21695 : 101;
21696 : 010;
21697 : 000;
21698 : 110;
21699 : 000;
21700 : 110;
21701 : 000;
21702 : 000;
21703 : 010;
21704 : 000;
21705 : 111;
21706 : 000;
21707 : 000;
21708 : 000;
21709 : 001;
21710 : 110;
21711 : 001;
21712 : 100;
21713 : 000;
21714 : 001;
21715 : 110;
21716 : 000;
21717 : 100;
21718 : 000;
21719 : 011;
21720 : 100;
21721 : 001;
21722 : 000;
21723 : 110;
21724 : 001;
21725 : 010;
21726 : 000;
21727 : 000;
21728 : 100;
21729 : 000;
21730 : 100;
21731 : 011;
21732 : 000;
21733 : 000;
21734 : 000;
21735 : 100;
21736 : 000;
21737 : 011;
21738 : 000;
21739 : 000;
21740 : 001;
21741 : 010;
21742 : 001;
21743 : 010;
21744 : 001;
21745 : 010;
21746 : 000;
21747 : 000;
21748 : 010;
21749 : 000;
21750 : 000;
21751 : 001;
21752 : 000;
21753 : 000;
21754 : 001;
21755 : 010;
21756 : 000;
21757 : 000;
21758 : 000;
21759 : 100;
21760 : 000;
21761 : 100;
21762 : 000;
21763 : 000;
21764 : 000;
21765 : 100;
21766 : 010;
21767 : 000;
21768 : 000;
21769 : 000;
21770 : 000;
21771 : 000;
21772 : 000;
21773 : 000;
21774 : 000;
21775 : 000;
21776 : 000;
21777 : 100;
21778 : 000;
21779 : 000;
21780 : 010;
21781 : 000;
21782 : 000;
21783 : 000;
21784 : 000;
21785 : 011;
21786 : 000;
21787 : 001;
21788 : 000;
21789 : 000;
21790 : 100;
21791 : 010;
21792 : 000;
21793 : 000;
21794 : 000;
21795 : 000;
21796 : 000;
21797 : 000;
21798 : 000;
21799 : 000;
21800 : 000;
21801 : 000;
21802 : 000;
21803 : 011;
21804 : 111;
21805 : 000;
21806 : 000;
21807 : 000;
21808 : 000;
21809 : 000;
21810 : 000;
21811 : 000;
21812 : 010;
21813 : 000;
21814 : 000;
21815 : 000;
21816 : 100;
21817 : 000;
21818 : 000;
21819 : 100;
21820 : 000;
21821 : 000;
21822 : 110;
21823 : 000;
21824 : 100;
21825 : 000;
21826 : 010;
21827 : 101;
21828 : 000;
21829 : 000;
21830 : 010;
21831 : 000;
21832 : 101;
21833 : 010;
21834 : 000;
21835 : 000;
21836 : 100;
21837 : 010;
21838 : 100;
21839 : 000;
21840 : 000;
21841 : 000;
21842 : 000;
21843 : 001;
21844 : 000;
21845 : 000;
21846 : 100;
21847 : 000;
21848 : 010;
21849 : 100;
21850 : 011;
21851 : 100;
21852 : 000;
21853 : 000;
21854 : 000;
21855 : 000;
21856 : 000;
21857 : 000;
21858 : 010;
21859 : 000;
21860 : 100;
21861 : 001;
21862 : 000;
21863 : 110;
21864 : 001;
21865 : 110;
21866 : 111;
21867 : 111;
21868 : 000;
21869 : 100;
21870 : 111;
21871 : 111;
21872 : 111;
21873 : 000;
21874 : 000;
21875 : 000;
21876 : 000;
21877 : 101;
21878 : 000;
21879 : 000;
21880 : 000;
21881 : 000;
21882 : 000;
21883 : 000;
21884 : 000;
21885 : 000;
21886 : 000;
21887 : 000;
21888 : 000;
21889 : 100;
21890 : 000;
21891 : 000;
21892 : 000;
21893 : 000;
21894 : 000;
21895 : 000;
21896 : 000;
21897 : 000;
21898 : 000;
21899 : 110;
21900 : 000;
21901 : 101;
21902 : 010;
21903 : 101;
21904 : 010;
21905 : 101;
21906 : 110;
21907 : 101;
21908 : 000;
21909 : 110;
21910 : 100;
21911 : 111;
21912 : 000;
21913 : 111;
21914 : 100;
21915 : 111;
21916 : 100;
21917 : 110;
21918 : 101;
21919 : 110;
21920 : 100;
21921 : 111;
21922 : 000;
21923 : 110;
21924 : 101;
21925 : 110;
21926 : 001;
21927 : 000;
21928 : 100;
21929 : 001;
21930 : 100;
21931 : 001;
21932 : 000;
21933 : 100;
21934 : 010;
21935 : 000;
21936 : 001;
21937 : 000;
21938 : 000;
21939 : 101;
21940 : 000;
21941 : 000;
21942 : 011;
21943 : 100;
21944 : 000;
21945 : 110;
21946 : 001;
21947 : 100;
21948 : 000;
21949 : 100;
21950 : 011;
21951 : 100;
21952 : 000;
21953 : 000;
21954 : 101;
21955 : 010;
21956 : 100;
21957 : 001;
21958 : 000;
21959 : 000;
21960 : 010;
21961 : 000;
21962 : 000;
21963 : 000;
21964 : 100;
21965 : 000;
21966 : 000;
21967 : 000;
21968 : 000;
21969 : 000;
21970 : 001;
21971 : 100;
21972 : 000;
21973 : 000;
21974 : 010;
21975 : 000;
21976 : 000;
21977 : 000;
21978 : 000;
21979 : 001;
21980 : 000;
21981 : 000;
21982 : 010;
21983 : 000;
21984 : 111;
21985 : 000;
21986 : 000;
21987 : 000;
21988 : 111;
21989 : 000;
21990 : 000;
21991 : 010;
21992 : 000;
21993 : 010;
21994 : 000;
21995 : 000;
21996 : 100;
21997 : 001;
21998 : 010;
21999 : 001;
22000 : 100;
22001 : 010;
22002 : 100;
22003 : 010;
22004 : 101;
22005 : 010;
22006 : 000;
22007 : 010;
22008 : 100;
22009 : 010;
22010 : 000;
22011 : 110;
22012 : 000;
22013 : 100;
22014 : 001;
22015 : 000;
22016 : 101;
22017 : 000;
22018 : 001;
22019 : 000;
22020 : 001;
22021 : 100;
22022 : 011;
22023 : 100;
22024 : 001;
22025 : 000;
22026 : 110;
22027 : 001;
22028 : 110;
22029 : 000;
22030 : 001;
22031 : 110;
22032 : 001;
22033 : 110;
22034 : 000;
22035 : 001;
22036 : 110;
22037 : 001;
22038 : 000;
22039 : 000;
22040 : 000;
22041 : 010;
22042 : 000;
22043 : 000;
22044 : 000;
22045 : 101;
22046 : 000;
22047 : 011;
22048 : 000;
22049 : 011;
22050 : 000;
22051 : 000;
22052 : 100;
22053 : 011;
22054 : 000;
22055 : 011;
22056 : 000;
22057 : 100;
22058 : 000;
22059 : 001;
22060 : 100;
22061 : 000;
22062 : 100;
22063 : 000;
22064 : 100;
22065 : 000;
22066 : 101;
22067 : 000;
22068 : 101;
22069 : 000;
22070 : 111;
22071 : 000;
22072 : 110;
22073 : 001;
22074 : 000;
22075 : 100;
22076 : 001;
22077 : 110;
22078 : 001;
22079 : 000;
22080 : 000;
22081 : 000;
22082 : 000;
22083 : 000;
22084 : 111;
22085 : 000;
22086 : 000;
22087 : 101;
22088 : 000;
22089 : 000;
22090 : 000;
22091 : 000;
22092 : 000;
22093 : 000;
22094 : 000;
22095 : 000;
22096 : 000;
22097 : 000;
22098 : 010;
22099 : 000;
22100 : 000;
22101 : 000;
22102 : 111;
22103 : 000;
22104 : 100;
22105 : 000;
22106 : 100;
22107 : 110;
22108 : 000;
22109 : 000;
22110 : 000;
22111 : 001;
22112 : 000;
22113 : 100;
22114 : 010;
22115 : 000;
22116 : 000;
22117 : 011;
22118 : 000;
22119 : 000;
22120 : 000;
22121 : 000;
22122 : 000;
22123 : 000;
22124 : 000;
22125 : 000;
22126 : 000;
22127 : 000;
22128 : 000;
22129 : 000;
22130 : 000;
22131 : 000;
22132 : 000;
22133 : 000;
22134 : 000;
22135 : 100;
22136 : 011;
22137 : 000;
22138 : 000;
22139 : 010;
22140 : 111;
22141 : 100;
22142 : 000;
22143 : 000;
22144 : 110;
22145 : 000;
22146 : 000;
22147 : 100;
22148 : 010;
22149 : 001;
22150 : 100;
22151 : 000;
22152 : 000;
22153 : 001;
22154 : 100;
22155 : 010;
22156 : 000;
22157 : 000;
22158 : 001;
22159 : 000;
22160 : 000;
22161 : 000;
22162 : 100;
22163 : 000;
22164 : 000;
22165 : 111;
22166 : 000;
22167 : 001;
22168 : 000;
22169 : 000;
22170 : 000;
22171 : 100;
22172 : 011;
22173 : 100;
22174 : 010;
22175 : 100;
22176 : 010;
22177 : 101;
22178 : 000;
22179 : 000;
22180 : 000;
22181 : 000;
22182 : 000;
22183 : 100;
22184 : 000;
22185 : 000;
22186 : 000;
22187 : 100;
22188 : 000;
22189 : 110;
22190 : 000;
22191 : 111;
22192 : 111;
22193 : 110;
22194 : 100;
22195 : 000;
22196 : 010;
22197 : 000;
22198 : 000;
22199 : 000;
22200 : 000;
22201 : 000;
22202 : 000;
22203 : 000;
22204 : 000;
22205 : 001;
22206 : 000;
22207 : 000;
22208 : 000;
22209 : 000;
22210 : 000;
22211 : 000;
22212 : 000;
22213 : 000;
22214 : 000;
22215 : 000;
22216 : 000;
22217 : 010;
22218 : 001;
22219 : 000;
22220 : 000;
22221 : 110;
22222 : 101;
22223 : 010;
22224 : 100;
22225 : 010;
22226 : 100;
22227 : 110;
22228 : 101;
22229 : 010;
22230 : 101;
22231 : 110;
22232 : 100;
22233 : 010;
22234 : 100;
22235 : 010;
22236 : 101;
22237 : 010;
22238 : 100;
22239 : 011;
22240 : 100;
22241 : 010;
22242 : 101;
22243 : 110;
22244 : 000;
22245 : 100;
22246 : 110;
22247 : 000;
22248 : 010;
22249 : 000;
22250 : 110;
22251 : 000;
22252 : 110;
22253 : 001;
22254 : 100;
22255 : 100;
22256 : 110;
22257 : 100;
22258 : 111;
22259 : 000;
22260 : 110;
22261 : 000;
22262 : 100;
22263 : 000;
22264 : 000;
22265 : 000;
22266 : 000;
22267 : 010;
22268 : 101;
22269 : 000;
22270 : 000;
22271 : 000;
22272 : 000;
22273 : 000;
22274 : 000;
22275 : 000;
22276 : 000;
22277 : 000;
22278 : 000;
22279 : 000;
22280 : 000;
22281 : 000;
22282 : 100;
22283 : 010;
22284 : 001;
22285 : 000;
22286 : 010;
22287 : 001;
22288 : 000;
22289 : 000;
22290 : 010;
22291 : 000;
22292 : 000;
22293 : 000;
22294 : 000;
22295 : 100;
22296 : 000;
22297 : 000;
22298 : 000;
22299 : 000;
22300 : 110;
22301 : 000;
22302 : 000;
22303 : 000;
22304 : 000;
22305 : 000;
22306 : 111;
22307 : 000;
22308 : 000;
22309 : 000;
22310 : 101;
22311 : 000;
22312 : 101;
22313 : 000;
22314 : 111;
22315 : 000;
22316 : 010;
22317 : 100;
22318 : 000;
22319 : 000;
22320 : 011;
22321 : 100;
22322 : 001;
22323 : 000;
22324 : 000;
22325 : 101;
22326 : 010;
22327 : 101;
22328 : 000;
22329 : 001;
22330 : 100;
22331 : 001;
22332 : 010;
22333 : 001;
22334 : 110;
22335 : 000;
22336 : 010;
22337 : 100;
22338 : 011;
22339 : 100;
22340 : 010;
22341 : 001;
22342 : 000;
22343 : 000;
22344 : 110;
22345 : 001;
22346 : 000;
22347 : 010;
22348 : 001;
22349 : 100;
22350 : 010;
22351 : 000;
22352 : 000;
22353 : 001;
22354 : 110;
22355 : 000;
22356 : 001;
22357 : 010;
22358 : 100;
22359 : 011;
22360 : 100;
22361 : 001;
22362 : 100;
22363 : 001;
22364 : 010;
22365 : 000;
22366 : 100;
22367 : 000;
22368 : 101;
22369 : 000;
22370 : 000;
22371 : 011;
22372 : 000;
22373 : 000;
22374 : 100;
22375 : 000;
22376 : 001;
22377 : 000;
22378 : 010;
22379 : 100;
22380 : 010;
22381 : 001;
22382 : 000;
22383 : 011;
22384 : 000;
22385 : 000;
22386 : 011;
22387 : 000;
22388 : 010;
22389 : 101;
22390 : 000;
22391 : 000;
22392 : 001;
22393 : 000;
22394 : 110;
22395 : 000;
22396 : 000;
22397 : 000;
22398 : 000;
22399 : 000;
22400 : 000;
22401 : 000;
22402 : 000;
22403 : 000;
22404 : 000;
22405 : 000;
22406 : 000;
22407 : 000;
22408 : 000;
22409 : 111;
22410 : 100;
22411 : 111;
22412 : 000;
22413 : 000;
22414 : 000;
22415 : 000;
22416 : 000;
22417 : 100;
22418 : 000;
22419 : 000;
22420 : 000;
22421 : 000;
22422 : 100;
22423 : 000;
22424 : 011;
22425 : 000;
22426 : 001;
22427 : 010;
22428 : 000;
22429 : 111;
22430 : 000;
22431 : 110;
22432 : 111;
22433 : 000;
22434 : 000;
22435 : 000;
22436 : 000;
22437 : 100;
22438 : 000;
22439 : 000;
22440 : 000;
22441 : 001;
22442 : 100;
22443 : 000;
22444 : 000;
22445 : 100;
22446 : 000;
22447 : 000;
22448 : 000;
22449 : 000;
22450 : 000;
22451 : 000;
22452 : 101;
22453 : 000;
22454 : 000;
22455 : 000;
22456 : 100;
22457 : 010;
22458 : 100;
22459 : 000;
22460 : 101;
22461 : 010;
22462 : 000;
22463 : 111;
22464 : 100;
22465 : 000;
22466 : 100;
22467 : 000;
22468 : 000;
22469 : 000;
22470 : 000;
22471 : 000;
22472 : 010;
22473 : 000;
22474 : 000;
22475 : 001;
22476 : 000;
22477 : 000;
22478 : 000;
22479 : 000;
22480 : 110;
22481 : 000;
22482 : 001;
22483 : 000;
22484 : 000;
22485 : 000;
22486 : 110;
22487 : 000;
22488 : 100;
22489 : 010;
22490 : 001;
22491 : 000;
22492 : 000;
22493 : 000;
22494 : 001;
22495 : 000;
22496 : 100;
22497 : 000;
22498 : 000;
22499 : 100;
22500 : 010;
22501 : 000;
22502 : 111;
22503 : 000;
22504 : 000;
22505 : 000;
22506 : 000;
22507 : 000;
22508 : 000;
22509 : 000;
22510 : 000;
22511 : 100;
22512 : 000;
22513 : 000;
22514 : 111;
22515 : 000;
22516 : 000;
22517 : 101;
22518 : 000;
22519 : 000;
22520 : 000;
22521 : 000;
22522 : 100;
22523 : 000;
22524 : 000;
22525 : 110;
22526 : 000;
22527 : 000;
22528 : 000;
22529 : 000;
22530 : 000;
22531 : 000;
22532 : 000;
22533 : 100;
22534 : 010;
22535 : 000;
22536 : 101;
22537 : 000;
22538 : 000;
22539 : 100;
22540 : 000;
22541 : 101;
22542 : 010;
22543 : 100;
22544 : 101;
22545 : 100;
22546 : 011;
22547 : 100;
22548 : 010;
22549 : 101;
22550 : 100;
22551 : 010;
22552 : 101;
22553 : 110;
22554 : 101;
22555 : 110;
22556 : 100;
22557 : 111;
22558 : 100;
22559 : 110;
22560 : 101;
22561 : 110;
22562 : 100;
22563 : 001;
22564 : 110;
22565 : 001;
22566 : 110;
22567 : 101;
22568 : 100;
22569 : 111;
22570 : 000;
22571 : 101;
22572 : 010;
22573 : 100;
22574 : 010;
22575 : 001;
22576 : 100;
22577 : 011;
22578 : 100;
22579 : 000;
22580 : 000;
22581 : 000;
22582 : 000;
22583 : 000;
22584 : 000;
22585 : 010;
22586 : 000;
22587 : 100;
22588 : 000;
22589 : 000;
22590 : 000;
22591 : 000;
22592 : 000;
22593 : 100;
22594 : 000;
22595 : 000;
22596 : 000;
22597 : 000;
22598 : 000;
22599 : 100;
22600 : 000;
22601 : 000;
22602 : 001;
22603 : 000;
22604 : 100;
22605 : 000;
22606 : 100;
22607 : 000;
22608 : 000;
22609 : 100;
22610 : 000;
22611 : 000;
22612 : 000;
22613 : 000;
22614 : 001;
22615 : 000;
22616 : 000;
22617 : 001;
22618 : 000;
22619 : 000;
22620 : 000;
22621 : 000;
22622 : 000;
22623 : 101;
22624 : 010;
22625 : 100;
22626 : 000;
22627 : 001;
22628 : 110;
22629 : 000;
22630 : 010;
22631 : 000;
22632 : 010;
22633 : 100;
22634 : 000;
22635 : 101;
22636 : 000;
22637 : 011;
22638 : 100;
22639 : 001;
22640 : 100;
22641 : 010;
22642 : 000;
22643 : 111;
22644 : 000;
22645 : 010;
22646 : 000;
22647 : 001;
22648 : 110;
22649 : 000;
22650 : 011;
22651 : 000;
22652 : 100;
22653 : 000;
22654 : 001;
22655 : 110;
22656 : 001;
22657 : 000;
22658 : 000;
22659 : 011;
22660 : 100;
22661 : 000;
22662 : 111;
22663 : 000;
22664 : 001;
22665 : 110;
22666 : 000;
22667 : 101;
22668 : 010;
22669 : 000;
22670 : 101;
22671 : 000;
22672 : 111;
22673 : 000;
22674 : 001;
22675 : 110;
22676 : 000;
22677 : 101;
22678 : 000;
22679 : 000;
22680 : 000;
22681 : 010;
22682 : 000;
22683 : 000;
22684 : 101;
22685 : 000;
22686 : 011;
22687 : 000;
22688 : 010;
22689 : 000;
22690 : 101;
22691 : 000;
22692 : 100;
22693 : 001;
22694 : 010;
22695 : 001;
22696 : 110;
22697 : 000;
22698 : 001;
22699 : 000;
22700 : 001;
22701 : 110;
22702 : 000;
22703 : 000;
22704 : 111;
22705 : 000;
22706 : 100;
22707 : 011;
22708 : 100;
22709 : 000;
22710 : 010;
22711 : 101;
22712 : 010;
22713 : 000;
22714 : 001;
22715 : 000;
22716 : 011;
22717 : 000;
22718 : 101;
22719 : 000;
22720 : 110;
22721 : 001;
22722 : 110;
22723 : 000;
22724 : 100;
22725 : 000;
22726 : 000;
22727 : 110;
22728 : 000;
22729 : 000;
22730 : 000;
22731 : 000;
22732 : 100;
22733 : 000;
22734 : 000;
22735 : 000;
22736 : 000;
22737 : 000;
22738 : 001;
22739 : 100;
22740 : 000;
22741 : 000;
22742 : 011;
22743 : 000;
22744 : 100;
22745 : 010;
22746 : 100;
22747 : 001;
22748 : 000;
22749 : 000;
22750 : 000;
22751 : 100;
22752 : 010;
22753 : 000;
22754 : 100;
22755 : 111;
22756 : 111;
22757 : 000;
22758 : 000;
22759 : 110;
22760 : 001;
22761 : 010;
22762 : 000;
22763 : 000;
22764 : 000;
22765 : 000;
22766 : 010;
22767 : 000;
22768 : 000;
22769 : 000;
22770 : 000;
22771 : 000;
22772 : 010;
22773 : 000;
22774 : 000;
22775 : 011;
22776 : 100;
22777 : 001;
22778 : 000;
22779 : 000;
22780 : 000;
22781 : 000;
22782 : 000;
22783 : 000;
22784 : 000;
22785 : 000;
22786 : 011;
22787 : 100;
22788 : 000;
22789 : 100;
22790 : 111;
22791 : 000;
22792 : 000;
22793 : 100;
22794 : 000;
22795 : 000;
22796 : 000;
22797 : 000;
22798 : 000;
22799 : 000;
22800 : 000;
22801 : 000;
22802 : 000;
22803 : 000;
22804 : 010;
22805 : 000;
22806 : 000;
22807 : 001;
22808 : 000;
22809 : 000;
22810 : 100;
22811 : 000;
22812 : 000;
22813 : 100;
22814 : 010;
22815 : 000;
22816 : 011;
22817 : 111;
22818 : 000;
22819 : 000;
22820 : 000;
22821 : 000;
22822 : 000;
22823 : 000;
22824 : 111;
22825 : 000;
22826 : 000;
22827 : 000;
22828 : 000;
22829 : 000;
22830 : 000;
22831 : 000;
22832 : 000;
22833 : 100;
22834 : 000;
22835 : 000;
22836 : 000;
22837 : 000;
22838 : 010;
22839 : 000;
22840 : 100;
22841 : 000;
22842 : 010;
22843 : 001;
22844 : 000;
22845 : 000;
22846 : 000;
22847 : 000;
22848 : 101;
22849 : 010;
22850 : 000;
22851 : 100;
22852 : 011;
22853 : 000;
22854 : 000;
22855 : 000;
22856 : 000;
22857 : 000;
22858 : 000;
22859 : 000;
22860 : 010;
22861 : 100;
22862 : 000;
22863 : 110;
22864 : 000;
22865 : 110;
22866 : 000;
22867 : 101;
22868 : 110;
22869 : 100;
22870 : 010;
22871 : 101;
22872 : 110;
22873 : 000;
22874 : 101;
22875 : 010;
22876 : 101;
22877 : 010;
22878 : 101;
22879 : 010;
22880 : 100;
22881 : 001;
22882 : 110;
22883 : 100;
22884 : 110;
22885 : 100;
22886 : 010;
22887 : 100;
22888 : 011;
22889 : 100;
22890 : 110;
22891 : 000;
22892 : 100;
22893 : 001;
22894 : 100;
22895 : 110;
22896 : 100;
22897 : 110;
22898 : 100;
22899 : 111;
22900 : 000;
22901 : 000;
22902 : 000;
22903 : 010;
22904 : 001;
22905 : 100;
22906 : 000;
22907 : 000;
22908 : 011;
22909 : 000;
22910 : 000;
22911 : 110;
22912 : 000;
22913 : 001;
22914 : 010;
22915 : 000;
22916 : 000;
22917 : 100;
22918 : 011;
22919 : 000;
22920 : 000;
22921 : 000;
22922 : 010;
22923 : 100;
22924 : 010;
22925 : 000;
22926 : 000;
22927 : 000;
22928 : 000;
22929 : 000;
22930 : 000;
22931 : 000;
22932 : 000;
22933 : 000;
22934 : 000;
22935 : 000;
22936 : 000;
22937 : 010;
22938 : 100;
22939 : 000;
22940 : 000;
22941 : 000;
22942 : 000;
22943 : 000;
22944 : 001;
22945 : 000;
22946 : 010;
22947 : 100;
22948 : 001;
22949 : 000;
22950 : 101;
22951 : 000;
22952 : 101;
22953 : 010;
22954 : 001;
22955 : 010;
22956 : 100;
22957 : 000;
22958 : 011;
22959 : 100;
22960 : 010;
22961 : 001;
22962 : 100;
22963 : 000;
22964 : 111;
22965 : 000;
22966 : 101;
22967 : 000;
22968 : 000;
22969 : 111;
22970 : 000;
22971 : 100;
22972 : 011;
22973 : 100;
22974 : 010;
22975 : 000;
22976 : 100;
22977 : 011;
22978 : 100;
22979 : 000;
22980 : 000;
22981 : 011;
22982 : 000;
22983 : 100;
22984 : 010;
22985 : 001;
22986 : 100;
22987 : 010;
22988 : 101;
22989 : 000;
22990 : 010;
22991 : 001;
22992 : 000;
22993 : 110;
22994 : 000;
22995 : 001;
22996 : 010;
22997 : 000;
22998 : 011;
22999 : 100;
23000 : 001;
23001 : 000;
23002 : 101;
23003 : 010;
23004 : 000;
23005 : 000;
23006 : 100;
23007 : 001;
23008 : 000;
23009 : 100;
23010 : 010;
23011 : 000;
23012 : 011;
23013 : 000;
23014 : 100;
23015 : 000;
23016 : 001;
23017 : 100;
23018 : 010;
23019 : 100;
23020 : 000;
23021 : 001;
23022 : 000;
23023 : 111;
23024 : 000;
23025 : 001;
23026 : 010;
23027 : 000;
23028 : 000;
23029 : 001;
23030 : 000;
23031 : 010;
23032 : 000;
23033 : 100;
23034 : 000;
23035 : 000;
23036 : 100;
23037 : 000;
23038 : 010;
23039 : 000;
23040 : 111;
23041 : 100;
23042 : 000;
23043 : 000;
23044 : 111;
23045 : 111;
23046 : 000;
23047 : 000;
23048 : 000;
23049 : 000;
23050 : 000;
23051 : 000;
23052 : 000;
23053 : 000;
23054 : 000;
23055 : 000;
23056 : 000;
23057 : 110;
23058 : 000;
23059 : 000;
23060 : 000;
23061 : 000;
23062 : 100;
23063 : 000;
23064 : 000;
23065 : 101;
23066 : 000;
23067 : 110;
23068 : 000;
23069 : 000;
23070 : 000;
23071 : 000;
23072 : 000;
23073 : 000;
23074 : 000;
23075 : 000;
23076 : 000;
23077 : 000;
23078 : 000;
23079 : 100;
23080 : 111;
23081 : 000;
23082 : 000;
23083 : 110;
23084 : 111;
23085 : 000;
23086 : 000;
23087 : 000;
23088 : 000;
23089 : 000;
23090 : 000;
23091 : 000;
23092 : 100;
23093 : 000;
23094 : 000;
23095 : 100;
23096 : 000;
23097 : 010;
23098 : 000;
23099 : 000;
23100 : 110;
23101 : 000;
23102 : 000;
23103 : 000;
23104 : 000;
23105 : 000;
23106 : 000;
23107 : 000;
23108 : 000;
23109 : 000;
23110 : 000;
23111 : 000;
23112 : 000;
23113 : 000;
23114 : 000;
23115 : 100;
23116 : 010;
23117 : 100;
23118 : 000;
23119 : 000;
23120 : 000;
23121 : 000;
23122 : 000;
23123 : 000;
23124 : 100;
23125 : 001;
23126 : 000;
23127 : 100;
23128 : 010;
23129 : 000;
23130 : 000;
23131 : 010;
23132 : 101;
23133 : 000;
23134 : 000;
23135 : 100;
23136 : 000;
23137 : 100;
23138 : 000;
23139 : 001;
23140 : 100;
23141 : 000;
23142 : 000;
23143 : 000;
23144 : 000;
23145 : 110;
23146 : 101;
23147 : 010;
23148 : 101;
23149 : 010;
23150 : 101;
23151 : 000;
23152 : 010;
23153 : 101;
23154 : 000;
23155 : 000;
23156 : 000;
23157 : 000;
23158 : 100;
23159 : 000;
23160 : 000;
23161 : 000;
23162 : 000;
23163 : 000;
23164 : 000;
23165 : 000;
23166 : 000;
23167 : 010;
23168 : 000;
23169 : 000;
23170 : 000;
23171 : 000;
23172 : 000;
23173 : 000;
23174 : 000;
23175 : 000;
23176 : 000;
23177 : 000;
23178 : 000;
23179 : 000;
23180 : 000;
23181 : 111;
23182 : 000;
23183 : 101;
23184 : 010;
23185 : 101;
23186 : 100;
23187 : 010;
23188 : 101;
23189 : 010;
23190 : 101;
23191 : 100;
23192 : 010;
23193 : 101;
23194 : 110;
23195 : 100;
23196 : 110;
23197 : 100;
23198 : 110;
23199 : 101;
23200 : 110;
23201 : 100;
23202 : 011;
23203 : 100;
23204 : 011;
23205 : 100;
23206 : 101;
23207 : 010;
23208 : 100;
23209 : 110;
23210 : 001;
23211 : 110;
23212 : 001;
23213 : 110;
23214 : 000;
23215 : 111;
23216 : 000;
23217 : 111;
23218 : 000;
23219 : 100;
23220 : 000;
23221 : 000;
23222 : 000;
23223 : 000;
23224 : 000;
23225 : 000;
23226 : 000;
23227 : 000;
23228 : 100;
23229 : 000;
23230 : 000;
23231 : 000;
23232 : 000;
23233 : 000;
23234 : 000;
23235 : 000;
23236 : 001;
23237 : 000;
23238 : 000;
23239 : 000;
23240 : 000;
23241 : 000;
23242 : 000;
23243 : 001;
23244 : 100;
23245 : 000;
23246 : 011;
23247 : 100;
23248 : 000;
23249 : 011;
23250 : 000;
23251 : 000;
23252 : 000;
23253 : 000;
23254 : 110;
23255 : 000;
23256 : 000;
23257 : 000;
23258 : 000;
23259 : 000;
23260 : 001;
23261 : 110;
23262 : 000;
23263 : 111;
23264 : 000;
23265 : 110;
23266 : 001;
23267 : 000;
23268 : 110;
23269 : 000;
23270 : 010;
23271 : 101;
23272 : 010;
23273 : 000;
23274 : 100;
23275 : 001;
23276 : 010;
23277 : 101;
23278 : 000;
23279 : 000;
23280 : 101;
23281 : 010;
23282 : 000;
23283 : 011;
23284 : 000;
23285 : 100;
23286 : 010;
23287 : 100;
23288 : 011;
23289 : 000;
23290 : 000;
23291 : 000;
23292 : 000;
23293 : 001;
23294 : 000;
23295 : 001;
23296 : 000;
23297 : 000;
23298 : 000;
23299 : 000;
23300 : 100;
23301 : 000;
23302 : 000;
23303 : 000;
23304 : 101;
23305 : 000;
23306 : 010;
23307 : 001;
23308 : 000;
23309 : 111;
23310 : 000;
23311 : 100;
23312 : 011;
23313 : 000;
23314 : 101;
23315 : 010;
23316 : 101;
23317 : 000;
23318 : 000;
23319 : 000;
23320 : 010;
23321 : 000;
23322 : 000;
23323 : 001;
23324 : 110;
23325 : 001;
23326 : 010;
23327 : 000;
23328 : 011;
23329 : 000;
23330 : 001;
23331 : 100;
23332 : 000;
23333 : 000;
23334 : 011;
23335 : 100;
23336 : 010;
23337 : 001;
23338 : 000;
23339 : 011;
23340 : 100;
23341 : 010;
23342 : 000;
23343 : 000;
23344 : 000;
23345 : 100;
23346 : 001;
23347 : 000;
23348 : 110;
23349 : 000;
23350 : 101;
23351 : 000;
23352 : 001;
23353 : 000;
23354 : 011;
23355 : 000;
23356 : 001;
23357 : 000;
23358 : 001;
23359 : 100;
23360 : 111;
23361 : 000;
23362 : 110;
23363 : 000;
23364 : 111;
23365 : 111;
23366 : 000;
23367 : 000;
23368 : 100;
23369 : 010;
23370 : 000;
23371 : 000;
23372 : 000;
23373 : 000;
23374 : 000;
23375 : 000;
23376 : 000;
23377 : 000;
23378 : 000;
23379 : 000;
23380 : 000;
23381 : 000;
23382 : 111;
23383 : 000;
23384 : 000;
23385 : 010;
23386 : 000;
23387 : 101;
23388 : 000;
23389 : 000;
23390 : 100;
23391 : 000;
23392 : 000;
23393 : 001;
23394 : 000;
23395 : 000;
23396 : 000;
23397 : 000;
23398 : 000;
23399 : 000;
23400 : 000;
23401 : 100;
23402 : 000;
23403 : 000;
23404 : 111;
23405 : 000;
23406 : 100;
23407 : 000;
23408 : 000;
23409 : 000;
23410 : 000;
23411 : 000;
23412 : 001;
23413 : 000;
23414 : 000;
23415 : 010;
23416 : 100;
23417 : 001;
23418 : 000;
23419 : 111;
23420 : 100;
23421 : 001;
23422 : 100;
23423 : 010;
23424 : 101;
23425 : 000;
23426 : 000;
23427 : 000;
23428 : 000;
23429 : 000;
23430 : 000;
23431 : 000;
23432 : 000;
23433 : 000;
23434 : 000;
23435 : 000;
23436 : 100;
23437 : 001;
23438 : 000;
23439 : 000;
23440 : 000;
23441 : 111;
23442 : 000;
23443 : 000;
23444 : 000;
23445 : 000;
23446 : 010;
23447 : 000;
23448 : 000;
23449 : 000;
23450 : 000;
23451 : 000;
23452 : 000;
23453 : 000;
23454 : 000;
23455 : 000;
23456 : 000;
23457 : 011;
23458 : 000;
23459 : 000;
23460 : 000;
23461 : 000;
23462 : 010;
23463 : 100;
23464 : 001;
23465 : 000;
23466 : 110;
23467 : 000;
23468 : 100;
23469 : 000;
23470 : 010;
23471 : 100;
23472 : 000;
23473 : 010;
23474 : 100;
23475 : 000;
23476 : 010;
23477 : 001;
23478 : 000;
23479 : 000;
23480 : 000;
23481 : 000;
23482 : 000;
23483 : 100;
23484 : 000;
23485 : 000;
23486 : 000;
23487 : 100;
23488 : 000;
23489 : 000;
23490 : 000;
23491 : 000;
23492 : 000;
23493 : 000;
23494 : 000;
23495 : 000;
23496 : 100;
23497 : 000;
23498 : 000;
23499 : 000;
23500 : 000;
23501 : 100;
23502 : 110;
23503 : 000;
23504 : 100;
23505 : 010;
23506 : 100;
23507 : 111;
23508 : 100;
23509 : 100;
23510 : 110;
23511 : 101;
23512 : 110;
23513 : 100;
23514 : 011;
23515 : 100;
23516 : 011;
23517 : 101;
23518 : 010;
23519 : 100;
23520 : 011;
23521 : 100;
23522 : 110;
23523 : 000;
23524 : 100;
23525 : 011;
23526 : 100;
23527 : 110;
23528 : 001;
23529 : 100;
23530 : 110;
23531 : 001;
23532 : 110;
23533 : 000;
23534 : 110;
23535 : 100;
23536 : 101;
23537 : 110;
23538 : 100;
23539 : 011;
23540 : 000;
23541 : 000;
23542 : 000;
23543 : 100;
23544 : 000;
23545 : 000;
23546 : 000;
23547 : 011;
23548 : 100;
23549 : 000;
23550 : 000;
23551 : 001;
23552 : 000;
23553 : 000;
23554 : 000;
23555 : 100;
23556 : 000;
23557 : 000;
23558 : 000;
23559 : 000;
23560 : 110;
23561 : 001;
23562 : 000;
23563 : 110;
23564 : 000;
23565 : 000;
23566 : 000;
23567 : 000;
23568 : 000;
23569 : 000;
23570 : 000;
23571 : 000;
23572 : 000;
23573 : 001;
23574 : 000;
23575 : 000;
23576 : 111;
23577 : 000;
23578 : 101;
23579 : 010;
23580 : 100;
23581 : 000;
23582 : 000;
23583 : 000;
23584 : 000;
23585 : 000;
23586 : 000;
23587 : 000;
23588 : 001;
23589 : 100;
23590 : 001;
23591 : 010;
23592 : 100;
23593 : 001;
23594 : 010;
23595 : 100;
23596 : 000;
23597 : 000;
23598 : 110;
23599 : 000;
23600 : 000;
23601 : 100;
23602 : 000;
23603 : 100;
23604 : 000;
23605 : 000;
23606 : 001;
23607 : 000;
23608 : 000;
23609 : 000;
23610 : 100;
23611 : 011;
23612 : 000;
23613 : 000;
23614 : 100;
23615 : 010;
23616 : 000;
23617 : 000;
23618 : 100;
23619 : 011;
23620 : 000;
23621 : 000;
23622 : 000;
23623 : 010;
23624 : 000;
23625 : 000;
23626 : 000;
23627 : 100;
23628 : 000;
23629 : 000;
23630 : 111;
23631 : 000;
23632 : 100;
23633 : 011;
23634 : 000;
23635 : 100;
23636 : 000;
23637 : 111;
23638 : 000;
23639 : 101;
23640 : 000;
23641 : 101;
23642 : 010;
23643 : 100;
23644 : 000;
23645 : 000;
23646 : 001;
23647 : 100;
23648 : 000;
23649 : 110;
23650 : 001;
23651 : 010;
23652 : 101;
23653 : 000;
23654 : 000;
23655 : 001;
23656 : 000;
23657 : 110;
23658 : 001;
23659 : 000;
23660 : 001;
23661 : 000;
23662 : 101;
23663 : 010;
23664 : 001;
23665 : 000;
23666 : 010;
23667 : 100;
23668 : 001;
23669 : 000;
23670 : 010;
23671 : 000;
23672 : 100;
23673 : 010;
23674 : 000;
23675 : 100;
23676 : 010;
23677 : 000;
23678 : 000;
23679 : 000;
23680 : 100;
23681 : 010;
23682 : 001;
23683 : 100;
23684 : 110;
23685 : 100;
23686 : 000;
23687 : 000;
23688 : 101;
23689 : 000;
23690 : 000;
23691 : 000;
23692 : 000;
23693 : 000;
23694 : 000;
23695 : 000;
23696 : 000;
23697 : 100;
23698 : 000;
23699 : 000;
23700 : 000;
23701 : 000;
23702 : 110;
23703 : 000;
23704 : 001;
23705 : 100;
23706 : 000;
23707 : 010;
23708 : 000;
23709 : 100;
23710 : 000;
23711 : 011;
23712 : 100;
23713 : 000;
23714 : 000;
23715 : 000;
23716 : 000;
23717 : 100;
23718 : 000;
23719 : 000;
23720 : 000;
23721 : 000;
23722 : 000;
23723 : 000;
23724 : 000;
23725 : 000;
23726 : 000;
23727 : 000;
23728 : 000;
23729 : 000;
23730 : 000;
23731 : 100;
23732 : 000;
23733 : 000;
23734 : 000;
23735 : 101;
23736 : 000;
23737 : 110;
23738 : 100;
23739 : 000;
23740 : 000;
23741 : 010;
23742 : 000;
23743 : 111;
23744 : 000;
23745 : 000;
23746 : 110;
23747 : 101;
23748 : 010;
23749 : 000;
23750 : 100;
23751 : 000;
23752 : 000;
23753 : 000;
23754 : 000;
23755 : 000;
23756 : 000;
23757 : 010;
23758 : 000;
23759 : 000;
23760 : 000;
23761 : 000;
23762 : 000;
23763 : 000;
23764 : 000;
23765 : 100;
23766 : 111;
23767 : 100;
23768 : 000;
23769 : 111;
23770 : 000;
23771 : 000;
23772 : 000;
23773 : 000;
23774 : 000;
23775 : 000;
23776 : 000;
23777 : 000;
23778 : 100;
23779 : 000;
23780 : 010;
23781 : 000;
23782 : 001;
23783 : 000;
23784 : 000;
23785 : 000;
23786 : 101;
23787 : 010;
23788 : 001;
23789 : 100;
23790 : 001;
23791 : 000;
23792 : 001;
23793 : 100;
23794 : 011;
23795 : 100;
23796 : 001;
23797 : 100;
23798 : 010;
23799 : 000;
23800 : 000;
23801 : 000;
23802 : 001;
23803 : 010;
23804 : 000;
23805 : 000;
23806 : 000;
23807 : 000;
23808 : 000;
23809 : 000;
23810 : 000;
23811 : 000;
23812 : 000;
23813 : 000;
23814 : 000;
23815 : 000;
23816 : 000;
23817 : 010;
23818 : 000;
23819 : 000;
23820 : 000;
23821 : 000;
23822 : 111;
23823 : 000;
23824 : 111;
23825 : 100;
23826 : 001;
23827 : 110;
23828 : 000;
23829 : 111;
23830 : 000;
23831 : 110;
23832 : 001;
23833 : 110;
23834 : 100;
23835 : 111;
23836 : 100;
23837 : 000;
23838 : 100;
23839 : 001;
23840 : 000;
23841 : 000;
23842 : 000;
23843 : 101;
23844 : 000;
23845 : 100;
23846 : 000;
23847 : 101;
23848 : 110;
23849 : 000;
23850 : 111;
23851 : 100;
23852 : 000;
23853 : 111;
23854 : 100;
23855 : 011;
23856 : 100;
23857 : 000;
23858 : 111;
23859 : 000;
23860 : 000;
23861 : 000;
23862 : 001;
23863 : 000;
23864 : 000;
23865 : 010;
23866 : 000;
23867 : 100;
23868 : 000;
23869 : 010;
23870 : 000;
23871 : 000;
23872 : 100;
23873 : 010;
23874 : 000;
23875 : 000;
23876 : 010;
23877 : 000;
23878 : 000;
23879 : 000;
23880 : 000;
23881 : 000;
23882 : 000;
23883 : 000;
23884 : 100;
23885 : 000;
23886 : 010;
23887 : 100;
23888 : 000;
23889 : 000;
23890 : 100;
23891 : 011;
23892 : 100;
23893 : 110;
23894 : 000;
23895 : 100;
23896 : 000;
23897 : 000;
23898 : 000;
23899 : 000;
23900 : 000;
23901 : 000;
23902 : 000;
23903 : 000;
23904 : 000;
23905 : 100;
23906 : 000;
23907 : 000;
23908 : 010;
23909 : 000;
23910 : 000;
23911 : 000;
23912 : 000;
23913 : 100;
23914 : 000;
23915 : 001;
23916 : 110;
23917 : 001;
23918 : 110;
23919 : 001;
23920 : 110;
23921 : 001;
23922 : 010;
23923 : 000;
23924 : 001;
23925 : 110;
23926 : 000;
23927 : 000;
23928 : 100;
23929 : 010;
23930 : 000;
23931 : 000;
23932 : 100;
23933 : 010;
23934 : 000;
23935 : 000;
23936 : 101;
23937 : 010;
23938 : 000;
23939 : 000;
23940 : 000;
23941 : 000;
23942 : 101;
23943 : 000;
23944 : 000;
23945 : 000;
23946 : 001;
23947 : 010;
23948 : 001;
23949 : 100;
23950 : 000;
23951 : 011;
23952 : 000;
23953 : 100;
23954 : 011;
23955 : 000;
23956 : 011;
23957 : 000;
23958 : 000;
23959 : 010;
23960 : 000;
23961 : 010;
23962 : 001;
23963 : 000;
23964 : 011;
23965 : 100;
23966 : 010;
23967 : 101;
23968 : 011;
23969 : 000;
23970 : 101;
23971 : 000;
23972 : 010;
23973 : 001;
23974 : 110;
23975 : 000;
23976 : 001;
23977 : 000;
23978 : 100;
23979 : 010;
23980 : 100;
23981 : 010;
23982 : 000;
23983 : 000;
23984 : 100;
23985 : 001;
23986 : 000;
23987 : 000;
23988 : 011;
23989 : 100;
23990 : 001;
23991 : 000;
23992 : 001;
23993 : 000;
23994 : 001;
23995 : 000;
23996 : 001;
23997 : 100;
23998 : 010;
23999 : 000;
24000 : 000;
24001 : 000;
24002 : 100;
24003 : 000;
24004 : 000;
24005 : 011;
24006 : 100;
24007 : 010;
24008 : 000;
24009 : 000;
24010 : 000;
24011 : 000;
24012 : 000;
24013 : 000;
24014 : 000;
24015 : 000;
24016 : 000;
24017 : 010;
24018 : 001;
24019 : 000;
24020 : 000;
24021 : 111;
24022 : 000;
24023 : 000;
24024 : 110;
24025 : 001;
24026 : 000;
24027 : 101;
24028 : 000;
24029 : 010;
24030 : 000;
24031 : 100;
24032 : 000;
24033 : 000;
24034 : 110;
24035 : 100;
24036 : 011;
24037 : 000;
24038 : 010;
24039 : 100;
24040 : 011;
24041 : 000;
24042 : 000;
24043 : 000;
24044 : 000;
24045 : 000;
24046 : 100;
24047 : 000;
24048 : 000;
24049 : 000;
24050 : 000;
24051 : 000;
24052 : 010;
24053 : 000;
24054 : 000;
24055 : 010;
24056 : 000;
24057 : 000;
24058 : 000;
24059 : 000;
24060 : 000;
24061 : 100;
24062 : 000;
24063 : 000;
24064 : 000;
24065 : 100;
24066 : 000;
24067 : 000;
24068 : 000;
24069 : 000;
24070 : 111;
24071 : 000;
24072 : 000;
24073 : 110;
24074 : 000;
24075 : 000;
24076 : 000;
24077 : 000;
24078 : 000;
24079 : 000;
24080 : 100;
24081 : 000;
24082 : 000;
24083 : 000;
24084 : 010;
24085 : 000;
24086 : 000;
24087 : 000;
24088 : 000;
24089 : 110;
24090 : 000;
24091 : 000;
24092 : 100;
24093 : 010;
24094 : 100;
24095 : 000;
24096 : 000;
24097 : 000;
24098 : 000;
24099 : 000;
24100 : 000;
24101 : 000;
24102 : 000;
24103 : 000;
24104 : 100;
24105 : 000;
24106 : 010;
24107 : 100;
24108 : 000;
24109 : 010;
24110 : 000;
24111 : 110;
24112 : 000;
24113 : 010;
24114 : 100;
24115 : 011;
24116 : 000;
24117 : 000;
24118 : 100;
24119 : 000;
24120 : 000;
24121 : 000;
24122 : 110;
24123 : 000;
24124 : 000;
24125 : 000;
24126 : 000;
24127 : 001;
24128 : 000;
24129 : 000;
24130 : 000;
24131 : 000;
24132 : 000;
24133 : 100;
24134 : 000;
24135 : 001;
24136 : 000;
24137 : 000;
24138 : 000;
24139 : 000;
24140 : 000;
24141 : 000;
24142 : 101;
24143 : 010;
24144 : 100;
24145 : 000;
24146 : 100;
24147 : 010;
24148 : 101;
24149 : 110;
24150 : 101;
24151 : 110;
24152 : 100;
24153 : 011;
24154 : 100;
24155 : 000;
24156 : 000;
24157 : 010;
24158 : 000;
24159 : 000;
24160 : 110;
24161 : 000;
24162 : 100;
24163 : 010;
24164 : 000;
24165 : 010;
24166 : 100;
24167 : 010;
24168 : 101;
24169 : 110;
24170 : 000;
24171 : 111;
24172 : 100;
24173 : 000;
24174 : 111;
24175 : 100;
24176 : 110;
24177 : 101;
24178 : 010;
24179 : 000;
24180 : 000;
24181 : 100;
24182 : 000;
24183 : 010;
24184 : 000;
24185 : 101;
24186 : 000;
24187 : 000;
24188 : 111;
24189 : 000;
24190 : 000;
24191 : 000;
24192 : 000;
24193 : 000;
24194 : 001;
24195 : 000;
24196 : 000;
24197 : 100;
24198 : 001;
24199 : 000;
24200 : 000;
24201 : 100;
24202 : 000;
24203 : 011;
24204 : 000;
24205 : 100;
24206 : 001;
24207 : 000;
24208 : 000;
24209 : 011;
24210 : 000;
24211 : 100;
24212 : 000;
24213 : 000;
24214 : 001;
24215 : 000;
24216 : 000;
24217 : 000;
24218 : 000;
24219 : 000;
24220 : 011;
24221 : 000;
24222 : 100;
24223 : 011;
24224 : 000;
24225 : 001;
24226 : 010;
24227 : 100;
24228 : 000;
24229 : 000;
24230 : 100;
24231 : 000;
24232 : 011;
24233 : 000;
24234 : 110;
24235 : 100;
24236 : 111;
24237 : 111;
24238 : 111;
24239 : 111;
24240 : 111;
24241 : 110;
24242 : 101;
24243 : 110;
24244 : 000;
24245 : 000;
24246 : 100;
24247 : 010;
24248 : 001;
24249 : 000;
24250 : 100;
24251 : 001;
24252 : 000;
24253 : 000;
24254 : 101;
24255 : 000;
24256 : 000;
24257 : 000;
24258 : 000;
24259 : 000;
24260 : 100;
24261 : 010;
24262 : 000;
24263 : 000;
24264 : 111;
24265 : 000;
24266 : 000;
24267 : 000;
24268 : 100;
24269 : 011;
24270 : 000;
24271 : 100;
24272 : 011;
24273 : 000;
24274 : 100;
24275 : 000;
24276 : 100;
24277 : 011;
24278 : 100;
24279 : 001;
24280 : 000;
24281 : 100;
24282 : 001;
24283 : 110;
24284 : 001;
24285 : 000;
24286 : 101;
24287 : 010;
24288 : 000;
24289 : 100;
24290 : 010;
24291 : 001;
24292 : 100;
24293 : 000;
24294 : 000;
24295 : 010;
24296 : 100;
24297 : 010;
24298 : 001;
24299 : 000;
24300 : 001;
24301 : 000;
24302 : 101;
24303 : 010;
24304 : 001;
24305 : 010;
24306 : 100;
24307 : 011;
24308 : 000;
24309 : 000;
24310 : 110;
24311 : 000;
24312 : 010;
24313 : 100;
24314 : 000;
24315 : 010;
24316 : 000;
24317 : 000;
24318 : 001;
24319 : 100;
24320 : 000;
24321 : 000;
24322 : 000;
24323 : 010;
24324 : 000;
24325 : 000;
24326 : 000;
24327 : 000;
24328 : 100;
24329 : 010;
24330 : 101;
24331 : 010;
24332 : 100;
24333 : 000;
24334 : 000;
24335 : 000;
24336 : 000;
24337 : 100;
24338 : 000;
24339 : 000;
24340 : 000;
24341 : 000;
24342 : 100;
24343 : 001;
24344 : 000;
24345 : 110;
24346 : 000;
24347 : 110;
24348 : 000;
24349 : 000;
24350 : 000;
24351 : 000;
24352 : 000;
24353 : 000;
24354 : 000;
24355 : 000;
24356 : 100;
24357 : 000;
24358 : 000;
24359 : 111;
24360 : 000;
24361 : 000;
24362 : 100;
24363 : 010;
24364 : 101;
24365 : 000;
24366 : 000;
24367 : 000;
24368 : 000;
24369 : 000;
24370 : 000;
24371 : 000;
24372 : 101;
24373 : 000;
24374 : 000;
24375 : 100;
24376 : 001;
24377 : 100;
24378 : 011;
24379 : 000;
24380 : 000;
24381 : 000;
24382 : 001;
24383 : 000;
24384 : 000;
24385 : 010;
24386 : 000;
24387 : 000;
24388 : 100;
24389 : 000;
24390 : 000;
24391 : 000;
24392 : 000;
24393 : 000;
24394 : 000;
24395 : 000;
24396 : 100;
24397 : 000;
24398 : 000;
24399 : 000;
24400 : 000;
24401 : 011;
24402 : 100;
24403 : 000;
24404 : 000;
24405 : 101;
24406 : 000;
24407 : 000;
24408 : 000;
24409 : 000;
24410 : 000;
24411 : 000;
24412 : 000;
24413 : 001;
24414 : 000;
24415 : 000;
24416 : 000;
24417 : 110;
24418 : 000;
24419 : 000;
24420 : 000;
24421 : 000;
24422 : 100;
24423 : 000;
24424 : 000;
24425 : 000;
24426 : 000;
24427 : 000;
24428 : 001;
24429 : 100;
24430 : 000;
24431 : 001;
24432 : 100;
24433 : 001;
24434 : 000;
24435 : 100;
24436 : 010;
24437 : 000;
24438 : 111;
24439 : 000;
24440 : 000;
24441 : 001;
24442 : 000;
24443 : 000;
24444 : 000;
24445 : 000;
24446 : 000;
24447 : 100;
24448 : 000;
24449 : 000;
24450 : 000;
24451 : 000;
24452 : 001;
24453 : 000;
24454 : 000;
24455 : 010;
24456 : 000;
24457 : 100;
24458 : 000;
24459 : 001;
24460 : 000;
24461 : 000;
24462 : 000;
24463 : 000;
24464 : 000;
24465 : 000;
24466 : 000;
24467 : 000;
24468 : 000;
24469 : 000;
24470 : 010;
24471 : 101;
24472 : 010;
24473 : 100;
24474 : 011;
24475 : 100;
24476 : 000;
24477 : 100;
24478 : 000;
24479 : 100;
24480 : 000;
24481 : 001;
24482 : 110;
24483 : 000;
24484 : 101;
24485 : 100;
24486 : 011;
24487 : 100;
24488 : 010;
24489 : 100;
24490 : 101;
24491 : 010;
24492 : 100;
24493 : 111;
24494 : 000;
24495 : 100;
24496 : 011;
24497 : 100;
24498 : 100;
24499 : 000;
24500 : 000;
24501 : 010;
24502 : 000;
24503 : 100;
24504 : 000;
24505 : 000;
24506 : 000;
24507 : 000;
24508 : 100;
24509 : 000;
24510 : 000;
24511 : 000;
24512 : 000;
24513 : 000;
24514 : 000;
24515 : 100;
24516 : 000;
24517 : 000;
24518 : 010;
24519 : 000;
24520 : 000;
24521 : 010;
24522 : 000;
24523 : 100;
24524 : 000;
24525 : 010;
24526 : 100;
24527 : 000;
24528 : 110;
24529 : 000;
24530 : 000;
24531 : 000;
24532 : 000;
24533 : 000;
24534 : 000;
24535 : 000;
24536 : 000;
24537 : 010;
24538 : 000;
24539 : 100;
24540 : 000;
24541 : 000;
24542 : 000;
24543 : 000;
24544 : 000;
24545 : 000;
24546 : 000;
24547 : 000;
24548 : 001;
24549 : 000;
24550 : 000;
24551 : 000;
24552 : 100;
24553 : 000;
24554 : 000;
24555 : 011;
24556 : 110;
24557 : 111;
24558 : 110;
24559 : 111;
24560 : 100;
24561 : 000;
24562 : 000;
24563 : 100;
24564 : 000;
24565 : 010;
24566 : 001;
24567 : 000;
24568 : 100;
24569 : 000;
24570 : 000;
24571 : 010;
24572 : 000;
24573 : 000;
24574 : 000;
24575 : 010;
24576 : 000;
24577 : 100;
24578 : 000;
24579 : 001;
24580 : 000;
24581 : 000;
24582 : 111;
24583 : 000;
24584 : 100;
24585 : 010;
24586 : 100;
24587 : 000;
24588 : 000;
24589 : 010;
24590 : 101;
24591 : 010;
24592 : 000;
24593 : 101;
24594 : 010;
24595 : 001;
24596 : 010;
24597 : 100;
24598 : 000;
24599 : 000;
24600 : 011;
24601 : 000;
24602 : 100;
24603 : 000;
24604 : 010;
24605 : 100;
24606 : 000;
24607 : 000;
24608 : 001;
24609 : 000;
24610 : 000;
24611 : 000;
24612 : 010;
24613 : 001;
24614 : 100;
24615 : 001;
24616 : 000;
24617 : 000;
24618 : 101;
24619 : 010;
24620 : 000;
24621 : 000;
24622 : 011;
24623 : 100;
24624 : 000;
24625 : 101;
24626 : 000;
24627 : 000;
24628 : 101;
24629 : 000;
24630 : 001;
24631 : 000;
24632 : 001;
24633 : 000;
24634 : 001;
24635 : 100;
24636 : 001;
24637 : 110;
24638 : 000;
24639 : 000;
24640 : 000;
24641 : 110;
24642 : 000;
24643 : 101;
24644 : 000;
24645 : 000;
24646 : 000;
24647 : 101;
24648 : 000;
24649 : 000;
24650 : 100;
24651 : 000;
24652 : 001;
24653 : 000;
24654 : 000;
24655 : 000;
24656 : 000;
24657 : 010;
24658 : 000;
24659 : 000;
24660 : 000;
24661 : 111;
24662 : 000;
24663 : 110;
24664 : 000;
24665 : 001;
24666 : 000;
24667 : 111;
24668 : 000;
24669 : 001;
24670 : 000;
24671 : 000;
24672 : 000;
24673 : 000;
24674 : 000;
24675 : 000;
24676 : 000;
24677 : 000;
24678 : 000;
24679 : 000;
24680 : 100;
24681 : 000;
24682 : 000;
24683 : 000;
24684 : 110;
24685 : 000;
24686 : 000;
24687 : 000;
24688 : 000;
24689 : 000;
24690 : 000;
24691 : 000;
24692 : 000;
24693 : 000;
24694 : 000;
24695 : 000;
24696 : 010;
24697 : 000;
24698 : 100;
24699 : 110;
24700 : 001;
24701 : 110;
24702 : 000;
24703 : 110;
24704 : 000;
24705 : 001;
24706 : 000;
24707 : 000;
24708 : 000;
24709 : 000;
24710 : 000;
24711 : 010;
24712 : 100;
24713 : 000;
24714 : 000;
24715 : 000;
24716 : 000;
24717 : 001;
24718 : 000;
24719 : 000;
24720 : 000;
24721 : 000;
24722 : 000;
24723 : 000;
24724 : 000;
24725 : 000;
24726 : 010;
24727 : 100;
24728 : 000;
24729 : 000;
24730 : 000;
24731 : 000;
24732 : 000;
24733 : 000;
24734 : 000;
24735 : 110;
24736 : 000;
24737 : 000;
24738 : 000;
24739 : 000;
24740 : 000;
24741 : 000;
24742 : 000;
24743 : 000;
24744 : 010;
24745 : 000;
24746 : 001;
24747 : 100;
24748 : 000;
24749 : 000;
24750 : 000;
24751 : 010;
24752 : 000;
24753 : 000;
24754 : 010;
24755 : 000;
24756 : 101;
24757 : 000;
24758 : 000;
24759 : 000;
24760 : 000;
24761 : 000;
24762 : 000;
24763 : 000;
24764 : 000;
24765 : 101;
24766 : 000;
24767 : 010;
24768 : 000;
24769 : 000;
24770 : 000;
24771 : 000;
24772 : 000;
24773 : 000;
24774 : 000;
24775 : 000;
24776 : 000;
24777 : 000;
24778 : 000;
24779 : 000;
24780 : 000;
24781 : 000;
24782 : 110;
24783 : 001;
24784 : 100;
24785 : 010;
24786 : 000;
24787 : 100;
24788 : 000;
24789 : 000;
24790 : 000;
24791 : 100;
24792 : 101;
24793 : 110;
24794 : 100;
24795 : 010;
24796 : 101;
24797 : 000;
24798 : 010;
24799 : 001;
24800 : 000;
24801 : 000;
24802 : 100;
24803 : 000;
24804 : 010;
24805 : 100;
24806 : 110;
24807 : 101;
24808 : 100;
24809 : 011;
24810 : 100;
24811 : 110;
24812 : 001;
24813 : 110;
24814 : 100;
24815 : 110;
24816 : 100;
24817 : 011;
24818 : 111;
24819 : 111;
24820 : 111;
24821 : 111;
24822 : 101;
24823 : 011;
24824 : 111;
24825 : 111;
24826 : 110;
24827 : 111;
24828 : 111;
24829 : 111;
24830 : 111;
24831 : 100;
24832 : 011;
24833 : 100;
24834 : 010;
24835 : 000;
24836 : 000;
24837 : 000;
24838 : 000;
24839 : 100;
24840 : 001;
24841 : 000;
24842 : 000;
24843 : 000;
24844 : 111;
24845 : 000;
24846 : 101;
24847 : 000;
24848 : 000;
24849 : 000;
24850 : 101;
24851 : 010;
24852 : 000;
24853 : 000;
24854 : 010;
24855 : 000;
24856 : 000;
24857 : 000;
24858 : 000;
24859 : 000;
24860 : 000;
24861 : 000;
24862 : 000;
24863 : 100;
24864 : 000;
24865 : 000;
24866 : 000;
24867 : 000;
24868 : 000;
24869 : 000;
24870 : 010;
24871 : 000;
24872 : 000;
24873 : 001;
24874 : 000;
24875 : 000;
24876 : 000;
24877 : 000;
24878 : 000;
24879 : 000;
24880 : 100;
24881 : 010;
24882 : 100;
24883 : 011;
24884 : 100;
24885 : 100;
24886 : 000;
24887 : 110;
24888 : 000;
24889 : 010;
24890 : 101;
24891 : 100;
24892 : 010;
24893 : 101;
24894 : 110;
24895 : 000;
24896 : 101;
24897 : 010;
24898 : 100;
24899 : 010;
24900 : 000;
24901 : 100;
24902 : 000;
24903 : 110;
24904 : 001;
24905 : 100;
24906 : 000;
24907 : 000;
24908 : 001;
24909 : 100;
24910 : 000;
24911 : 001;
24912 : 110;
24913 : 000;
24914 : 001;
24915 : 110;
24916 : 001;
24917 : 000;
24918 : 011;
24919 : 100;
24920 : 000;
24921 : 011;
24922 : 000;
24923 : 001;
24924 : 000;
24925 : 001;
24926 : 010;
24927 : 101;
24928 : 010;
24929 : 100;
24930 : 011;
24931 : 100;
24932 : 001;
24933 : 000;
24934 : 010;
24935 : 000;
24936 : 111;
24937 : 000;
24938 : 010;
24939 : 101;
24940 : 000;
24941 : 100;
24942 : 000;
24943 : 001;
24944 : 010;
24945 : 000;
24946 : 011;
24947 : 000;
24948 : 010;
24949 : 000;
24950 : 000;
24951 : 110;
24952 : 000;
24953 : 000;
24954 : 010;
24955 : 000;
24956 : 000;
24957 : 000;
24958 : 001;
24959 : 000;
24960 : 111;
24961 : 000;
24962 : 000;
24963 : 100;
24964 : 010;
24965 : 101;
24966 : 000;
24967 : 010;
24968 : 000;
24969 : 000;
24970 : 000;
24971 : 000;
24972 : 000;
24973 : 000;
24974 : 000;
24975 : 000;
24976 : 000;
24977 : 101;
24978 : 000;
24979 : 100;
24980 : 000;
24981 : 000;
24982 : 000;
24983 : 000;
24984 : 110;
24985 : 100;
24986 : 010;
24987 : 000;
24988 : 000;
24989 : 100;
24990 : 000;
24991 : 010;
24992 : 101;
24993 : 000;
24994 : 010;
24995 : 000;
24996 : 000;
24997 : 001;
24998 : 000;
24999 : 000;
25000 : 000;
25001 : 000;
25002 : 000;
25003 : 000;
25004 : 000;
25005 : 000;
25006 : 001;
25007 : 000;
25008 : 000;
25009 : 000;
25010 : 000;
25011 : 000;
25012 : 110;
25013 : 000;
25014 : 000;
25015 : 111;
25016 : 000;
25017 : 100;
25018 : 000;
25019 : 000;
25020 : 110;
25021 : 000;
25022 : 000;
25023 : 111;
25024 : 100;
25025 : 000;
25026 : 100;
25027 : 111;
25028 : 000;
25029 : 000;
25030 : 000;
25031 : 000;
25032 : 000;
25033 : 000;
25034 : 000;
25035 : 000;
25036 : 000;
25037 : 010;
25038 : 000;
25039 : 000;
25040 : 100;
25041 : 000;
25042 : 000;
25043 : 000;
25044 : 000;
25045 : 000;
25046 : 101;
25047 : 010;
25048 : 000;
25049 : 101;
25050 : 010;
25051 : 100;
25052 : 001;
25053 : 110;
25054 : 000;
25055 : 000;
25056 : 000;
25057 : 000;
25058 : 000;
25059 : 000;
25060 : 100;
25061 : 000;
25062 : 001;
25063 : 000;
25064 : 000;
25065 : 100;
25066 : 010;
25067 : 110;
25068 : 000;
25069 : 110;
25070 : 000;
25071 : 000;
25072 : 100;
25073 : 000;
25074 : 000;
25075 : 000;
25076 : 000;
25077 : 000;
25078 : 110;
25079 : 001;
25080 : 000;
25081 : 110;
25082 : 000;
25083 : 100;
25084 : 000;
25085 : 010;
25086 : 000;
25087 : 000;
25088 : 000;
25089 : 000;
25090 : 000;
25091 : 100;
25092 : 010;
25093 : 000;
25094 : 000;
25095 : 100;
25096 : 000;
25097 : 000;
25098 : 000;
25099 : 000;
25100 : 000;
25101 : 000;
25102 : 000;
25103 : 110;
25104 : 000;
25105 : 001;
25106 : 000;
25107 : 000;
25108 : 001;
25109 : 110;
25110 : 000;
25111 : 000;
25112 : 010;
25113 : 101;
25114 : 100;
25115 : 000;
25116 : 110;
25117 : 100;
25118 : 000;
25119 : 100;
25120 : 010;
25121 : 100;
25122 : 011;
25123 : 100;
25124 : 111;
25125 : 100;
25126 : 001;
25127 : 110;
25128 : 100;
25129 : 110;
25130 : 000;
25131 : 111;
25132 : 100;
25133 : 000;
25134 : 111;
25135 : 000;
25136 : 111;
25137 : 100;
25138 : 010;
25139 : 101;
25140 : 110;
25141 : 001;
25142 : 110;
25143 : 101;
25144 : 010;
25145 : 101;
25146 : 111;
25147 : 000;
25148 : 111;
25149 : 000;
25150 : 111;
25151 : 111;
25152 : 111;
25153 : 111;
25154 : 111;
25155 : 111;
25156 : 111;
25157 : 000;
25158 : 111;
25159 : 000;
25160 : 000;
25161 : 000;
25162 : 000;
25163 : 110;
25164 : 000;
25165 : 000;
25166 : 010;
25167 : 000;
25168 : 000;
25169 : 000;
25170 : 000;
25171 : 000;
25172 : 000;
25173 : 101;
25174 : 000;
25175 : 000;
25176 : 101;
25177 : 000;
25178 : 000;
25179 : 000;
25180 : 000;
25181 : 000;
25182 : 001;
25183 : 000;
25184 : 000;
25185 : 000;
25186 : 100;
25187 : 000;
25188 : 010;
25189 : 100;
25190 : 001;
25191 : 000;
25192 : 100;
25193 : 010;
25194 : 000;
25195 : 100;
25196 : 000;
25197 : 110;
25198 : 111;
25199 : 111;
25200 : 111;
25201 : 111;
25202 : 110;
25203 : 111;
25204 : 110;
25205 : 111;
25206 : 110;
25207 : 001;
25208 : 110;
25209 : 101;
25210 : 010;
25211 : 100;
25212 : 101;
25213 : 010;
25214 : 100;
25215 : 111;
25216 : 000;
25217 : 111;
25218 : 000;
25219 : 101;
25220 : 000;
25221 : 010;
25222 : 001;
25223 : 100;
25224 : 010;
25225 : 000;
25226 : 001;
25227 : 010;
25228 : 000;
25229 : 011;
25230 : 100;
25231 : 010;
25232 : 001;
25233 : 100;
25234 : 010;
25235 : 000;
25236 : 100;
25237 : 001;
25238 : 100;
25239 : 000;
25240 : 000;
25241 : 100;
25242 : 000;
25243 : 110;
25244 : 000;
25245 : 100;
25246 : 001;
25247 : 000;
25248 : 000;
25249 : 001;
25250 : 000;
25251 : 000;
25252 : 110;
25253 : 001;
25254 : 100;
25255 : 001;
25256 : 000;
25257 : 101;
25258 : 000;
25259 : 000;
25260 : 011;
25261 : 000;
25262 : 010;
25263 : 100;
25264 : 001;
25265 : 000;
25266 : 100;
25267 : 000;
25268 : 001;
25269 : 100;
25270 : 001;
25271 : 000;
25272 : 001;
25273 : 100;
25274 : 000;
25275 : 001;
25276 : 110;
25277 : 000;
25278 : 000;
25279 : 000;
25280 : 111;
25281 : 100;
25282 : 000;
25283 : 111;
25284 : 111;
25285 : 110;
25286 : 000;
25287 : 100;
25288 : 000;
25289 : 000;
25290 : 000;
25291 : 000;
25292 : 010;
25293 : 000;
25294 : 000;
25295 : 000;
25296 : 000;
25297 : 000;
25298 : 010;
25299 : 000;
25300 : 000;
25301 : 110;
25302 : 000;
25303 : 111;
25304 : 000;
25305 : 001;
25306 : 100;
25307 : 111;
25308 : 000;
25309 : 000;
25310 : 000;
25311 : 000;
25312 : 000;
25313 : 000;
25314 : 101;
25315 : 000;
25316 : 100;
25317 : 010;
25318 : 000;
25319 : 000;
25320 : 000;
25321 : 110;
25322 : 001;
25323 : 000;
25324 : 000;
25325 : 000;
25326 : 010;
25327 : 000;
25328 : 000;
25329 : 000;
25330 : 000;
25331 : 000;
25332 : 001;
25333 : 000;
25334 : 000;
25335 : 000;
25336 : 100;
25337 : 011;
25338 : 000;
25339 : 000;
25340 : 000;
25341 : 101;
25342 : 000;
25343 : 000;
25344 : 000;
25345 : 000;
25346 : 010;
25347 : 000;
25348 : 000;
25349 : 000;
25350 : 111;
25351 : 000;
25352 : 000;
25353 : 000;
25354 : 000;
25355 : 000;
25356 : 000;
25357 : 000;
25358 : 100;
25359 : 000;
25360 : 000;
25361 : 010;
25362 : 101;
25363 : 000;
25364 : 000;
25365 : 010;
25366 : 000;
25367 : 000;
25368 : 100;
25369 : 000;
25370 : 000;
25371 : 000;
25372 : 000;
25373 : 000;
25374 : 000;
25375 : 000;
25376 : 000;
25377 : 000;
25378 : 000;
25379 : 001;
25380 : 000;
25381 : 000;
25382 : 010;
25383 : 000;
25384 : 000;
25385 : 000;
25386 : 001;
25387 : 000;
25388 : 000;
25389 : 111;
25390 : 000;
25391 : 000;
25392 : 000;
25393 : 000;
25394 : 000;
25395 : 000;
25396 : 000;
25397 : 000;
25398 : 000;
25399 : 100;
25400 : 000;
25401 : 000;
25402 : 000;
25403 : 001;
25404 : 000;
25405 : 000;
25406 : 000;
25407 : 000;
25408 : 000;
25409 : 000;
25410 : 000;
25411 : 000;
25412 : 000;
25413 : 000;
25414 : 000;
25415 : 000;
25416 : 000;
25417 : 001;
25418 : 000;
25419 : 000;
25420 : 010;
25421 : 000;
25422 : 000;
25423 : 101;
25424 : 010;
25425 : 100;
25426 : 000;
25427 : 110;
25428 : 000;
25429 : 100;
25430 : 001;
25431 : 100;
25432 : 000;
25433 : 110;
25434 : 111;
25435 : 100;
25436 : 001;
25437 : 110;
25438 : 101;
25439 : 110;
25440 : 101;
25441 : 100;
25442 : 110;
25443 : 100;
25444 : 001;
25445 : 110;
25446 : 100;
25447 : 010;
25448 : 101;
25449 : 010;
25450 : 101;
25451 : 000;
25452 : 110;
25453 : 001;
25454 : 100;
25455 : 110;
25456 : 001;
25457 : 110;
25458 : 101;
25459 : 010;
25460 : 101;
25461 : 110;
25462 : 011;
25463 : 100;
25464 : 111;
25465 : 110;
25466 : 001;
25467 : 110;
25468 : 111;
25469 : 100;
25470 : 011;
25471 : 100;
25472 : 000;
25473 : 111;
25474 : 100;
25475 : 011;
25476 : 100;
25477 : 111;
25478 : 111;
25479 : 100;
25480 : 011;
25481 : 100;
25482 : 000;
25483 : 101;
25484 : 000;
25485 : 000;
25486 : 100;
25487 : 000;
25488 : 001;
25489 : 000;
25490 : 000;
25491 : 000;
25492 : 000;
25493 : 000;
25494 : 000;
25495 : 000;
25496 : 000;
25497 : 000;
25498 : 000;
25499 : 000;
25500 : 001;
25501 : 110;
25502 : 000;
25503 : 000;
25504 : 010;
25505 : 000;
25506 : 001;
25507 : 000;
25508 : 000;
25509 : 000;
25510 : 000;
25511 : 000;
25512 : 000;
25513 : 000;
25514 : 000;
25515 : 000;
25516 : 001;
25517 : 000;
25518 : 110;
25519 : 111;
25520 : 110;
25521 : 111;
25522 : 111;
25523 : 100;
25524 : 111;
25525 : 100;
25526 : 111;
25527 : 110;
25528 : 101;
25529 : 110;
25530 : 101;
25531 : 010;
25532 : 100;
25533 : 111;
25534 : 000;
25535 : 110;
25536 : 100;
25537 : 010;
25538 : 101;
25539 : 010;
25540 : 000;
25541 : 100;
25542 : 010;
25543 : 101;
25544 : 000;
25545 : 100;
25546 : 000;
25547 : 000;
25548 : 100;
25549 : 000;
25550 : 011;
25551 : 100;
25552 : 000;
25553 : 011;
25554 : 100;
25555 : 001;
25556 : 010;
25557 : 100;
25558 : 010;
25559 : 001;
25560 : 010;
25561 : 001;
25562 : 000;
25563 : 001;
25564 : 011;
25565 : 000;
25566 : 110;
25567 : 001;
25568 : 110;
25569 : 000;
25570 : 111;
25571 : 000;
25572 : 001;
25573 : 010;
25574 : 100;
25575 : 010;
25576 : 000;
25577 : 010;
25578 : 001;
25579 : 000;
25580 : 100;
25581 : 001;
25582 : 000;
25583 : 000;
25584 : 010;
25585 : 000;
25586 : 001;
25587 : 010;
25588 : 000;
25589 : 000;
25590 : 010;
25591 : 000;
25592 : 110;
25593 : 001;
25594 : 010;
25595 : 000;
25596 : 000;
25597 : 001;
25598 : 110;
25599 : 000;
25600 : 110;
25601 : 000;
25602 : 000;
25603 : 110;
25604 : 111;
25605 : 111;
25606 : 000;
25607 : 000;
25608 : 111;
25609 : 000;
25610 : 000;
25611 : 100;
25612 : 000;
25613 : 000;
25614 : 000;
25615 : 100;
25616 : 000;
25617 : 000;
25618 : 100;
25619 : 000;
25620 : 000;
25621 : 001;
25622 : 000;
25623 : 100;
25624 : 000;
25625 : 110;
25626 : 000;
25627 : 000;
25628 : 000;
25629 : 000;
25630 : 000;
25631 : 100;
25632 : 010;
25633 : 000;
25634 : 000;
25635 : 000;
25636 : 110;
25637 : 000;
25638 : 000;
25639 : 000;
25640 : 111;
25641 : 000;
25642 : 000;
25643 : 000;
25644 : 000;
25645 : 100;
25646 : 000;
25647 : 000;
25648 : 000;
25649 : 000;
25650 : 000;
25651 : 000;
25652 : 000;
25653 : 000;
25654 : 100;
25655 : 010;
25656 : 000;
25657 : 000;
25658 : 000;
25659 : 000;
25660 : 000;
25661 : 010;
25662 : 100;
25663 : 000;
25664 : 010;
25665 : 101;
25666 : 000;
25667 : 000;
25668 : 110;
25669 : 000;
25670 : 100;
25671 : 000;
25672 : 000;
25673 : 000;
25674 : 000;
25675 : 000;
25676 : 000;
25677 : 000;
25678 : 000;
25679 : 000;
25680 : 001;
25681 : 000;
25682 : 000;
25683 : 000;
25684 : 000;
25685 : 100;
25686 : 000;
25687 : 000;
25688 : 001;
25689 : 000;
25690 : 000;
25691 : 000;
25692 : 110;
25693 : 000;
25694 : 000;
25695 : 001;
25696 : 000;
25697 : 100;
25698 : 000;
25699 : 000;
25700 : 010;
25701 : 000;
25702 : 100;
25703 : 000;
25704 : 000;
25705 : 000;
25706 : 100;
25707 : 000;
25708 : 000;
25709 : 000;
25710 : 000;
25711 : 000;
25712 : 100;
25713 : 000;
25714 : 000;
25715 : 000;
25716 : 000;
25717 : 101;
25718 : 010;
25719 : 000;
25720 : 000;
25721 : 000;
25722 : 000;
25723 : 000;
25724 : 000;
25725 : 000;
25726 : 100;
25727 : 001;
25728 : 000;
25729 : 000;
25730 : 000;
25731 : 000;
25732 : 000;
25733 : 000;
25734 : 000;
25735 : 001;
25736 : 010;
25737 : 000;
25738 : 000;
25739 : 100;
25740 : 000;
25741 : 000;
25742 : 000;
25743 : 100;
25744 : 100;
25745 : 011;
25746 : 100;
25747 : 000;
25748 : 101;
25749 : 010;
25750 : 100;
25751 : 010;
25752 : 101;
25753 : 110;
25754 : 000;
25755 : 111;
25756 : 100;
25757 : 010;
25758 : 100;
25759 : 011;
25760 : 100;
25761 : 010;
25762 : 101;
25763 : 010;
25764 : 110;
25765 : 101;
25766 : 110;
25767 : 101;
25768 : 110;
25769 : 100;
25770 : 110;
25771 : 101;
25772 : 110;
25773 : 010;
25774 : 000;
25775 : 000;
25776 : 111;
25777 : 111;
25778 : 100;
25779 : 111;
25780 : 011;
25781 : 100;
25782 : 111;
25783 : 000;
25784 : 111;
25785 : 101;
25786 : 110;
25787 : 101;
25788 : 011;
25789 : 100;
25790 : 111;
25791 : 011;
25792 : 110;
25793 : 101;
25794 : 010;
25795 : 101;
25796 : 111;
25797 : 000;
25798 : 111;
25799 : 011;
25800 : 110;
25801 : 001;
25802 : 000;
25803 : 010;
25804 : 000;
25805 : 000;
25806 : 001;
25807 : 000;
25808 : 000;
25809 : 000;
25810 : 000;
25811 : 000;
25812 : 000;
25813 : 000;
25814 : 000;
25815 : 000;
25816 : 010;
25817 : 000;
25818 : 100;
25819 : 000;
25820 : 000;
25821 : 000;
25822 : 000;
25823 : 000;
25824 : 100;
25825 : 000;
25826 : 000;
25827 : 000;
25828 : 000;
25829 : 000;
25830 : 100;
25831 : 000;
25832 : 000;
25833 : 101;
25834 : 000;
25835 : 000;
25836 : 100;
25837 : 000;
25838 : 101;
25839 : 110;
25840 : 111;
25841 : 100;
25842 : 111;
25843 : 111;
25844 : 110;
25845 : 111;
25846 : 100;
25847 : 111;
25848 : 000;
25849 : 110;
25850 : 000;
25851 : 111;
25852 : 000;
25853 : 110;
25854 : 001;
25855 : 100;
25856 : 011;
25857 : 100;
25858 : 000;
25859 : 100;
25860 : 000;
25861 : 001;
25862 : 100;
25863 : 010;
25864 : 001;
25865 : 010;
25866 : 000;
25867 : 000;
25868 : 011;
25869 : 100;
25870 : 000;
25871 : 011;
25872 : 100;
25873 : 000;
25874 : 001;
25875 : 110;
25876 : 001;
25877 : 000;
25878 : 001;
25879 : 100;
25880 : 000;
25881 : 000;
25882 : 111;
25883 : 000;
25884 : 100;
25885 : 011;
25886 : 000;
25887 : 000;
25888 : 011;
25889 : 000;
25890 : 101;
25891 : 010;
25892 : 100;
25893 : 000;
25894 : 001;
25895 : 000;
25896 : 101;
25897 : 000;
25898 : 100;
25899 : 010;
25900 : 000;
25901 : 000;
25902 : 111;
25903 : 000;
25904 : 101;
25905 : 000;
25906 : 110;
25907 : 000;
25908 : 101;
25909 : 010;
25910 : 101;
25911 : 000;
25912 : 000;
25913 : 000;
25914 : 000;
25915 : 101;
25916 : 000;
25917 : 000;
25918 : 000;
25919 : 000;
25920 : 000;
25921 : 111;
25922 : 000;
25923 : 000;
25924 : 100;
25925 : 000;
25926 : 100;
25927 : 000;
25928 : 000;
25929 : 000;
25930 : 000;
25931 : 000;
25932 : 000;
25933 : 000;
25934 : 000;
25935 : 000;
25936 : 000;
25937 : 010;
25938 : 000;
25939 : 000;
25940 : 000;
25941 : 110;
25942 : 000;
25943 : 111;
25944 : 000;
25945 : 001;
25946 : 110;
25947 : 001;
25948 : 000;
25949 : 100;
25950 : 000;
25951 : 000;
25952 : 000;
25953 : 000;
25954 : 000;
25955 : 000;
25956 : 000;
25957 : 000;
25958 : 000;
25959 : 000;
25960 : 100;
25961 : 000;
25962 : 000;
25963 : 000;
25964 : 000;
25965 : 000;
25966 : 000;
25967 : 000;
25968 : 000;
25969 : 000;
25970 : 000;
25971 : 100;
25972 : 010;
25973 : 000;
25974 : 000;
25975 : 101;
25976 : 000;
25977 : 100;
25978 : 000;
25979 : 111;
25980 : 000;
25981 : 000;
25982 : 000;
25983 : 000;
25984 : 000;
25985 : 000;
25986 : 000;
25987 : 000;
25988 : 101;
25989 : 000;
25990 : 000;
25991 : 000;
25992 : 111;
25993 : 000;
25994 : 000;
25995 : 000;
25996 : 000;
25997 : 101;
25998 : 000;
25999 : 000;
26000 : 000;
26001 : 100;
26002 : 010;
26003 : 000;
26004 : 000;
26005 : 000;
26006 : 001;
26007 : 110;
26008 : 000;
26009 : 000;
26010 : 010;
26011 : 000;
26012 : 000;
26013 : 001;
26014 : 100;
26015 : 000;
26016 : 000;
26017 : 000;
26018 : 000;
26019 : 000;
26020 : 000;
26021 : 000;
26022 : 000;
26023 : 001;
26024 : 100;
26025 : 010;
26026 : 000;
26027 : 110;
26028 : 000;
26029 : 000;
26030 : 100;
26031 : 000;
26032 : 000;
26033 : 000;
26034 : 000;
26035 : 000;
26036 : 000;
26037 : 000;
26038 : 100;
26039 : 001;
26040 : 010;
26041 : 000;
26042 : 000;
26043 : 000;
26044 : 010;
26045 : 000;
26046 : 000;
26047 : 010;
26048 : 000;
26049 : 000;
26050 : 000;
26051 : 000;
26052 : 001;
26053 : 000;
26054 : 000;
26055 : 100;
26056 : 000;
26057 : 000;
26058 : 000;
26059 : 000;
26060 : 000;
26061 : 000;
26062 : 000;
26063 : 000;
26064 : 111;
26065 : 000;
26066 : 110;
26067 : 100;
26068 : 010;
26069 : 100;
26070 : 001;
26071 : 110;
26072 : 000;
26073 : 101;
26074 : 110;
26075 : 100;
26076 : 011;
26077 : 100;
26078 : 111;
26079 : 100;
26080 : 111;
26081 : 100;
26082 : 111;
26083 : 100;
26084 : 111;
26085 : 000;
26086 : 110;
26087 : 000;
26088 : 111;
26089 : 000;
26090 : 111;
26091 : 000;
26092 : 101;
26093 : 100;
26094 : 011;
26095 : 100;
26096 : 000;
26097 : 111;
26098 : 011;
26099 : 100;
26100 : 111;
26101 : 100;
26102 : 011;
26103 : 110;
26104 : 101;
26105 : 010;
26106 : 111;
26107 : 110;
26108 : 001;
26109 : 110;
26110 : 101;
26111 : 110;
26112 : 001;
26113 : 111;
26114 : 110;
26115 : 101;
26116 : 010;
26117 : 111;
26118 : 100;
26119 : 111;
26120 : 000;
26121 : 100;
26122 : 000;
26123 : 100;
26124 : 000;
26125 : 000;
26126 : 000;
26127 : 000;
26128 : 010;
26129 : 100;
26130 : 000;
26131 : 000;
26132 : 010;
26133 : 100;
26134 : 000;
26135 : 000;
26136 : 100;
26137 : 000;
26138 : 001;
26139 : 010;
26140 : 100;
26141 : 000;
26142 : 110;
26143 : 000;
26144 : 001;
26145 : 000;
26146 : 000;
26147 : 110;
26148 : 000;
26149 : 001;
26150 : 000;
26151 : 010;
26152 : 000;
26153 : 000;
26154 : 010;
26155 : 000;
26156 : 000;
26157 : 010;
26158 : 000;
26159 : 101;
26160 : 110;
26161 : 111;
26162 : 100;
26163 : 110;
26164 : 111;
26165 : 100;
26166 : 011;
26167 : 110;
26168 : 111;
26169 : 100;
26170 : 111;
26171 : 100;
26172 : 111;
26173 : 100;
26174 : 010;
26175 : 101;
26176 : 000;
26177 : 110;
26178 : 001;
26179 : 010;
26180 : 100;
26181 : 010;
26182 : 001;
26183 : 100;
26184 : 110;
26185 : 000;
26186 : 100;
26187 : 000;
26188 : 000;
26189 : 001;
26190 : 110;
26191 : 000;
26192 : 001;
26193 : 110;
26194 : 000;
26195 : 000;
26196 : 110;
26197 : 001;
26198 : 110;
26199 : 000;
26200 : 011;
26201 : 000;
26202 : 100;
26203 : 011;
26204 : 000;
26205 : 100;
26206 : 011;
26207 : 100;
26208 : 000;
26209 : 000;
26210 : 010;
26211 : 000;
26212 : 001;
26213 : 000;
26214 : 010;
26215 : 000;
26216 : 010;
26217 : 001;
26218 : 000;
26219 : 001;
26220 : 000;
26221 : 010;
26222 : 000;
26223 : 001;
26224 : 000;
26225 : 010;
26226 : 001;
26227 : 000;
26228 : 111;
26229 : 000;
26230 : 000;
26231 : 111;
26232 : 000;
26233 : 001;
26234 : 000;
26235 : 010;
26236 : 000;
26237 : 001;
26238 : 110;
26239 : 000;
26240 : 000;
26241 : 100;
26242 : 000;
26243 : 000;
26244 : 000;
26245 : 000;
26246 : 011;
26247 : 100;
26248 : 010;
26249 : 100;
26250 : 000;
26251 : 011;
26252 : 000;
26253 : 000;
26254 : 000;
26255 : 000;
26256 : 000;
26257 : 101;
26258 : 000;
26259 : 000;
26260 : 000;
26261 : 101;
26262 : 000;
26263 : 010;
26264 : 000;
26265 : 100;
26266 : 000;
26267 : 010;
26268 : 100;
26269 : 010;
26270 : 001;
26271 : 110;
26272 : 001;
26273 : 100;
26274 : 000;
26275 : 110;
26276 : 001;
26277 : 000;
26278 : 100;
26279 : 000;
26280 : 000;
26281 : 000;
26282 : 000;
26283 : 100;
26284 : 010;
26285 : 101;
26286 : 000;
26287 : 000;
26288 : 000;
26289 : 000;
26290 : 000;
26291 : 000;
26292 : 001;
26293 : 000;
26294 : 000;
26295 : 010;
26296 : 000;
26297 : 011;
26298 : 000;
26299 : 000;
26300 : 110;
26301 : 101;
26302 : 000;
26303 : 111;
26304 : 100;
26305 : 000;
26306 : 110;
26307 : 000;
26308 : 000;
26309 : 000;
26310 : 000;
26311 : 000;
26312 : 000;
26313 : 000;
26314 : 000;
26315 : 000;
26316 : 000;
26317 : 000;
26318 : 000;
26319 : 010;
26320 : 000;
26321 : 000;
26322 : 000;
26323 : 100;
26324 : 001;
26325 : 000;
26326 : 110;
26327 : 000;
26328 : 000;
26329 : 100;
26330 : 100;
26331 : 001;
26332 : 100;
26333 : 000;
26334 : 010;
26335 : 000;
26336 : 000;
26337 : 000;
26338 : 000;
26339 : 000;
26340 : 100;
26341 : 000;
26342 : 000;
26343 : 010;
26344 : 000;
26345 : 000;
26346 : 001;
26347 : 000;
26348 : 100;
26349 : 111;
26350 : 000;
26351 : 000;
26352 : 011;
26353 : 000;
26354 : 000;
26355 : 000;
26356 : 000;
26357 : 010;
26358 : 000;
26359 : 100;
26360 : 000;
26361 : 000;
26362 : 000;
26363 : 000;
26364 : 001;
26365 : 000;
26366 : 100;
26367 : 000;
26368 : 000;
26369 : 000;
26370 : 000;
26371 : 100;
26372 : 000;
26373 : 000;
26374 : 010;
26375 : 000;
26376 : 000;
26377 : 000;
26378 : 000;
26379 : 000;
26380 : 000;
26381 : 000;
26382 : 111;
26383 : 000;
26384 : 110;
26385 : 101;
26386 : 000;
26387 : 111;
26388 : 100;
26389 : 111;
26390 : 100;
26391 : 000;
26392 : 110;
26393 : 101;
26394 : 010;
26395 : 101;
26396 : 110;
26397 : 100;
26398 : 000;
26399 : 110;
26400 : 000;
26401 : 110;
26402 : 001;
26403 : 110;
26404 : 100;
26405 : 111;
26406 : 100;
26407 : 111;
26408 : 000;
26409 : 100;
26410 : 010;
26411 : 100;
26412 : 010;
26413 : 100;
26414 : 000;
26415 : 100;
26416 : 000;
26417 : 110;
26418 : 101;
26419 : 010;
26420 : 101;
26421 : 110;
26422 : 101;
26423 : 111;
26424 : 110;
26425 : 101;
26426 : 010;
26427 : 101;
26428 : 110;
26429 : 011;
26430 : 100;
26431 : 011;
26432 : 100;
26433 : 111;
26434 : 000;
26435 : 111;
26436 : 101;
26437 : 010;
26438 : 101;
26439 : 110;
26440 : 001;
26441 : 010;
26442 : 100;
26443 : 001;
26444 : 000;
26445 : 000;
26446 : 010;
26447 : 100;
26448 : 000;
26449 : 000;
26450 : 000;
26451 : 000;
26452 : 000;
26453 : 001;
26454 : 000;
26455 : 000;
26456 : 011;
26457 : 100;
26458 : 010;
26459 : 100;
26460 : 011;
26461 : 100;
26462 : 001;
26463 : 100;
26464 : 010;
26465 : 000;
26466 : 000;
26467 : 000;
26468 : 000;
26469 : 000;
26470 : 000;
26471 : 000;
26472 : 000;
26473 : 000;
26474 : 100;
26475 : 000;
26476 : 000;
26477 : 001;
26478 : 000;
26479 : 010;
26480 : 100;
26481 : 000;
26482 : 011;
26483 : 100;
26484 : 111;
26485 : 111;
26486 : 110;
26487 : 111;
26488 : 100;
26489 : 111;
26490 : 110;
26491 : 111;
26492 : 110;
26493 : 111;
26494 : 000;
26495 : 110;
26496 : 001;
26497 : 110;
26498 : 000;
26499 : 101;
26500 : 000;
26501 : 000;
26502 : 110;
26503 : 001;
26504 : 100;
26505 : 001;
26506 : 000;
26507 : 000;
26508 : 110;
26509 : 000;
26510 : 001;
26511 : 110;
26512 : 000;
26513 : 001;
26514 : 110;
26515 : 001;
26516 : 000;
26517 : 110;
26518 : 001;
26519 : 000;
26520 : 100;
26521 : 000;
26522 : 011;
26523 : 000;
26524 : 000;
26525 : 000;
26526 : 000;
26527 : 000;
26528 : 001;
26529 : 100;
26530 : 001;
26531 : 000;
26532 : 110;
26533 : 001;
26534 : 100;
26535 : 001;
26536 : 100;
26537 : 000;
26538 : 010;
26539 : 100;
26540 : 001;
26541 : 100;
26542 : 001;
26543 : 110;
26544 : 000;
26545 : 101;
26546 : 000;
26547 : 000;
26548 : 000;
26549 : 101;
26550 : 010;
26551 : 000;
26552 : 000;
26553 : 110;
26554 : 000;
26555 : 001;
26556 : 100;
26557 : 000;
26558 : 000;
26559 : 000;
26560 : 100;
26561 : 011;
26562 : 000;
26563 : 111;
26564 : 000;
26565 : 100;
26566 : 000;
26567 : 000;
26568 : 101;
26569 : 010;
26570 : 100;
26571 : 100;
26572 : 000;
26573 : 100;
26574 : 000;
26575 : 000;
26576 : 000;
26577 : 000;
26578 : 010;
26579 : 000;
26580 : 000;
26581 : 110;
26582 : 000;
26583 : 100;
26584 : 000;
26585 : 011;
26586 : 100;
26587 : 001;
26588 : 000;
26589 : 000;
26590 : 110;
26591 : 111;
26592 : 000;
26593 : 000;
26594 : 110;
26595 : 111;
26596 : 110;
26597 : 000;
26598 : 000;
26599 : 111;
26600 : 110;
26601 : 000;
26602 : 000;
26603 : 001;
26604 : 000;
26605 : 000;
26606 : 000;
26607 : 000;
26608 : 000;
26609 : 000;
26610 : 000;
26611 : 000;
26612 : 000;
26613 : 000;
26614 : 100;
26615 : 001;
26616 : 100;
26617 : 000;
26618 : 000;
26619 : 100;
26620 : 000;
26621 : 000;
26622 : 000;
26623 : 111;
26624 : 000;
26625 : 000;
26626 : 111;
26627 : 111;
26628 : 000;
26629 : 000;
26630 : 111;
26631 : 000;
26632 : 000;
26633 : 000;
26634 : 000;
26635 : 000;
26636 : 000;
26637 : 010;
26638 : 000;
26639 : 000;
26640 : 100;
26641 : 000;
26642 : 000;
26643 : 000;
26644 : 010;
26645 : 000;
26646 : 000;
26647 : 000;
26648 : 000;
26649 : 011;
26650 : 000;
26651 : 000;
26652 : 010;
26653 : 000;
26654 : 100;
26655 : 000;
26656 : 000;
26657 : 000;
26658 : 010;
26659 : 000;
26660 : 000;
26661 : 000;
26662 : 000;
26663 : 000;
26664 : 000;
26665 : 000;
26666 : 100;
26667 : 000;
26668 : 000;
26669 : 000;
26670 : 000;
26671 : 000;
26672 : 100;
26673 : 000;
26674 : 000;
26675 : 000;
26676 : 000;
26677 : 101;
26678 : 010;
26679 : 000;
26680 : 000;
26681 : 001;
26682 : 100;
26683 : 000;
26684 : 000;
26685 : 000;
26686 : 000;
26687 : 000;
26688 : 000;
26689 : 100;
26690 : 000;
26691 : 010;
26692 : 000;
26693 : 000;
26694 : 100;
26695 : 000;
26696 : 000;
26697 : 111;
26698 : 100;
26699 : 111;
26700 : 111;
26701 : 111;
26702 : 110;
26703 : 111;
26704 : 101;
26705 : 110;
26706 : 100;
26707 : 010;
26708 : 101;
26709 : 000;
26710 : 110;
26711 : 001;
26712 : 110;
26713 : 100;
26714 : 111;
26715 : 100;
26716 : 000;
26717 : 111;
26718 : 100;
26719 : 001;
26720 : 110;
26721 : 100;
26722 : 100;
26723 : 011;
26724 : 100;
26725 : 010;
26726 : 101;
26727 : 000;
26728 : 110;
26729 : 101;
26730 : 110;
26731 : 101;
26732 : 010;
26733 : 101;
26734 : 110;
26735 : 000;
26736 : 111;
26737 : 000;
26738 : 111;
26739 : 100;
26740 : 011;
26741 : 111;
26742 : 010;
26743 : 101;
26744 : 010;
26745 : 101;
26746 : 111;
26747 : 000;
26748 : 111;
26749 : 100;
26750 : 011;
26751 : 100;
26752 : 111;
26753 : 110;
26754 : 101;
26755 : 010;
26756 : 111;
26757 : 100;
26758 : 011;
26759 : 100;
26760 : 000;
26761 : 000;
26762 : 000;
26763 : 000;
26764 : 000;
26765 : 000;
26766 : 000;
26767 : 000;
26768 : 000;
26769 : 000;
26770 : 000;
26771 : 001;
26772 : 100;
26773 : 010;
26774 : 100;
26775 : 110;
26776 : 100;
26777 : 001;
26778 : 110;
26779 : 101;
26780 : 100;
26781 : 110;
26782 : 010;
26783 : 000;
26784 : 100;
26785 : 000;
26786 : 101;
26787 : 000;
26788 : 000;
26789 : 110;
26790 : 000;
26791 : 101;
26792 : 000;
26793 : 010;
26794 : 001;
26795 : 000;
26796 : 100;
26797 : 010;
26798 : 100;
26799 : 000;
26800 : 111;
26801 : 000;
26802 : 110;
26803 : 111;
26804 : 110;
26805 : 111;
26806 : 101;
26807 : 110;
26808 : 111;
26809 : 100;
26810 : 011;
26811 : 100;
26812 : 001;
26813 : 110;
26814 : 101;
26815 : 010;
26816 : 100;
26817 : 001;
26818 : 110;
26819 : 000;
26820 : 010;
26821 : 101;
26822 : 000;
26823 : 110;
26824 : 000;
26825 : 010;
26826 : 100;
26827 : 001;
26828 : 000;
26829 : 111;
26830 : 000;
26831 : 001;
26832 : 110;
26833 : 000;
26834 : 001;
26835 : 110;
26836 : 001;
26837 : 000;
26838 : 000;
26839 : 000;
26840 : 011;
26841 : 000;
26842 : 100;
26843 : 000;
26844 : 111;
26845 : 000;
26846 : 001;
26847 : 110;
26848 : 000;
26849 : 010;
26850 : 000;
26851 : 101;
26852 : 000;
26853 : 010;
26854 : 000;
26855 : 000;
26856 : 011;
26857 : 100;
26858 : 001;
26859 : 010;
26860 : 000;
26861 : 011;
26862 : 100;
26863 : 001;
26864 : 010;
26865 : 000;
26866 : 111;
26867 : 000;
26868 : 010;
26869 : 000;
26870 : 001;
26871 : 000;
26872 : 001;
26873 : 000;
26874 : 000;
26875 : 000;
26876 : 010;
26877 : 001;
26878 : 000;
26879 : 100;
26880 : 000;
26881 : 000;
26882 : 000;
26883 : 000;
26884 : 000;
26885 : 000;
26886 : 011;
26887 : 000;
26888 : 000;
26889 : 000;
26890 : 000;
26891 : 000;
26892 : 011;
26893 : 000;
26894 : 000;
26895 : 010;
26896 : 100;
26897 : 000;
26898 : 101;
26899 : 000;
26900 : 000;
26901 : 001;
26902 : 110;
26903 : 001;
26904 : 000;
26905 : 100;
26906 : 010;
26907 : 100;
26908 : 000;
26909 : 000;
26910 : 000;
26911 : 000;
26912 : 000;
26913 : 000;
26914 : 000;
26915 : 000;
26916 : 001;
26917 : 000;
26918 : 100;
26919 : 111;
26920 : 111;
26921 : 000;
26922 : 110;
26923 : 111;
26924 : 110;
26925 : 000;
26926 : 000;
26927 : 000;
26928 : 000;
26929 : 000;
26930 : 000;
26931 : 110;
26932 : 000;
26933 : 000;
26934 : 010;
26935 : 100;
26936 : 010;
26937 : 100;
26938 : 010;
26939 : 001;
26940 : 000;
26941 : 110;
26942 : 000;
26943 : 000;
26944 : 000;
26945 : 000;
26946 : 000;
26947 : 000;
26948 : 000;
26949 : 100;
26950 : 010;
26951 : 000;
26952 : 000;
26953 : 000;
26954 : 000;
26955 : 000;
26956 : 000;
26957 : 100;
26958 : 000;
26959 : 000;
26960 : 001;
26961 : 000;
26962 : 000;
26963 : 000;
26964 : 000;
26965 : 100;
26966 : 000;
26967 : 000;
26968 : 100;
26969 : 000;
26970 : 000;
26971 : 000;
26972 : 100;
26973 : 000;
26974 : 000;
26975 : 000;
26976 : 000;
26977 : 101;
26978 : 000;
26979 : 000;
26980 : 000;
26981 : 001;
26982 : 100;
26983 : 000;
26984 : 100;
26985 : 000;
26986 : 010;
26987 : 000;
26988 : 000;
26989 : 000;
26990 : 000;
26991 : 000;
26992 : 000;
26993 : 110;
26994 : 000;
26995 : 000;
26996 : 000;
26997 : 000;
26998 : 100;
26999 : 001;
27000 : 110;
27001 : 000;
27002 : 000;
27003 : 000;
27004 : 000;
27005 : 000;
27006 : 110;
27007 : 001;
27008 : 000;
27009 : 010;
27010 : 000;
27011 : 001;
27012 : 000;
27013 : 000;
27014 : 000;
27015 : 000;
27016 : 100;
27017 : 111;
27018 : 010;
27019 : 111;
27020 : 110;
27021 : 101;
27022 : 111;
27023 : 000;
27024 : 111;
27025 : 010;
27026 : 101;
27027 : 000;
27028 : 110;
27029 : 100;
27030 : 000;
27031 : 110;
27032 : 101;
27033 : 010;
27034 : 100;
27035 : 111;
27036 : 110;
27037 : 000;
27038 : 111;
27039 : 100;
27040 : 011;
27041 : 100;
27042 : 010;
27043 : 100;
27044 : 101;
27045 : 100;
27046 : 010;
27047 : 100;
27048 : 111;
27049 : 000;
27050 : 100;
27051 : 010;
27052 : 101;
27053 : 010;
27054 : 100;
27055 : 000;
27056 : 100;
27057 : 000;
27058 : 111;
27059 : 111;
27060 : 100;
27061 : 110;
27062 : 101;
27063 : 110;
27064 : 101;
27065 : 010;
27066 : 111;
27067 : 100;
27068 : 111;
27069 : 000;
27070 : 111;
27071 : 110;
27072 : 001;
27073 : 111;
27074 : 000;
27075 : 111;
27076 : 000;
27077 : 111;
27078 : 110;
27079 : 001;
27080 : 000;
27081 : 000;
27082 : 000;
27083 : 000;
27084 : 010;
27085 : 000;
27086 : 000;
27087 : 000;
27088 : 001;
27089 : 110;
27090 : 000;
27091 : 110;
27092 : 100;
27093 : 111;
27094 : 000;
27095 : 101;
27096 : 110;
27097 : 101;
27098 : 010;
27099 : 100;
27100 : 011;
27101 : 100;
27102 : 101;
27103 : 010;
27104 : 101;
27105 : 000;
27106 : 010;
27107 : 000;
27108 : 100;
27109 : 001;
27110 : 000;
27111 : 010;
27112 : 100;
27113 : 000;
27114 : 100;
27115 : 010;
27116 : 000;
27117 : 000;
27118 : 000;
27119 : 000;
27120 : 100;
27121 : 011;
27122 : 100;
27123 : 000;
27124 : 101;
27125 : 010;
27126 : 100;
27127 : 011;
27128 : 000;
27129 : 110;
27130 : 000;
27131 : 111;
27132 : 100;
27133 : 010;
27134 : 101;
27135 : 110;
27136 : 101;
27137 : 010;
27138 : 100;
27139 : 001;
27140 : 100;
27141 : 010;
27142 : 101;
27143 : 010;
27144 : 101;
27145 : 000;
27146 : 010;
27147 : 000;
27148 : 000;
27149 : 000;
27150 : 110;
27151 : 000;
27152 : 001;
27153 : 110;
27154 : 000;
27155 : 000;
27156 : 110;
27157 : 001;
27158 : 110;
27159 : 000;
27160 : 000;
27161 : 000;
27162 : 001;
27163 : 000;
27164 : 000;
27165 : 010;
27166 : 101;
27167 : 000;
27168 : 001;
27169 : 100;
27170 : 000;
27171 : 010;
27172 : 101;
27173 : 001;
27174 : 110;
27175 : 001;
27176 : 100;
27177 : 000;
27178 : 010;
27179 : 101;
27180 : 000;
27181 : 100;
27182 : 010;
27183 : 000;
27184 : 101;
27185 : 000;
27186 : 000;
27187 : 001;
27188 : 100;
27189 : 000;
27190 : 000;
27191 : 110;
27192 : 000;
27193 : 000;
27194 : 111;
27195 : 000;
27196 : 000;
27197 : 100;
27198 : 010;
27199 : 000;
27200 : 000;
27201 : 000;
27202 : 000;
27203 : 000;
27204 : 000;
27205 : 000;
27206 : 000;
27207 : 000;
27208 : 000;
27209 : 000;
27210 : 001;
27211 : 000;
27212 : 000;
27213 : 000;
27214 : 000;
27215 : 001;
27216 : 000;
27217 : 110;
27218 : 000;
27219 : 000;
27220 : 100;
27221 : 010;
27222 : 100;
27223 : 000;
27224 : 000;
27225 : 010;
27226 : 101;
27227 : 000;
27228 : 010;
27229 : 000;
27230 : 000;
27231 : 000;
27232 : 000;
27233 : 100;
27234 : 000;
27235 : 000;
27236 : 000;
27237 : 000;
27238 : 000;
27239 : 000;
27240 : 000;
27241 : 000;
27242 : 000;
27243 : 000;
27244 : 100;
27245 : 000;
27246 : 010;
27247 : 000;
27248 : 000;
27249 : 000;
27250 : 000;
27251 : 000;
27252 : 101;
27253 : 000;
27254 : 100;
27255 : 000;
27256 : 001;
27257 : 000;
27258 : 111;
27259 : 100;
27260 : 000;
27261 : 000;
27262 : 000;
27263 : 000;
27264 : 110;
27265 : 001;
27266 : 100;
27267 : 000;
27268 : 110;
27269 : 000;
27270 : 000;
27271 : 100;
27272 : 000;
27273 : 000;
27274 : 000;
27275 : 000;
27276 : 000;
27277 : 001;
27278 : 000;
27279 : 000;
27280 : 000;
27281 : 010;
27282 : 100;
27283 : 000;
27284 : 001;
27285 : 000;
27286 : 111;
27287 : 000;
27288 : 000;
27289 : 110;
27290 : 000;
27291 : 000;
27292 : 001;
27293 : 010;
27294 : 100;
27295 : 001;
27296 : 010;
27297 : 000;
27298 : 000;
27299 : 100;
27300 : 000;
27301 : 000;
27302 : 010;
27303 : 000;
27304 : 001;
27305 : 110;
27306 : 001;
27307 : 100;
27308 : 010;
27309 : 101;
27310 : 010;
27311 : 000;
27312 : 000;
27313 : 000;
27314 : 000;
27315 : 000;
27316 : 000;
27317 : 011;
27318 : 000;
27319 : 000;
27320 : 000;
27321 : 000;
27322 : 000;
27323 : 000;
27324 : 000;
27325 : 000;
27326 : 000;
27327 : 000;
27328 : 000;
27329 : 000;
27330 : 000;
27331 : 000;
27332 : 100;
27333 : 000;
27334 : 010;
27335 : 101;
27336 : 111;
27337 : 111;
27338 : 100;
27339 : 101;
27340 : 110;
27341 : 011;
27342 : 100;
27343 : 111;
27344 : 100;
27345 : 011;
27346 : 100;
27347 : 110;
27348 : 001;
27349 : 100;
27350 : 011;
27351 : 100;
27352 : 000;
27353 : 111;
27354 : 100;
27355 : 010;
27356 : 101;
27357 : 100;
27358 : 010;
27359 : 100;
27360 : 110;
27361 : 101;
27362 : 100;
27363 : 011;
27364 : 000;
27365 : 110;
27366 : 101;
27367 : 010;
27368 : 100;
27369 : 111;
27370 : 000;
27371 : 101;
27372 : 110;
27373 : 100;
27374 : 011;
27375 : 100;
27376 : 011;
27377 : 100;
27378 : 111;
27379 : 000;
27380 : 111;
27381 : 001;
27382 : 110;
27383 : 011;
27384 : 110;
27385 : 101;
27386 : 110;
27387 : 001;
27388 : 110;
27389 : 101;
27390 : 110;
27391 : 001;
27392 : 110;
27393 : 101;
27394 : 110;
27395 : 101;
27396 : 110;
27397 : 001;
27398 : 100;
27399 : 000;
27400 : 000;
27401 : 100;
27402 : 010;
27403 : 000;
27404 : 000;
27405 : 100;
27406 : 001;
27407 : 100;
27408 : 110;
27409 : 001;
27410 : 110;
27411 : 101;
27412 : 010;
27413 : 101;
27414 : 110;
27415 : 001;
27416 : 110;
27417 : 100;
27418 : 111;
27419 : 100;
27420 : 111;
27421 : 110;
27422 : 001;
27423 : 100;
27424 : 010;
27425 : 000;
27426 : 100;
27427 : 001;
27428 : 110;
27429 : 000;
27430 : 110;
27431 : 000;
27432 : 101;
27433 : 010;
27434 : 101;
27435 : 000;
27436 : 111;
27437 : 100;
27438 : 001;
27439 : 010;
27440 : 101;
27441 : 000;
27442 : 111;
27443 : 110;
27444 : 000;
27445 : 111;
27446 : 000;
27447 : 100;
27448 : 001;
27449 : 100;
27450 : 001;
27451 : 010;
27452 : 100;
27453 : 111;
27454 : 110;
27455 : 000;
27456 : 111;
27457 : 100;
27458 : 011;
27459 : 100;
27460 : 000;
27461 : 000;
27462 : 110;
27463 : 101;
27464 : 010;
27465 : 101;
27466 : 000;
27467 : 100;
27468 : 000;
27469 : 111;
27470 : 000;
27471 : 101;
27472 : 010;
27473 : 101;
27474 : 000;
27475 : 111;
27476 : 000;
27477 : 000;
27478 : 001;
27479 : 100;
27480 : 011;
27481 : 100;
27482 : 010;
27483 : 000;
27484 : 101;
27485 : 000;
27486 : 010;
27487 : 000;
27488 : 010;
27489 : 001;
27490 : 000;
27491 : 001;
27492 : 010;
27493 : 000;
27494 : 101;
27495 : 010;
27496 : 000;
27497 : 001;
27498 : 000;
27499 : 000;
27500 : 011;
27501 : 000;
27502 : 001;
27503 : 000;
27504 : 000;
27505 : 010;
27506 : 000;
27507 : 000;
27508 : 011;
27509 : 000;
27510 : 001;
27511 : 000;
27512 : 000;
27513 : 001;
27514 : 000;
27515 : 000;
27516 : 001;
27517 : 000;
27518 : 001;
27519 : 000;
27520 : 000;
27521 : 000;
27522 : 000;
27523 : 100;
27524 : 000;
27525 : 000;
27526 : 000;
27527 : 100;
27528 : 000;
27529 : 010;
27530 : 000;
27531 : 100;
27532 : 010;
27533 : 100;
27534 : 000;
27535 : 100;
27536 : 000;
27537 : 001;
27538 : 000;
27539 : 010;
27540 : 000;
27541 : 101;
27542 : 010;
27543 : 000;
27544 : 101;
27545 : 000;
27546 : 110;
27547 : 000;
27548 : 001;
27549 : 100;
27550 : 000;
27551 : 100;
27552 : 011;
27553 : 000;
27554 : 000;
27555 : 000;
27556 : 100;
27557 : 000;
27558 : 000;
27559 : 000;
27560 : 000;
27561 : 000;
27562 : 000;
27563 : 000;
27564 : 000;
27565 : 001;
27566 : 100;
27567 : 000;
27568 : 000;
27569 : 000;
27570 : 000;
27571 : 000;
27572 : 000;
27573 : 000;
27574 : 010;
27575 : 000;
27576 : 100;
27577 : 000;
27578 : 000;
27579 : 000;
27580 : 000;
27581 : 000;
27582 : 000;
27583 : 000;
27584 : 000;
27585 : 000;
27586 : 000;
27587 : 000;
27588 : 000;
27589 : 000;
27590 : 000;
27591 : 001;
27592 : 000;
27593 : 000;
27594 : 000;
27595 : 000;
27596 : 100;
27597 : 000;
27598 : 000;
27599 : 010;
27600 : 100;
27601 : 000;
27602 : 000;
27603 : 000;
27604 : 110;
27605 : 000;
27606 : 000;
27607 : 110;
27608 : 000;
27609 : 001;
27610 : 000;
27611 : 100;
27612 : 000;
27613 : 000;
27614 : 000;
27615 : 000;
27616 : 100;
27617 : 000;
27618 : 000;
27619 : 010;
27620 : 000;
27621 : 100;
27622 : 000;
27623 : 000;
27624 : 000;
27625 : 000;
27626 : 000;
27627 : 000;
27628 : 000;
27629 : 100;
27630 : 000;
27631 : 100;
27632 : 001;
27633 : 000;
27634 : 100;
27635 : 000;
27636 : 000;
27637 : 100;
27638 : 010;
27639 : 100;
27640 : 000;
27641 : 000;
27642 : 000;
27643 : 000;
27644 : 010;
27645 : 000;
27646 : 100;
27647 : 000;
27648 : 000;
27649 : 000;
27650 : 000;
27651 : 100;
27652 : 111;
27653 : 111;
27654 : 111;
27655 : 110;
27656 : 111;
27657 : 111;
27658 : 110;
27659 : 011;
27660 : 100;
27661 : 100;
27662 : 111;
27663 : 110;
27664 : 001;
27665 : 110;
27666 : 001;
27667 : 100;
27668 : 010;
27669 : 100;
27670 : 000;
27671 : 111;
27672 : 100;
27673 : 000;
27674 : 111;
27675 : 100;
27676 : 000;
27677 : 111;
27678 : 100;
27679 : 001;
27680 : 110;
27681 : 000;
27682 : 110;
27683 : 000;
27684 : 100;
27685 : 000;
27686 : 110;
27687 : 101;
27688 : 000;
27689 : 110;
27690 : 100;
27691 : 010;
27692 : 100;
27693 : 001;
27694 : 100;
27695 : 110;
27696 : 000;
27697 : 110;
27698 : 001;
27699 : 110;
27700 : 111;
27701 : 100;
27702 : 111;
27703 : 100;
27704 : 111;
27705 : 001;
27706 : 110;
27707 : 101;
27708 : 010;
27709 : 101;
27710 : 010;
27711 : 101;
27712 : 110;
27713 : 001;
27714 : 110;
27715 : 001;
27716 : 110;
27717 : 111;
27718 : 000;
27719 : 000;
27720 : 010;
27721 : 000;
27722 : 000;
27723 : 000;
27724 : 101;
27725 : 000;
27726 : 010;
27727 : 100;
27728 : 011;
27729 : 100;
27730 : 100;
27731 : 011;
27732 : 100;
27733 : 110;
27734 : 001;
27735 : 110;
27736 : 101;
27737 : 010;
27738 : 100;
27739 : 011;
27740 : 100;
27741 : 110;
27742 : 100;
27743 : 111;
27744 : 100;
27745 : 111;
27746 : 000;
27747 : 110;
27748 : 000;
27749 : 101;
27750 : 000;
27751 : 111;
27752 : 000;
27753 : 100;
27754 : 010;
27755 : 100;
27756 : 000;
27757 : 110;
27758 : 000;
27759 : 100;
27760 : 010;
27761 : 100;
27762 : 000;
27763 : 111;
27764 : 000;
27765 : 100;
27766 : 010;
27767 : 101;
27768 : 010;
27769 : 100;
27770 : 010;
27771 : 100;
27772 : 011;
27773 : 100;
27774 : 111;
27775 : 110;
27776 : 101;
27777 : 010;
27778 : 110;
27779 : 101;
27780 : 010;
27781 : 101;
27782 : 010;
27783 : 100;
27784 : 111;
27785 : 000;
27786 : 110;
27787 : 000;
27788 : 001;
27789 : 000;
27790 : 011;
27791 : 100;
27792 : 000;
27793 : 010;
27794 : 101;
27795 : 000;
27796 : 001;
27797 : 110;
27798 : 000;
27799 : 000;
27800 : 000;
27801 : 001;
27802 : 000;
27803 : 100;
27804 : 010;
27805 : 001;
27806 : 100;
27807 : 001;
27808 : 100;
27809 : 000;
27810 : 110;
27811 : 000;
27812 : 101;
27813 : 010;
27814 : 000;
27815 : 000;
27816 : 001;
27817 : 110;
27818 : 000;
27819 : 111;
27820 : 000;
27821 : 100;
27822 : 000;
27823 : 010;
27824 : 001;
27825 : 100;
27826 : 001;
27827 : 000;
27828 : 100;
27829 : 000;
27830 : 010;
27831 : 101;
27832 : 000;
27833 : 110;
27834 : 001;
27835 : 100;
27836 : 010;
27837 : 000;
27838 : 100;
27839 : 000;
27840 : 000;
27841 : 000;
27842 : 001;
27843 : 010;
27844 : 000;
27845 : 000;
27846 : 000;
27847 : 011;
27848 : 000;
27849 : 100;
27850 : 000;
27851 : 001;
27852 : 110;
27853 : 001;
27854 : 110;
27855 : 001;
27856 : 010;
27857 : 000;
27858 : 100;
27859 : 001;
27860 : 000;
27861 : 000;
27862 : 111;
27863 : 000;
27864 : 110;
27865 : 000;
27866 : 101;
27867 : 000;
27868 : 000;
27869 : 000;
27870 : 111;
27871 : 000;
27872 : 000;
27873 : 000;
27874 : 111;
27875 : 000;
27876 : 000;
27877 : 000;
27878 : 110;
27879 : 000;
27880 : 000;
27881 : 000;
27882 : 000;
27883 : 100;
27884 : 000;
27885 : 000;
27886 : 000;
27887 : 000;
27888 : 000;
27889 : 000;
27890 : 000;
27891 : 100;
27892 : 010;
27893 : 000;
27894 : 101;
27895 : 000;
27896 : 010;
27897 : 100;
27898 : 000;
27899 : 000;
27900 : 010;
27901 : 100;
27902 : 111;
27903 : 000;
27904 : 000;
27905 : 000;
27906 : 110;
27907 : 000;
27908 : 001;
27909 : 000;
27910 : 000;
27911 : 110;
27912 : 000;
27913 : 000;
27914 : 000;
27915 : 000;
27916 : 000;
27917 : 010;
27918 : 000;
27919 : 000;
27920 : 000;
27921 : 001;
27922 : 100;
27923 : 000;
27924 : 000;
27925 : 000;
27926 : 000;
27927 : 000;
27928 : 000;
27929 : 000;
27930 : 000;
27931 : 000;
27932 : 000;
27933 : 000;
27934 : 000;
27935 : 000;
27936 : 000;
27937 : 000;
27938 : 000;
27939 : 000;
27940 : 000;
27941 : 001;
27942 : 000;
27943 : 110;
27944 : 000;
27945 : 000;
27946 : 100;
27947 : 000;
27948 : 000;
27949 : 000;
27950 : 000;
27951 : 000;
27952 : 010;
27953 : 000;
27954 : 000;
27955 : 000;
27956 : 000;
27957 : 000;
27958 : 101;
27959 : 000;
27960 : 000;
27961 : 000;
27962 : 000;
27963 : 000;
27964 : 000;
27965 : 001;
27966 : 000;
27967 : 010;
27968 : 001;
27969 : 000;
27970 : 100;
27971 : 111;
27972 : 111;
27973 : 110;
27974 : 101;
27975 : 010;
27976 : 101;
27977 : 010;
27978 : 101;
27979 : 110;
27980 : 001;
27981 : 010;
27982 : 101;
27983 : 010;
27984 : 100;
27985 : 110;
27986 : 000;
27987 : 111;
27988 : 100;
27989 : 011;
27990 : 100;
27991 : 000;
27992 : 010;
27993 : 101;
27994 : 000;
27995 : 110;
27996 : 000;
27997 : 100;
27998 : 010;
27999 : 100;
28000 : 001;
28001 : 100;
28002 : 001;
28003 : 110;
28004 : 101;
28005 : 110;
28006 : 001;
28007 : 110;
28008 : 100;
28009 : 001;
28010 : 110;
28011 : 001;
28012 : 110;
28013 : 000;
28014 : 110;
28015 : 001;
28016 : 100;
28017 : 011;
28018 : 100;
28019 : 111;
28020 : 000;
28021 : 111;
28022 : 000;
28023 : 111;
28024 : 000;
28025 : 111;
28026 : 100;
28027 : 011;
28028 : 100;
28029 : 111;
28030 : 110;
28031 : 001;
28032 : 110;
28033 : 001;
28034 : 110;
28035 : 000;
28036 : 111;
28037 : 000;
28038 : 110;
28039 : 000;
28040 : 000;
28041 : 000;
28042 : 101;
28043 : 010;
28044 : 100;
28045 : 110;
28046 : 101;
28047 : 010;
28048 : 100;
28049 : 111;
28050 : 000;
28051 : 110;
28052 : 101;
28053 : 010;
28054 : 100;
28055 : 110;
28056 : 000;
28057 : 111;
28058 : 100;
28059 : 110;
28060 : 001;
28061 : 110;
28062 : 001;
28063 : 110;
28064 : 000;
28065 : 111;
28066 : 100;
28067 : 111;
28068 : 100;
28069 : 010;
28070 : 100;
28071 : 010;
28072 : 101;
28073 : 010;
28074 : 101;
28075 : 010;
28076 : 101;
28077 : 010;
28078 : 101;
28079 : 000;
28080 : 111;
28081 : 000;
28082 : 111;
28083 : 100;
28084 : 010;
28085 : 001;
28086 : 100;
28087 : 000;
28088 : 010;
28089 : 101;
28090 : 000;
28091 : 000;
28092 : 111;
28093 : 100;
28094 : 111;
28095 : 110;
28096 : 001;
28097 : 110;
28098 : 101;
28099 : 010;
28100 : 100;
28101 : 000;
28102 : 111;
28103 : 110;
28104 : 100;
28105 : 011;
28106 : 000;
28107 : 000;
28108 : 100;
28109 : 010;
28110 : 100;
28111 : 001;
28112 : 000;
28113 : 100;
28114 : 000;
28115 : 010;
28116 : 100;
28117 : 001;
28118 : 110;
28119 : 001;
28120 : 010;
28121 : 100;
28122 : 001;
28123 : 010;
28124 : 001;
28125 : 110;
28126 : 001;
28127 : 010;
28128 : 000;
28129 : 001;
28130 : 000;
28131 : 011;
28132 : 000;
28133 : 000;
28134 : 101;
28135 : 010;
28136 : 000;
28137 : 000;
28138 : 001;
28139 : 000;
28140 : 000;
28141 : 011;
28142 : 000;
28143 : 100;
28144 : 000;
28145 : 000;
28146 : 010;
28147 : 100;
28148 : 011;
28149 : 000;
28150 : 101;
28151 : 010;
28152 : 001;
28153 : 000;
28154 : 010;
28155 : 000;
28156 : 000;
28157 : 001;
28158 : 010;
28159 : 000;
28160 : 000;
28161 : 100;
28162 : 000;
28163 : 000;
28164 : 000;
28165 : 101;
28166 : 000;
28167 : 000;
28168 : 000;
28169 : 000;
28170 : 010;
28171 : 100;
28172 : 111;
28173 : 110;
28174 : 111;
28175 : 100;
28176 : 000;
28177 : 100;
28178 : 010;
28179 : 000;
28180 : 111;
28181 : 000;
28182 : 100;
28183 : 000;
28184 : 100;
28185 : 000;
28186 : 010;
28187 : 100;
28188 : 000;
28189 : 000;
28190 : 000;
28191 : 000;
28192 : 000;
28193 : 000;
28194 : 000;
28195 : 000;
28196 : 110;
28197 : 000;
28198 : 001;
28199 : 100;
28200 : 010;
28201 : 000;
28202 : 111;
28203 : 000;
28204 : 000;
28205 : 000;
28206 : 000;
28207 : 000;
28208 : 000;
28209 : 000;
28210 : 000;
28211 : 000;
28212 : 000;
28213 : 000;
28214 : 000;
28215 : 100;
28216 : 001;
28217 : 000;
28218 : 000;
28219 : 000;
28220 : 100;
28221 : 000;
28222 : 000;
28223 : 000;
28224 : 100;
28225 : 000;
28226 : 000;
28227 : 000;
28228 : 100;
28229 : 000;
28230 : 000;
28231 : 000;
28232 : 000;
28233 : 000;
28234 : 000;
28235 : 000;
28236 : 000;
28237 : 000;
28238 : 000;
28239 : 100;
28240 : 000;
28241 : 100;
28242 : 010;
28243 : 001;
28244 : 000;
28245 : 000;
28246 : 001;
28247 : 000;
28248 : 000;
28249 : 000;
28250 : 000;
28251 : 000;
28252 : 000;
28253 : 000;
28254 : 000;
28255 : 000;
28256 : 000;
28257 : 000;
28258 : 000;
28259 : 000;
28260 : 000;
28261 : 000;
28262 : 000;
28263 : 000;
28264 : 001;
28265 : 000;
28266 : 110;
28267 : 011;
28268 : 100;
28269 : 010;
28270 : 001;
28271 : 000;
28272 : 100;
28273 : 000;
28274 : 000;
28275 : 000;
28276 : 000;
28277 : 010;
28278 : 000;
28279 : 000;
28280 : 110;
28281 : 000;
28282 : 001;
28283 : 000;
28284 : 100;
28285 : 000;
28286 : 000;
28287 : 100;
28288 : 000;
28289 : 111;
28290 : 111;
28291 : 111;
28292 : 010;
28293 : 101;
28294 : 111;
28295 : 111;
28296 : 100;
28297 : 111;
28298 : 000;
28299 : 111;
28300 : 100;
28301 : 111;
28302 : 000;
28303 : 101;
28304 : 010;
28305 : 101;
28306 : 110;
28307 : 001;
28308 : 110;
28309 : 100;
28310 : 001;
28311 : 110;
28312 : 100;
28313 : 000;
28314 : 100;
28315 : 001;
28316 : 110;
28317 : 101;
28318 : 010;
28319 : 101;
28320 : 110;
28321 : 000;
28322 : 110;
28323 : 100;
28324 : 010;
28325 : 100;
28326 : 100;
28327 : 010;
28328 : 101;
28329 : 010;
28330 : 100;
28331 : 000;
28332 : 100;
28333 : 111;
28334 : 000;
28335 : 100;
28336 : 010;
28337 : 100;
28338 : 111;
28339 : 100;
28340 : 111;
28341 : 000;
28342 : 111;
28343 : 110;
28344 : 101;
28345 : 010;
28346 : 111;
28347 : 100;
28348 : 011;
28349 : 100;
28350 : 011;
28351 : 100;
28352 : 111;
28353 : 100;
28354 : 011;
28355 : 100;
28356 : 111;
28357 : 000;
28358 : 101;
28359 : 000;
28360 : 000;
28361 : 000;
28362 : 110;
28363 : 101;
28364 : 010;
28365 : 001;
28366 : 100;
28367 : 111;
28368 : 000;
28369 : 100;
28370 : 111;
28371 : 100;
28372 : 010;
28373 : 101;
28374 : 110;
28375 : 101;
28376 : 110;
28377 : 101;
28378 : 010;
28379 : 101;
28380 : 110;
28381 : 101;
28382 : 110;
28383 : 101;
28384 : 110;
28385 : 000;
28386 : 111;
28387 : 000;
28388 : 111;
28389 : 100;
28390 : 011;
28391 : 100;
28392 : 110;
28393 : 001;
28394 : 100;
28395 : 110;
28396 : 000;
28397 : 101;
28398 : 110;
28399 : 100;
28400 : 110;
28401 : 101;
28402 : 010;
28403 : 100;
28404 : 001;
28405 : 100;
28406 : 010;
28407 : 001;
28408 : 100;
28409 : 000;
28410 : 011;
28411 : 100;
28412 : 010;
28413 : 101;
28414 : 110;
28415 : 101;
28416 : 010;
28417 : 000;
28418 : 100;
28419 : 000;
28420 : 111;
28421 : 000;
28422 : 100;
28423 : 011;
28424 : 100;
28425 : 100;
28426 : 000;
28427 : 010;
28428 : 001;
28429 : 000;
28430 : 000;
28431 : 110;
28432 : 000;
28433 : 001;
28434 : 000;
28435 : 001;
28436 : 010;
28437 : 000;
28438 : 001;
28439 : 000;
28440 : 000;
28441 : 000;
28442 : 000;
28443 : 100;
28444 : 001;
28445 : 000;
28446 : 000;
28447 : 100;
28448 : 011;
28449 : 100;
28450 : 000;
28451 : 100;
28452 : 000;
28453 : 000;
28454 : 000;
28455 : 000;
28456 : 101;
28457 : 010;
28458 : 000;
28459 : 100;
28460 : 000;
28461 : 000;
28462 : 001;
28463 : 010;
28464 : 001;
28465 : 110;
28466 : 001;
28467 : 000;
28468 : 001;
28469 : 110;
28470 : 000;
28471 : 000;
28472 : 110;
28473 : 001;
28474 : 000;
28475 : 100;
28476 : 001;
28477 : 000;
28478 : 100;
28479 : 000;
28480 : 000;
28481 : 010;
28482 : 000;
28483 : 100;
28484 : 000;
28485 : 010;
28486 : 000;
28487 : 100;
28488 : 000;
28489 : 101;
28490 : 000;
28491 : 000;
28492 : 000;
28493 : 111;
28494 : 100;
28495 : 111;
28496 : 010;
28497 : 000;
28498 : 001;
28499 : 000;
28500 : 100;
28501 : 010;
28502 : 000;
28503 : 000;
28504 : 111;
28505 : 000;
28506 : 111;
28507 : 000;
28508 : 000;
28509 : 000;
28510 : 000;
28511 : 000;
28512 : 000;
28513 : 100;
28514 : 000;
28515 : 000;
28516 : 000;
28517 : 000;
28518 : 000;
28519 : 000;
28520 : 000;
28521 : 000;
28522 : 000;
28523 : 000;
28524 : 000;
28525 : 010;
28526 : 000;
28527 : 000;
28528 : 110;
28529 : 000;
28530 : 000;
28531 : 001;
28532 : 000;
28533 : 000;
28534 : 110;
28535 : 000;
28536 : 110;
28537 : 000;
28538 : 000;
28539 : 000;
28540 : 001;
28541 : 000;
28542 : 000;
28543 : 000;
28544 : 011;
28545 : 000;
28546 : 000;
28547 : 111;
28548 : 000;
28549 : 000;
28550 : 110;
28551 : 000;
28552 : 000;
28553 : 000;
28554 : 000;
28555 : 000;
28556 : 100;
28557 : 001;
28558 : 000;
28559 : 000;
28560 : 111;
28561 : 000;
28562 : 000;
28563 : 000;
28564 : 000;
28565 : 000;
28566 : 100;
28567 : 000;
28568 : 000;
28569 : 000;
28570 : 000;
28571 : 000;
28572 : 001;
28573 : 000;
28574 : 000;
28575 : 000;
28576 : 000;
28577 : 000;
28578 : 001;
28579 : 000;
28580 : 000;
28581 : 000;
28582 : 000;
28583 : 000;
28584 : 000;
28585 : 000;
28586 : 000;
28587 : 100;
28588 : 000;
28589 : 111;
28590 : 100;
28591 : 000;
28592 : 000;
28593 : 000;
28594 : 000;
28595 : 000;
28596 : 000;
28597 : 101;
28598 : 000;
28599 : 100;
28600 : 001;
28601 : 000;
28602 : 010;
28603 : 000;
28604 : 000;
28605 : 110;
28606 : 000;
28607 : 111;
28608 : 111;
28609 : 110;
28610 : 101;
28611 : 110;
28612 : 101;
28613 : 110;
28614 : 011;
28615 : 100;
28616 : 011;
28617 : 110;
28618 : 101;
28619 : 010;
28620 : 101;
28621 : 010;
28622 : 100;
28623 : 010;
28624 : 101;
28625 : 000;
28626 : 111;
28627 : 100;
28628 : 011;
28629 : 101;
28630 : 010;
28631 : 100;
28632 : 001;
28633 : 110;
28634 : 000;
28635 : 110;
28636 : 001;
28637 : 100;
28638 : 100;
28639 : 000;
28640 : 100;
28641 : 111;
28642 : 000;
28643 : 101;
28644 : 110;
28645 : 001;
28646 : 110;
28647 : 001;
28648 : 100;
28649 : 000;
28650 : 110;
28651 : 101;
28652 : 010;
28653 : 100;
28654 : 000;
28655 : 111;
28656 : 000;
28657 : 111;
28658 : 000;
28659 : 111;
28660 : 010;
28661 : 101;
28662 : 110;
28663 : 001;
28664 : 110;
28665 : 101;
28666 : 010;
28667 : 100;
28668 : 111;
28669 : 000;
28670 : 111;
28671 : 100;
28672 : 010;
28673 : 101;
28674 : 010;
28675 : 101;
28676 : 010;
28677 : 101;
28678 : 010;
28679 : 111;
28680 : 100;
28681 : 001;
28682 : 110;
28683 : 000;
28684 : 101;
28685 : 110;
28686 : 000;
28687 : 100;
28688 : 111;
28689 : 000;
28690 : 110;
28691 : 101;
28692 : 110;
28693 : 101;
28694 : 010;
28695 : 101;
28696 : 010;
28697 : 100;
28698 : 111;
28699 : 100;
28700 : 010;
28701 : 100;
28702 : 010;
28703 : 101;
28704 : 110;
28705 : 101;
28706 : 110;
28707 : 100;
28708 : 111;
28709 : 000;
28710 : 110;
28711 : 001;
28712 : 100;
28713 : 110;
28714 : 001;
28715 : 100;
28716 : 110;
28717 : 000;
28718 : 111;
28719 : 000;
28720 : 101;
28721 : 010;
28722 : 100;
28723 : 111;
28724 : 000;
28725 : 000;
28726 : 000;
28727 : 110;
28728 : 001;
28729 : 110;
28730 : 000;
28731 : 000;
28732 : 100;
28733 : 011;
28734 : 110;
28735 : 100;
28736 : 111;
28737 : 100;
28738 : 111;
28739 : 110;
28740 : 000;
28741 : 110;
28742 : 000;
28743 : 100;
28744 : 011;
28745 : 110;
28746 : 101;
28747 : 000;
28748 : 100;
28749 : 110;
28750 : 001;
28751 : 000;
28752 : 110;
28753 : 000;
28754 : 000;
28755 : 100;
28756 : 000;
28757 : 111;
28758 : 000;
28759 : 110;
28760 : 001;
28761 : 110;
28762 : 001;
28763 : 010;
28764 : 000;
28765 : 100;
28766 : 011;
28767 : 000;
28768 : 000;
28769 : 000;
28770 : 011;
28771 : 000;
28772 : 011;
28773 : 100;
28774 : 011;
28775 : 000;
28776 : 000;
28777 : 000;
28778 : 101;
28779 : 010;
28780 : 001;
28781 : 110;
28782 : 101;
28783 : 000;
28784 : 000;
28785 : 101;
28786 : 000;
28787 : 010;
28788 : 100;
28789 : 000;
28790 : 001;
28791 : 000;
28792 : 000;
28793 : 000;
28794 : 000;
28795 : 011;
28796 : 000;
28797 : 000;
28798 : 011;
28799 : 000;
28800 : 000;
28801 : 100;
28802 : 001;
28803 : 000;
28804 : 000;
28805 : 100;
28806 : 000;
28807 : 010;
28808 : 000;
28809 : 000;
28810 : 110;
28811 : 000;
28812 : 100;
28813 : 000;
28814 : 110;
28815 : 000;
28816 : 100;
28817 : 000;
28818 : 100;
28819 : 000;
28820 : 001;
28821 : 100;
28822 : 011;
28823 : 100;
28824 : 010;
28825 : 000;
28826 : 100;
28827 : 000;
28828 : 011;
28829 : 100;
28830 : 000;
28831 : 000;
28832 : 000;
28833 : 000;
28834 : 000;
28835 : 000;
28836 : 000;
28837 : 000;
28838 : 000;
28839 : 000;
28840 : 000;
28841 : 000;
28842 : 000;
28843 : 000;
28844 : 000;
28845 : 101;
28846 : 000;
28847 : 000;
28848 : 000;
28849 : 000;
28850 : 000;
28851 : 100;
28852 : 000;
28853 : 000;
28854 : 001;
28855 : 000;
28856 : 001;
28857 : 000;
28858 : 110;
28859 : 000;
28860 : 000;
28861 : 000;
28862 : 110;
28863 : 000;
28864 : 000;
28865 : 100;
28866 : 000;
28867 : 000;
28868 : 000;
28869 : 000;
28870 : 000;
28871 : 000;
28872 : 000;
28873 : 000;
28874 : 000;
28875 : 000;
28876 : 010;
28877 : 000;
28878 : 100;
28879 : 000;
28880 : 000;
28881 : 000;
28882 : 000;
28883 : 000;
28884 : 000;
28885 : 000;
28886 : 000;
28887 : 000;
28888 : 000;
28889 : 000;
28890 : 001;
28891 : 000;
28892 : 010;
28893 : 000;
28894 : 000;
28895 : 000;
28896 : 001;
28897 : 000;
28898 : 000;
28899 : 000;
28900 : 000;
28901 : 000;
28902 : 000;
28903 : 000;
28904 : 000;
28905 : 000;
28906 : 000;
28907 : 000;
28908 : 110;
28909 : 000;
28910 : 000;
28911 : 000;
28912 : 110;
28913 : 000;
28914 : 000;
28915 : 000;
28916 : 000;
28917 : 010;
28918 : 000;
28919 : 000;
28920 : 000;
28921 : 000;
28922 : 000;
28923 : 100;
28924 : 000;
28925 : 001;
28926 : 111;
28927 : 111;
28928 : 110;
28929 : 101;
28930 : 011;
28931 : 111;
28932 : 111;
28933 : 001;
28934 : 110;
28935 : 111;
28936 : 101;
28937 : 110;
28938 : 101;
28939 : 111;
28940 : 000;
28941 : 111;
28942 : 101;
28943 : 010;
28944 : 100;
28945 : 111;
28946 : 000;
28947 : 111;
28948 : 000;
28949 : 111;
28950 : 100;
28951 : 011;
28952 : 100;
28953 : 000;
28954 : 111;
28955 : 100;
28956 : 100;
28957 : 010;
28958 : 101;
28959 : 110;
28960 : 001;
28961 : 110;
28962 : 100;
28963 : 110;
28964 : 001;
28965 : 110;
28966 : 100;
28967 : 000;
28968 : 110;
28969 : 101;
28970 : 000;
28971 : 110;
28972 : 000;
28973 : 101;
28974 : 010;
28975 : 100;
28976 : 000;
28977 : 111;
28978 : 100;
28979 : 111;
28980 : 100;
28981 : 011;
28982 : 100;
28983 : 111;
28984 : 110;
28985 : 001;
28986 : 110;
28987 : 001;
28988 : 110;
28989 : 101;
28990 : 010;
28991 : 101;
28992 : 010;
28993 : 100;
28994 : 101;
28995 : 010;
28996 : 100;
28997 : 111;
28998 : 100;
28999 : 011;
29000 : 100;
29001 : 010;
29002 : 101;
29003 : 110;
29004 : 000;
29005 : 111;
29006 : 100;
29007 : 011;
29008 : 100;
29009 : 111;
29010 : 000;
29011 : 111;
29012 : 000;
29013 : 110;
29014 : 101;
29015 : 110;
29016 : 101;
29017 : 010;
29018 : 000;
29019 : 101;
29020 : 010;
29021 : 101;
29022 : 100;
29023 : 010;
29024 : 101;
29025 : 010;
29026 : 101;
29027 : 010;
29028 : 100;
29029 : 111;
29030 : 100;
29031 : 110;
29032 : 001;
29033 : 110;
29034 : 000;
29035 : 111;
29036 : 100;
29037 : 111;
29038 : 100;
29039 : 111;
29040 : 100;
29041 : 100;
29042 : 011;
29043 : 000;
29044 : 100;
29045 : 010;
29046 : 101;
29047 : 000;
29048 : 110;
29049 : 000;
29050 : 001;
29051 : 100;
29052 : 010;
29053 : 100;
29054 : 111;
29055 : 111;
29056 : 111;
29057 : 111;
29058 : 111;
29059 : 111;
29060 : 100;
29061 : 011;
29062 : 111;
29063 : 110;
29064 : 111;
29065 : 110;
29066 : 111;
29067 : 000;
29068 : 000;
29069 : 000;
29070 : 100;
29071 : 000;
29072 : 001;
29073 : 000;
29074 : 010;
29075 : 000;
29076 : 001;
29077 : 000;
29078 : 000;
29079 : 000;
29080 : 000;
29081 : 000;
29082 : 000;
29083 : 101;
29084 : 010;
29085 : 000;
29086 : 000;
29087 : 000;
29088 : 101;
29089 : 010;
29090 : 100;
29091 : 001;
29092 : 000;
29093 : 000;
29094 : 000;
29095 : 101;
29096 : 010;
29097 : 101;
29098 : 010;
29099 : 000;
29100 : 101;
29101 : 000;
29102 : 010;
29103 : 001;
29104 : 110;
29105 : 000;
29106 : 000;
29107 : 001;
29108 : 000;
29109 : 000;
29110 : 010;
29111 : 101;
29112 : 000;
29113 : 111;
29114 : 000;
29115 : 000;
29116 : 100;
29117 : 000;
29118 : 000;
29119 : 000;
29120 : 000;
29121 : 000;
29122 : 110;
29123 : 000;
29124 : 110;
29125 : 001;
29126 : 100;
29127 : 000;
29128 : 111;
29129 : 000;
29130 : 000;
29131 : 111;
29132 : 000;
29133 : 111;
29134 : 000;
29135 : 101;
29136 : 010;
29137 : 001;
29138 : 010;
29139 : 100;
29140 : 010;
29141 : 000;
29142 : 000;
29143 : 100;
29144 : 111;
29145 : 000;
29146 : 111;
29147 : 000;
29148 : 000;
29149 : 000;
29150 : 110;
29151 : 000;
29152 : 000;
29153 : 111;
29154 : 000;
29155 : 000;
29156 : 101;
29157 : 000;
29158 : 110;
29159 : 001;
29160 : 000;
29161 : 100;
29162 : 000;
29163 : 001;
29164 : 000;
29165 : 010;
29166 : 000;
29167 : 000;
29168 : 000;
29169 : 000;
29170 : 000;
29171 : 000;
29172 : 010;
29173 : 000;
29174 : 100;
29175 : 010;
29176 : 100;
29177 : 010;
29178 : 111;
29179 : 000;
29180 : 000;
29181 : 000;
29182 : 000;
29183 : 000;
29184 : 000;
29185 : 000;
29186 : 000;
29187 : 000;
29188 : 000;
29189 : 000;
29190 : 000;
29191 : 101;
29192 : 000;
29193 : 000;
29194 : 000;
29195 : 000;
29196 : 100;
29197 : 001;
29198 : 010;
29199 : 000;
29200 : 000;
29201 : 000;
29202 : 000;
29203 : 000;
29204 : 000;
29205 : 000;
29206 : 010;
29207 : 000;
29208 : 001;
29209 : 000;
29210 : 010;
29211 : 000;
29212 : 000;
29213 : 100;
29214 : 000;
29215 : 000;
29216 : 000;
29217 : 010;
29218 : 100;
29219 : 000;
29220 : 000;
29221 : 000;
29222 : 100;
29223 : 000;
29224 : 000;
29225 : 000;
29226 : 100;
29227 : 000;
29228 : 000;
29229 : 000;
29230 : 100;
29231 : 000;
29232 : 000;
29233 : 001;
29234 : 110;
29235 : 000;
29236 : 000;
29237 : 100;
29238 : 001;
29239 : 010;
29240 : 000;
29241 : 000;
29242 : 000;
29243 : 000;
29244 : 010;
29245 : 111;
29246 : 110;
29247 : 101;
29248 : 011;
29249 : 110;
29250 : 111;
29251 : 100;
29252 : 110;
29253 : 111;
29254 : 100;
29255 : 011;
29256 : 110;
29257 : 001;
29258 : 110;
29259 : 011;
29260 : 110;
29261 : 100;
29262 : 011;
29263 : 100;
29264 : 011;
29265 : 100;
29266 : 010;
29267 : 101;
29268 : 110;
29269 : 001;
29270 : 110;
29271 : 001;
29272 : 110;
29273 : 101;
29274 : 000;
29275 : 010;
29276 : 101;
29277 : 000;
29278 : 110;
29279 : 000;
29280 : 110;
29281 : 101;
29282 : 010;
29283 : 101;
29284 : 100;
29285 : 000;
29286 : 111;
29287 : 100;
29288 : 010;
29289 : 100;
29290 : 010;
29291 : 101;
29292 : 000;
29293 : 110;
29294 : 000;
29295 : 100;
29296 : 111;
29297 : 000;
29298 : 111;
29299 : 000;
29300 : 111;
29301 : 100;
29302 : 011;
29303 : 100;
29304 : 011;
29305 : 100;
29306 : 111;
29307 : 100;
29308 : 011;
29309 : 100;
29310 : 111;
29311 : 000;
29312 : 111;
29313 : 000;
29314 : 110;
29315 : 001;
29316 : 110;
29317 : 001;
29318 : 110;
29319 : 001;
29320 : 110;
29321 : 001;
29322 : 100;
29323 : 010;
29324 : 101;
29325 : 110;
29326 : 000;
29327 : 110;
29328 : 101;
29329 : 010;
29330 : 100;
29331 : 111;
29332 : 100;
29333 : 011;
29334 : 100;
29335 : 000;
29336 : 000;
29337 : 000;
29338 : 100;
29339 : 000;
29340 : 100;
29341 : 010;
29342 : 001;
29343 : 110;
29344 : 000;
29345 : 110;
29346 : 101;
29347 : 110;
29348 : 101;
29349 : 010;
29350 : 101;
29351 : 010;
29352 : 100;
29353 : 001;
29354 : 110;
29355 : 100;
29356 : 011;
29357 : 100;
29358 : 010;
29359 : 100;
29360 : 011;
29361 : 100;
29362 : 100;
29363 : 010;
29364 : 000;
29365 : 001;
29366 : 010;
29367 : 100;
29368 : 001;
29369 : 100;
29370 : 010;
29371 : 000;
29372 : 101;
29373 : 111;
29374 : 111;
29375 : 111;
29376 : 111;
29377 : 111;
29378 : 111;
29379 : 111;
29380 : 111;
29381 : 100;
29382 : 110;
29383 : 101;
29384 : 111;
29385 : 111;
29386 : 100;
29387 : 010;
29388 : 100;
29389 : 011;
29390 : 000;
29391 : 111;
29392 : 000;
29393 : 100;
29394 : 000;
29395 : 000;
29396 : 110;
29397 : 001;
29398 : 110;
29399 : 001;
29400 : 100;
29401 : 011;
29402 : 000;
29403 : 000;
29404 : 000;
29405 : 101;
29406 : 010;
29407 : 000;
29408 : 000;
29409 : 001;
29410 : 010;
29411 : 100;
29412 : 010;
29413 : 101;
29414 : 010;
29415 : 101;
29416 : 010;
29417 : 000;
29418 : 001;
29419 : 100;
29420 : 010;
29421 : 001;
29422 : 000;
29423 : 100;
29424 : 000;
29425 : 001;
29426 : 010;
29427 : 100;
29428 : 000;
29429 : 001;
29430 : 000;
29431 : 000;
29432 : 000;
29433 : 000;
29434 : 000;
29435 : 001;
29436 : 010;
29437 : 001;
29438 : 100;
29439 : 000;
29440 : 100;
29441 : 010;
29442 : 101;
29443 : 000;
29444 : 100;
29445 : 010;
29446 : 100;
29447 : 010;
29448 : 100;
29449 : 100;
29450 : 110;
29451 : 000;
29452 : 100;
29453 : 110;
29454 : 000;
29455 : 110;
29456 : 100;
29457 : 100;
29458 : 000;
29459 : 000;
29460 : 100;
29461 : 011;
29462 : 100;
29463 : 000;
29464 : 000;
29465 : 000;
29466 : 100;
29467 : 000;
29468 : 000;
29469 : 000;
29470 : 001;
29471 : 000;
29472 : 100;
29473 : 000;
29474 : 000;
29475 : 000;
29476 : 010;
29477 : 000;
29478 : 000;
29479 : 000;
29480 : 100;
29481 : 000;
29482 : 010;
29483 : 100;
29484 : 000;
29485 : 100;
29486 : 000;
29487 : 000;
29488 : 000;
29489 : 000;
29490 : 000;
29491 : 100;
29492 : 000;
29493 : 000;
29494 : 000;
29495 : 000;
29496 : 101;
29497 : 000;
29498 : 100;
29499 : 000;
29500 : 000;
29501 : 100;
29502 : 001;
29503 : 000;
29504 : 100;
29505 : 010;
29506 : 000;
29507 : 000;
29508 : 111;
29509 : 100;
29510 : 010;
29511 : 000;
29512 : 000;
29513 : 000;
29514 : 100;
29515 : 000;
29516 : 010;
29517 : 100;
29518 : 000;
29519 : 000;
29520 : 000;
29521 : 000;
29522 : 001;
29523 : 100;
29524 : 000;
29525 : 001;
29526 : 000;
29527 : 000;
29528 : 000;
29529 : 000;
29530 : 000;
29531 : 100;
29532 : 000;
29533 : 000;
29534 : 000;
29535 : 000;
29536 : 000;
29537 : 000;
29538 : 000;
29539 : 000;
29540 : 000;
29541 : 000;
29542 : 000;
29543 : 010;
29544 : 000;
29545 : 000;
29546 : 000;
29547 : 001;
29548 : 000;
29549 : 000;
29550 : 111;
29551 : 000;
29552 : 000;
29553 : 000;
29554 : 000;
29555 : 000;
29556 : 000;
29557 : 000;
29558 : 100;
29559 : 000;
29560 : 000;
29561 : 100;
29562 : 000;
29563 : 111;
29564 : 101;
29565 : 100;
29566 : 011;
29567 : 100;
29568 : 111;
29569 : 100;
29570 : 011;
29571 : 111;
29572 : 001;
29573 : 111;
29574 : 110;
29575 : 101;
29576 : 111;
29577 : 111;
29578 : 100;
29579 : 111;
29580 : 101;
29581 : 010;
29582 : 101;
29583 : 110;
29584 : 101;
29585 : 000;
29586 : 111;
29587 : 000;
29588 : 111;
29589 : 000;
29590 : 111;
29591 : 100;
29592 : 011;
29593 : 100;
29594 : 110;
29595 : 101;
29596 : 010;
29597 : 100;
29598 : 101;
29599 : 110;
29600 : 101;
29601 : 000;
29602 : 110;
29603 : 000;
29604 : 110;
29605 : 000;
29606 : 100;
29607 : 001;
29608 : 100;
29609 : 001;
29610 : 100;
29611 : 010;
29612 : 100;
29613 : 000;
29614 : 000;
29615 : 111;
29616 : 000;
29617 : 111;
29618 : 100;
29619 : 111;
29620 : 000;
29621 : 111;
29622 : 110;
29623 : 101;
29624 : 110;
29625 : 001;
29626 : 110;
29627 : 001;
29628 : 110;
29629 : 001;
29630 : 110;
29631 : 100;
29632 : 011;
29633 : 100;
29634 : 011;
29635 : 100;
29636 : 001;
29637 : 110;
29638 : 000;
29639 : 111;
29640 : 000;
29641 : 100;
29642 : 011;
29643 : 100;
29644 : 110;
29645 : 101;
29646 : 111;
29647 : 000;
29648 : 110;
29649 : 101;
29650 : 110;
29651 : 000;
29652 : 111;
29653 : 000;
29654 : 000;
29655 : 000;
29656 : 000;
29657 : 111;
29658 : 000;
29659 : 111;
29660 : 000;
29661 : 100;
29662 : 110;
29663 : 101;
29664 : 100;
29665 : 011;
29666 : 100;
29667 : 010;
29668 : 101;
29669 : 110;
29670 : 100;
29671 : 111;
29672 : 100;
29673 : 010;
29674 : 101;
29675 : 010;
29676 : 100;
29677 : 100;
29678 : 001;
29679 : 110;
29680 : 100;
29681 : 111;
29682 : 000;
29683 : 101;
29684 : 000;
29685 : 100;
29686 : 000;
29687 : 011;
29688 : 000;
29689 : 000;
29690 : 101;
29691 : 010;
29692 : 100;
29693 : 111;
29694 : 110;
29695 : 111;
29696 : 111;
29697 : 111;
29698 : 111;
29699 : 111;
29700 : 111;
29701 : 110;
29702 : 111;
29703 : 111;
29704 : 110;
29705 : 111;
29706 : 110;
29707 : 000;
29708 : 101;
29709 : 000;
29710 : 110;
29711 : 000;
29712 : 111;
29713 : 000;
29714 : 000;
29715 : 001;
29716 : 100;
29717 : 010;
29718 : 000;
29719 : 000;
29720 : 000;
29721 : 000;
29722 : 100;
29723 : 011;
29724 : 000;
29725 : 000;
29726 : 001;
29727 : 100;
29728 : 011;
29729 : 100;
29730 : 000;
29731 : 001;
29732 : 000;
29733 : 000;
29734 : 101;
29735 : 010;
29736 : 000;
29737 : 100;
29738 : 010;
29739 : 001;
29740 : 000;
29741 : 000;
29742 : 010;
29743 : 001;
29744 : 000;
29745 : 000;
29746 : 000;
29747 : 011;
29748 : 000;
29749 : 110;
29750 : 000;
29751 : 011;
29752 : 000;
29753 : 100;
29754 : 010;
29755 : 000;
29756 : 100;
29757 : 000;
29758 : 010;
29759 : 000;
29760 : 111;
29761 : 110;
29762 : 111;
29763 : 110;
29764 : 111;
29765 : 111;
29766 : 111;
29767 : 111;
29768 : 111;
29769 : 111;
29770 : 101;
29771 : 110;
29772 : 111;
29773 : 111;
29774 : 111;
29775 : 100;
29776 : 111;
29777 : 110;
29778 : 111;
29779 : 100;
29780 : 010;
29781 : 100;
29782 : 000;
29783 : 111;
29784 : 000;
29785 : 110;
29786 : 011;
29787 : 000;
29788 : 100;
29789 : 010;
29790 : 000;
29791 : 000;
29792 : 000;
29793 : 000;
29794 : 000;
29795 : 100;
29796 : 000;
29797 : 000;
29798 : 100;
29799 : 000;
29800 : 010;
29801 : 000;
29802 : 101;
29803 : 000;
29804 : 000;
29805 : 000;
29806 : 000;
29807 : 000;
29808 : 000;
29809 : 000;
29810 : 000;
29811 : 001;
29812 : 000;
29813 : 000;
29814 : 100;
29815 : 010;
29816 : 000;
29817 : 000;
29818 : 000;
29819 : 000;
29820 : 000;
29821 : 010;
29822 : 000;
29823 : 000;
29824 : 000;
29825 : 000;
29826 : 101;
29827 : 000;
29828 : 000;
29829 : 000;
29830 : 000;
29831 : 000;
29832 : 100;
29833 : 010;
29834 : 000;
29835 : 001;
29836 : 100;
29837 : 000;
29838 : 000;
29839 : 000;
29840 : 001;
29841 : 100;
29842 : 000;
29843 : 010;
29844 : 000;
29845 : 000;
29846 : 000;
29847 : 000;
29848 : 000;
29849 : 100;
29850 : 000;
29851 : 000;
29852 : 000;
29853 : 000;
29854 : 000;
29855 : 000;
29856 : 000;
29857 : 000;
29858 : 000;
29859 : 000;
29860 : 000;
29861 : 000;
29862 : 001;
29863 : 000;
29864 : 000;
29865 : 000;
29866 : 000;
29867 : 000;
29868 : 000;
29869 : 000;
29870 : 000;
29871 : 110;
29872 : 000;
29873 : 100;
29874 : 000;
29875 : 000;
29876 : 000;
29877 : 011;
29878 : 000;
29879 : 110;
29880 : 000;
29881 : 000;
29882 : 000;
29883 : 111;
29884 : 110;
29885 : 111;
29886 : 111;
29887 : 110;
29888 : 001;
29889 : 111;
29890 : 100;
29891 : 111;
29892 : 100;
29893 : 011;
29894 : 101;
29895 : 010;
29896 : 101;
29897 : 010;
29898 : 101;
29899 : 010;
29900 : 111;
29901 : 101;
29902 : 110;
29903 : 001;
29904 : 110;
29905 : 101;
29906 : 010;
29907 : 100;
29908 : 001;
29909 : 110;
29910 : 001;
29911 : 111;
29912 : 100;
29913 : 011;
29914 : 000;
29915 : 100;
29916 : 100;
29917 : 011;
29918 : 100;
29919 : 000;
29920 : 110;
29921 : 101;
29922 : 100;
29923 : 011;
29924 : 100;
29925 : 001;
29926 : 110;
29927 : 000;
29928 : 110;
29929 : 000;
29930 : 110;
29931 : 000;
29932 : 000;
29933 : 101;
29934 : 010;
29935 : 101;
29936 : 110;
29937 : 001;
29938 : 110;
29939 : 001;
29940 : 110;
29941 : 001;
29942 : 110;
29943 : 001;
29944 : 110;
29945 : 101;
29946 : 010;
29947 : 100;
29948 : 111;
29949 : 100;
29950 : 011;
29951 : 100;
29952 : 111;
29953 : 000;
29954 : 101;
29955 : 110;
29956 : 000;
29957 : 111;
29958 : 100;
29959 : 001;
29960 : 110;
29961 : 101;
29962 : 110;
29963 : 001;
29964 : 100;
29965 : 010;
29966 : 100;
29967 : 111;
29968 : 100;
29969 : 011;
29970 : 100;
29971 : 000;
29972 : 000;
29973 : 100;
29974 : 000;
29975 : 111;
29976 : 000;
29977 : 100;
29978 : 000;
29979 : 000;
29980 : 110;
29981 : 001;
29982 : 000;
29983 : 000;
29984 : 110;
29985 : 100;
29986 : 111;
29987 : 100;
29988 : 110;
29989 : 001;
29990 : 110;
29991 : 001;
29992 : 110;
29993 : 101;
29994 : 010;
29995 : 101;
29996 : 110;
29997 : 011;
29998 : 100;
29999 : 100;
30000 : 011;
30001 : 100;
30002 : 110;
30003 : 000;
30004 : 010;
30005 : 001;
30006 : 100;
30007 : 000;
30008 : 110;
30009 : 000;
30010 : 000;
30011 : 000;
30012 : 111;
30013 : 110;
30014 : 111;
30015 : 111;
30016 : 111;
30017 : 111;
30018 : 111;
30019 : 111;
30020 : 111;
30021 : 110;
30022 : 101;
30023 : 110;
30024 : 111;
30025 : 111;
30026 : 100;
30027 : 000;
30028 : 110;
30029 : 001;
30030 : 110;
30031 : 001;
30032 : 000;
30033 : 110;
30034 : 000;
30035 : 010;
30036 : 000;
30037 : 101;
30038 : 000;
30039 : 111;
30040 : 000;
30041 : 011;
30042 : 000;
30043 : 000;
30044 : 101;
30045 : 010;
30046 : 000;
30047 : 000;
30048 : 000;
30049 : 011;
30050 : 100;
30051 : 000;
30052 : 111;
30053 : 000;
30054 : 000;
30055 : 000;
30056 : 001;
30057 : 000;
30058 : 000;
30059 : 000;
30060 : 100;
30061 : 001;
30062 : 100;
30063 : 010;
30064 : 101;
30065 : 010;
30066 : 101;
30067 : 000;
30068 : 000;
30069 : 001;
30070 : 000;
30071 : 100;
30072 : 000;
30073 : 001;
30074 : 000;
30075 : 001;
30076 : 000;
30077 : 000;
30078 : 001;
30079 : 100;
30080 : 111;
30081 : 111;
30082 : 111;
30083 : 111;
30084 : 111;
30085 : 111;
30086 : 111;
30087 : 111;
30088 : 111;
30089 : 111;
30090 : 111;
30091 : 111;
30092 : 111;
30093 : 111;
30094 : 111;
30095 : 111;
30096 : 111;
30097 : 111;
30098 : 111;
30099 : 111;
30100 : 111;
30101 : 111;
30102 : 110;
30103 : 100;
30104 : 000;
30105 : 101;
30106 : 100;
30107 : 000;
30108 : 000;
30109 : 000;
30110 : 000;
30111 : 000;
30112 : 000;
30113 : 110;
30114 : 000;
30115 : 000;
30116 : 000;
30117 : 000;
30118 : 000;
30119 : 000;
30120 : 000;
30121 : 000;
30122 : 000;
30123 : 000;
30124 : 000;
30125 : 000;
30126 : 000;
30127 : 000;
30128 : 000;
30129 : 000;
30130 : 000;
30131 : 100;
30132 : 000;
30133 : 000;
30134 : 010;
30135 : 101;
30136 : 100;
30137 : 010;
30138 : 111;
30139 : 000;
30140 : 100;
30141 : 000;
30142 : 110;
30143 : 000;
30144 : 101;
30145 : 000;
30146 : 000;
30147 : 010;
30148 : 000;
30149 : 100;
30150 : 000;
30151 : 010;
30152 : 000;
30153 : 000;
30154 : 000;
30155 : 100;
30156 : 010;
30157 : 000;
30158 : 000;
30159 : 000;
30160 : 000;
30161 : 010;
30162 : 000;
30163 : 000;
30164 : 000;
30165 : 000;
30166 : 000;
30167 : 000;
30168 : 000;
30169 : 000;
30170 : 000;
30171 : 000;
30172 : 000;
30173 : 001;
30174 : 000;
30175 : 000;
30176 : 001;
30177 : 000;
30178 : 000;
30179 : 000;
30180 : 001;
30181 : 010;
30182 : 000;
30183 : 000;
30184 : 000;
30185 : 000;
30186 : 000;
30187 : 000;
30188 : 000;
30189 : 000;
30190 : 000;
30191 : 000;
30192 : 001;
30193 : 010;
30194 : 000;
30195 : 000;
30196 : 100;
30197 : 000;
30198 : 000;
30199 : 001;
30200 : 000;
30201 : 000;
30202 : 110;
30203 : 111;
30204 : 101;
30205 : 110;
30206 : 101;
30207 : 111;
30208 : 110;
30209 : 111;
30210 : 011;
30211 : 100;
30212 : 111;
30213 : 110;
30214 : 001;
30215 : 111;
30216 : 110;
30217 : 111;
30218 : 101;
30219 : 110;
30220 : 001;
30221 : 110;
30222 : 111;
30223 : 100;
30224 : 011;
30225 : 110;
30226 : 001;
30227 : 110;
30228 : 101;
30229 : 010;
30230 : 100;
30231 : 011;
30232 : 100;
30233 : 111;
30234 : 111;
30235 : 011;
30236 : 100;
30237 : 000;
30238 : 110;
30239 : 001;
30240 : 100;
30241 : 010;
30242 : 000;
30243 : 100;
30244 : 000;
30245 : 110;
30246 : 000;
30247 : 100;
30248 : 000;
30249 : 011;
30250 : 100;
30251 : 000;
30252 : 000;
30253 : 110;
30254 : 101;
30255 : 010;
30256 : 101;
30257 : 110;
30258 : 001;
30259 : 110;
30260 : 101;
30261 : 110;
30262 : 001;
30263 : 110;
30264 : 001;
30265 : 110;
30266 : 101;
30267 : 010;
30268 : 101;
30269 : 010;
30270 : 101;
30271 : 010;
30272 : 100;
30273 : 011;
30274 : 100;
30275 : 011;
30276 : 100;
30277 : 001;
30278 : 110;
30279 : 001;
30280 : 110;
30281 : 001;
30282 : 100;
30283 : 010;
30284 : 101;
30285 : 000;
30286 : 111;
30287 : 000;
30288 : 111;
30289 : 100;
30290 : 010;
30291 : 101;
30292 : 000;
30293 : 111;
30294 : 000;
30295 : 100;
30296 : 000;
30297 : 000;
30298 : 000;
30299 : 001;
30300 : 110;
30301 : 000;
30302 : 100;
30303 : 111;
30304 : 000;
30305 : 111;
30306 : 000;
30307 : 111;
30308 : 000;
30309 : 111;
30310 : 100;
30311 : 110;
30312 : 001;
30313 : 110;
30314 : 100;
30315 : 111;
30316 : 100;
30317 : 100;
30318 : 011;
30319 : 100;
30320 : 110;
30321 : 001;
30322 : 110;
30323 : 001;
30324 : 100;
30325 : 000;
30326 : 010;
30327 : 101;
30328 : 000;
30329 : 001;
30330 : 110;
30331 : 000;
30332 : 100;
30333 : 111;
30334 : 111;
30335 : 111;
30336 : 111;
30337 : 111;
30338 : 111;
30339 : 111;
30340 : 111;
30341 : 110;
30342 : 011;
30343 : 111;
30344 : 110;
30345 : 111;
30346 : 110;
30347 : 001;
30348 : 000;
30349 : 100;
30350 : 001;
30351 : 110;
30352 : 000;
30353 : 001;
30354 : 100;
30355 : 000;
30356 : 001;
30357 : 110;
30358 : 000;
30359 : 000;
30360 : 000;
30361 : 100;
30362 : 001;
30363 : 010;
30364 : 000;
30365 : 100;
30366 : 001;
30367 : 110;
30368 : 000;
30369 : 000;
30370 : 001;
30371 : 010;
30372 : 000;
30373 : 000;
30374 : 011;
30375 : 100;
30376 : 000;
30377 : 011;
30378 : 100;
30379 : 011;
30380 : 000;
30381 : 010;
30382 : 001;
30383 : 000;
30384 : 000;
30385 : 000;
30386 : 000;
30387 : 000;
30388 : 110;
30389 : 000;
30390 : 000;
30391 : 001;
30392 : 010;
30393 : 000;
30394 : 100;
30395 : 010;
30396 : 000;
30397 : 101;
30398 : 010;
30399 : 000;
30400 : 111;
30401 : 111;
30402 : 111;
30403 : 111;
30404 : 111;
30405 : 111;
30406 : 111;
30407 : 111;
30408 : 111;
30409 : 111;
30410 : 111;
30411 : 111;
30412 : 111;
30413 : 111;
30414 : 111;
30415 : 111;
30416 : 111;
30417 : 111;
30418 : 111;
30419 : 111;
30420 : 111;
30421 : 111;
30422 : 111;
30423 : 111;
30424 : 000;
30425 : 110;
30426 : 011;
30427 : 000;
30428 : 000;
30429 : 101;
30430 : 000;
30431 : 100;
30432 : 000;
30433 : 001;
30434 : 000;
30435 : 000;
30436 : 001;
30437 : 110;
30438 : 000;
30439 : 000;
30440 : 001;
30441 : 000;
30442 : 000;
30443 : 000;
30444 : 000;
30445 : 110;
30446 : 000;
30447 : 000;
30448 : 000;
30449 : 000;
30450 : 000;
30451 : 010;
30452 : 000;
30453 : 000;
30454 : 000;
30455 : 000;
30456 : 000;
30457 : 101;
30458 : 100;
30459 : 000;
30460 : 010;
30461 : 001;
30462 : 000;
30463 : 000;
30464 : 000;
30465 : 010;
30466 : 000;
30467 : 100;
30468 : 000;
30469 : 000;
30470 : 000;
30471 : 001;
30472 : 000;
30473 : 000;
30474 : 100;
30475 : 001;
30476 : 000;
30477 : 000;
30478 : 001;
30479 : 000;
30480 : 000;
30481 : 000;
30482 : 000;
30483 : 000;
30484 : 000;
30485 : 000;
30486 : 000;
30487 : 001;
30488 : 000;
30489 : 000;
30490 : 000;
30491 : 001;
30492 : 000;
30493 : 000;
30494 : 000;
30495 : 010;
30496 : 000;
30497 : 000;
30498 : 000;
30499 : 010;
30500 : 000;
30501 : 000;
30502 : 000;
30503 : 000;
30504 : 000;
30505 : 000;
30506 : 000;
30507 : 000;
30508 : 000;
30509 : 000;
30510 : 000;
30511 : 110;
30512 : 000;
30513 : 000;
30514 : 100;
30515 : 000;
30516 : 000;
30517 : 001;
30518 : 110;
30519 : 000;
30520 : 100;
30521 : 000;
30522 : 000;
30523 : 111;
30524 : 110;
30525 : 011;
30526 : 110;
30527 : 001;
30528 : 111;
30529 : 100;
30530 : 111;
30531 : 011;
30532 : 101;
30533 : 111;
30534 : 110;
30535 : 101;
30536 : 011;
30537 : 100;
30538 : 011;
30539 : 100;
30540 : 111;
30541 : 000;
30542 : 111;
30543 : 111;
30544 : 000;
30545 : 111;
30546 : 100;
30547 : 011;
30548 : 100;
30549 : 011;
30550 : 101;
30551 : 110;
30552 : 001;
30553 : 110;
30554 : 001;
30555 : 110;
30556 : 001;
30557 : 100;
30558 : 000;
30559 : 000;
30560 : 000;
30561 : 100;
30562 : 000;
30563 : 111;
30564 : 000;
30565 : 000;
30566 : 000;
30567 : 011;
30568 : 100;
30569 : 000;
30570 : 000;
30571 : 000;
30572 : 111;
30573 : 000;
30574 : 111;
30575 : 100;
30576 : 011;
30577 : 100;
30578 : 111;
30579 : 000;
30580 : 111;
30581 : 000;
30582 : 111;
30583 : 100;
30584 : 111;
30585 : 000;
30586 : 111;
30587 : 000;
30588 : 111;
30589 : 100;
30590 : 010;
30591 : 101;
30592 : 000;
30593 : 110;
30594 : 001;
30595 : 100;
30596 : 010;
30597 : 101;
30598 : 010;
30599 : 100;
30600 : 011;
30601 : 100;
30602 : 000;
30603 : 000;
30604 : 000;
30605 : 000;
30606 : 000;
30607 : 000;
30608 : 100;
30609 : 001;
30610 : 110;
30611 : 000;
30612 : 110;
30613 : 100;
30614 : 010;
30615 : 100;
30616 : 000;
30617 : 010;
30618 : 100;
30619 : 000;
30620 : 100;
30621 : 011;
30622 : 100;
30623 : 010;
30624 : 101;
30625 : 100;
30626 : 110;
30627 : 100;
30628 : 111;
30629 : 100;
30630 : 011;
30631 : 100;
30632 : 110;
30633 : 101;
30634 : 010;
30635 : 100;
30636 : 011;
30637 : 100;
30638 : 110;
30639 : 001;
30640 : 100;
30641 : 110;
30642 : 100;
30643 : 000;
30644 : 000;
30645 : 000;
30646 : 111;
30647 : 000;
30648 : 110;
30649 : 000;
30650 : 001;
30651 : 110;
30652 : 001;
30653 : 110;
30654 : 111;
30655 : 111;
30656 : 111;
30657 : 111;
30658 : 111;
30659 : 110;
30660 : 111;
30661 : 000;
30662 : 100;
30663 : 111;
30664 : 100;
30665 : 111;
30666 : 100;
30667 : 000;
30668 : 110;
30669 : 000;
30670 : 010;
30671 : 001;
30672 : 100;
30673 : 010;
30674 : 000;
30675 : 000;
30676 : 110;
30677 : 001;
30678 : 000;
30679 : 011;
30680 : 000;
30681 : 000;
30682 : 100;
30683 : 000;
30684 : 001;
30685 : 010;
30686 : 000;
30687 : 000;
30688 : 001;
30689 : 110;
30690 : 000;
30691 : 000;
30692 : 101;
30693 : 000;
30694 : 000;
30695 : 000;
30696 : 000;
30697 : 000;
30698 : 000;
30699 : 100;
30700 : 001;
30701 : 000;
30702 : 100;
30703 : 010;
30704 : 001;
30705 : 100;
30706 : 010;
30707 : 001;
30708 : 000;
30709 : 001;
30710 : 110;
30711 : 000;
30712 : 000;
30713 : 001;
30714 : 000;
30715 : 001;
30716 : 000;
30717 : 000;
30718 : 000;
30719 : 000;
30720 : 111;
30721 : 111;
30722 : 111;
30723 : 111;
30724 : 111;
30725 : 111;
30726 : 111;
30727 : 111;
30728 : 111;
30729 : 111;
30730 : 111;
30731 : 111;
30732 : 111;
30733 : 111;
30734 : 111;
30735 : 111;
30736 : 110;
30737 : 111;
30738 : 110;
30739 : 111;
30740 : 100;
30741 : 111;
30742 : 100;
30743 : 110;
30744 : 000;
30745 : 100;
30746 : 110;
30747 : 000;
30748 : 000;
30749 : 010;
30750 : 000;
30751 : 010;
30752 : 000;
30753 : 000;
30754 : 110;
30755 : 000;
30756 : 000;
30757 : 000;
30758 : 000;
30759 : 000;
30760 : 100;
30761 : 000;
30762 : 000;
30763 : 000;
30764 : 000;
30765 : 001;
30766 : 000;
30767 : 000;
30768 : 000;
30769 : 000;
30770 : 000;
30771 : 000;
30772 : 000;
30773 : 000;
30774 : 101;
30775 : 010;
30776 : 000;
30777 : 010;
30778 : 000;
30779 : 000;
30780 : 000;
30781 : 100;
30782 : 000;
30783 : 000;
30784 : 000;
30785 : 100;
30786 : 000;
30787 : 000;
30788 : 000;
30789 : 000;
30790 : 110;
30791 : 000;
30792 : 000;
30793 : 000;
30794 : 010;
30795 : 000;
30796 : 000;
30797 : 000;
30798 : 000;
30799 : 000;
30800 : 000;
30801 : 000;
30802 : 000;
30803 : 001;
30804 : 000;
30805 : 000;
30806 : 100;
30807 : 000;
30808 : 010;
30809 : 000;
30810 : 000;
30811 : 000;
30812 : 000;
30813 : 010;
30814 : 100;
30815 : 000;
30816 : 101;
30817 : 110;
30818 : 000;
30819 : 101;
30820 : 000;
30821 : 100;
30822 : 000;
30823 : 000;
30824 : 100;
30825 : 000;
30826 : 000;
30827 : 000;
30828 : 010;
30829 : 000;
30830 : 000;
30831 : 000;
30832 : 100;
30833 : 000;
30834 : 000;
30835 : 000;
30836 : 000;
30837 : 000;
30838 : 000;
30839 : 000;
30840 : 000;
30841 : 000;
30842 : 111;
30843 : 111;
30844 : 101;
30845 : 111;
30846 : 101;
30847 : 110;
30848 : 011;
30849 : 111;
30850 : 100;
30851 : 111;
30852 : 010;
30853 : 101;
30854 : 010;
30855 : 111;
30856 : 100;
30857 : 111;
30858 : 111;
30859 : 010;
30860 : 101;
30861 : 111;
30862 : 100;
30863 : 011;
30864 : 100;
30865 : 111;
30866 : 100;
30867 : 011;
30868 : 100;
30869 : 110;
30870 : 001;
30871 : 110;
30872 : 001;
30873 : 110;
30874 : 101;
30875 : 110;
30876 : 111;
30877 : 011;
30878 : 110;
30879 : 101;
30880 : 010;
30881 : 000;
30882 : 000;
30883 : 000;
30884 : 000;
30885 : 100;
30886 : 000;
30887 : 000;
30888 : 000;
30889 : 100;
30890 : 010;
30891 : 101;
30892 : 110;
30893 : 101;
30894 : 010;
30895 : 101;
30896 : 110;
30897 : 001;
30898 : 110;
30899 : 101;
30900 : 010;
30901 : 111;
30902 : 100;
30903 : 011;
30904 : 100;
30905 : 111;
30906 : 000;
30907 : 110;
30908 : 001;
30909 : 110;
30910 : 101;
30911 : 010;
30912 : 101;
30913 : 110;
30914 : 000;
30915 : 111;
30916 : 000;
30917 : 111;
30918 : 100;
30919 : 011;
30920 : 100;
30921 : 010;
30922 : 000;
30923 : 000;
30924 : 110;
30925 : 000;
30926 : 100;
30927 : 000;
30928 : 010;
30929 : 100;
30930 : 101;
30931 : 110;
30932 : 001;
30933 : 110;
30934 : 101;
30935 : 010;
30936 : 101;
30937 : 000;
30938 : 101;
30939 : 010;
30940 : 100;
30941 : 101;
30942 : 110;
30943 : 101;
30944 : 010;
30945 : 101;
30946 : 010;
30947 : 101;
30948 : 010;
30949 : 100;
30950 : 111;
30951 : 100;
30952 : 011;
30953 : 100;
30954 : 111;
30955 : 000;
30956 : 110;
30957 : 101;
30958 : 010;
30959 : 100;
30960 : 111;
30961 : 000;
30962 : 111;
30963 : 000;
30964 : 111;
30965 : 000;
30966 : 100;
30967 : 000;
30968 : 011;
30969 : 100;
30970 : 010;
30971 : 100;
30972 : 110;
30973 : 101;
30974 : 110;
30975 : 100;
30976 : 110;
30977 : 110;
30978 : 111;
30979 : 100;
30980 : 010;
30981 : 101;
30982 : 110;
30983 : 110;
30984 : 101;
30985 : 110;
30986 : 011;
30987 : 100;
30988 : 000;
30989 : 001;
30990 : 100;
30991 : 010;
30992 : 101;
30993 : 000;
30994 : 000;
30995 : 001;
30996 : 000;
30997 : 110;
30998 : 001;
30999 : 100;
31000 : 000;
31001 : 011;
31002 : 000;
31003 : 010;
31004 : 100;
31005 : 000;
31006 : 001;
31007 : 100;
31008 : 000;
31009 : 000;
31010 : 001;
31011 : 000;
31012 : 010;
31013 : 000;
31014 : 101;
31015 : 010;
31016 : 101;
31017 : 010;
31018 : 001;
31019 : 000;
31020 : 010;
31021 : 000;
31022 : 001;
31023 : 000;
31024 : 000;
31025 : 000;
31026 : 000;
31027 : 100;
31028 : 000;
31029 : 000;
31030 : 000;
31031 : 001;
31032 : 100;
31033 : 010;
31034 : 000;
31035 : 100;
31036 : 010;
31037 : 000;
31038 : 101;
31039 : 000;
31040 : 110;
31041 : 100;
31042 : 100;
31043 : 111;
31044 : 110;
31045 : 100;
31046 : 110;
31047 : 100;
31048 : 110;
31049 : 100;
31050 : 110;
31051 : 100;
31052 : 010;
31053 : 100;
31054 : 110;
31055 : 000;
31056 : 100;
31057 : 110;
31058 : 000;
31059 : 100;
31060 : 010;
31061 : 100;
31062 : 010;
31063 : 101;
31064 : 010;
31065 : 001;
31066 : 100;
31067 : 001;
31068 : 100;
31069 : 000;
31070 : 100;
31071 : 000;
31072 : 100;
31073 : 000;
31074 : 001;
31075 : 100;
31076 : 000;
31077 : 000;
31078 : 101;
31079 : 000;
31080 : 000;
31081 : 000;
31082 : 110;
31083 : 000;
31084 : 000;
31085 : 000;
31086 : 000;
31087 : 000;
31088 : 000;
31089 : 000;
31090 : 000;
31091 : 000;
31092 : 000;
31093 : 000;
31094 : 000;
31095 : 100;
31096 : 000;
31097 : 000;
31098 : 101;
31099 : 000;
31100 : 000;
31101 : 000;
31102 : 000;
31103 : 000;
31104 : 000;
31105 : 000;
31106 : 000;
31107 : 000;
31108 : 000;
31109 : 000;
31110 : 000;
31111 : 000;
31112 : 100;
31113 : 000;
31114 : 101;
31115 : 000;
31116 : 000;
31117 : 000;
31118 : 100;
31119 : 000;
31120 : 000;
31121 : 000;
31122 : 100;
31123 : 000;
31124 : 000;
31125 : 000;
31126 : 000;
31127 : 000;
31128 : 000;
31129 : 000;
31130 : 000;
31131 : 010;
31132 : 101;
31133 : 100;
31134 : 011;
31135 : 110;
31136 : 100;
31137 : 011;
31138 : 100;
31139 : 110;
31140 : 000;
31141 : 111;
31142 : 000;
31143 : 110;
31144 : 001;
31145 : 000;
31146 : 000;
31147 : 000;
31148 : 100;
31149 : 000;
31150 : 000;
31151 : 000;
31152 : 111;
31153 : 000;
31154 : 000;
31155 : 000;
31156 : 010;
31157 : 100;
31158 : 011;
31159 : 100;
31160 : 000;
31161 : 000;
31162 : 111;
31163 : 110;
31164 : 111;
31165 : 110;
31166 : 011;
31167 : 101;
31168 : 110;
31169 : 101;
31170 : 011;
31171 : 100;
31172 : 111;
31173 : 111;
31174 : 100;
31175 : 111;
31176 : 011;
31177 : 100;
31178 : 111;
31179 : 101;
31180 : 110;
31181 : 011;
31182 : 110;
31183 : 101;
31184 : 110;
31185 : 011;
31186 : 100;
31187 : 111;
31188 : 000;
31189 : 111;
31190 : 000;
31191 : 111;
31192 : 100;
31193 : 011;
31194 : 101;
31195 : 010;
31196 : 101;
31197 : 100;
31198 : 011;
31199 : 100;
31200 : 111;
31201 : 101;
31202 : 110;
31203 : 000;
31204 : 111;
31205 : 000;
31206 : 100;
31207 : 010;
31208 : 101;
31209 : 110;
31210 : 101;
31211 : 010;
31212 : 101;
31213 : 010;
31214 : 101;
31215 : 010;
31216 : 101;
31217 : 110;
31218 : 001;
31219 : 110;
31220 : 101;
31221 : 010;
31222 : 101;
31223 : 110;
31224 : 000;
31225 : 111;
31226 : 100;
31227 : 001;
31228 : 110;
31229 : 001;
31230 : 110;
31231 : 101;
31232 : 000;
31233 : 111;
31234 : 000;
31235 : 101;
31236 : 010;
31237 : 100;
31238 : 011;
31239 : 100;
31240 : 001;
31241 : 111;
31242 : 100;
31243 : 001;
31244 : 000;
31245 : 000;
31246 : 011;
31247 : 000;
31248 : 100;
31249 : 000;
31250 : 011;
31251 : 100;
31252 : 111;
31253 : 000;
31254 : 100;
31255 : 101;
31256 : 010;
31257 : 100;
31258 : 010;
31259 : 101;
31260 : 010;
31261 : 100;
31262 : 011;
31263 : 100;
31264 : 110;
31265 : 101;
31266 : 110;
31267 : 100;
31268 : 111;
31269 : 000;
31270 : 110;
31271 : 101;
31272 : 110;
31273 : 000;
31274 : 110;
31275 : 101;
31276 : 110;
31277 : 000;
31278 : 111;
31279 : 100;
31280 : 110;
31281 : 101;
31282 : 000;
31283 : 110;
31284 : 000;
31285 : 000;
31286 : 011;
31287 : 100;
31288 : 000;
31289 : 100;
31290 : 001;
31291 : 000;
31292 : 000;
31293 : 000;
31294 : 010;
31295 : 001;
31296 : 110;
31297 : 001;
31298 : 110;
31299 : 101;
31300 : 110;
31301 : 000;
31302 : 000;
31303 : 001;
31304 : 010;
31305 : 100;
31306 : 000;
31307 : 000;
31308 : 000;
31309 : 110;
31310 : 001;
31311 : 000;
31312 : 010;
31313 : 101;
31314 : 000;
31315 : 000;
31316 : 100;
31317 : 001;
31318 : 000;
31319 : 010;
31320 : 000;
31321 : 100;
31322 : 001;
31323 : 000;
31324 : 001;
31325 : 000;
31326 : 110;
31327 : 000;
31328 : 011;
31329 : 100;
31330 : 010;
31331 : 100;
31332 : 001;
31333 : 000;
31334 : 000;
31335 : 000;
31336 : 000;
31337 : 000;
31338 : 100;
31339 : 000;
31340 : 101;
31341 : 000;
31342 : 110;
31343 : 000;
31344 : 100;
31345 : 011;
31346 : 000;
31347 : 001;
31348 : 010;
31349 : 101;
31350 : 000;
31351 : 010;
31352 : 000;
31353 : 000;
31354 : 001;
31355 : 000;
31356 : 000;
31357 : 000;
31358 : 010;
31359 : 000;
31360 : 100;
31361 : 011;
31362 : 000;
31363 : 111;
31364 : 111;
31365 : 000;
31366 : 100;
31367 : 011;
31368 : 100;
31369 : 000;
31370 : 111;
31371 : 111;
31372 : 000;
31373 : 100;
31374 : 000;
31375 : 110;
31376 : 001;
31377 : 100;
31378 : 011;
31379 : 100;
31380 : 000;
31381 : 111;
31382 : 000;
31383 : 110;
31384 : 000;
31385 : 110;
31386 : 001;
31387 : 010;
31388 : 000;
31389 : 000;
31390 : 000;
31391 : 000;
31392 : 001;
31393 : 000;
31394 : 000;
31395 : 000;
31396 : 000;
31397 : 000;
31398 : 010;
31399 : 000;
31400 : 000;
31401 : 000;
31402 : 000;
31403 : 001;
31404 : 100;
31405 : 000;
31406 : 000;
31407 : 000;
31408 : 000;
31409 : 000;
31410 : 000;
31411 : 100;
31412 : 000;
31413 : 000;
31414 : 111;
31415 : 000;
31416 : 000;
31417 : 100;
31418 : 010;
31419 : 100;
31420 : 010;
31421 : 100;
31422 : 011;
31423 : 100;
31424 : 000;
31425 : 011;
31426 : 100;
31427 : 000;
31428 : 011;
31429 : 100;
31430 : 000;
31431 : 001;
31432 : 000;
31433 : 000;
31434 : 100;
31435 : 000;
31436 : 100;
31437 : 000;
31438 : 010;
31439 : 001;
31440 : 000;
31441 : 000;
31442 : 000;
31443 : 000;
31444 : 000;
31445 : 000;
31446 : 011;
31447 : 000;
31448 : 000;
31449 : 101;
31450 : 000;
31451 : 111;
31452 : 110;
31453 : 111;
31454 : 100;
31455 : 111;
31456 : 100;
31457 : 111;
31458 : 000;
31459 : 111;
31460 : 100;
31461 : 010;
31462 : 101;
31463 : 000;
31464 : 110;
31465 : 000;
31466 : 000;
31467 : 001;
31468 : 000;
31469 : 000;
31470 : 000;
31471 : 000;
31472 : 000;
31473 : 000;
31474 : 000;
31475 : 000;
31476 : 001;
31477 : 000;
31478 : 000;
31479 : 000;
31480 : 000;
31481 : 110;
31482 : 111;
31483 : 101;
31484 : 110;
31485 : 101;
31486 : 110;
31487 : 111;
31488 : 011;
31489 : 110;
31490 : 111;
31491 : 111;
31492 : 000;
31493 : 111;
31494 : 111;
31495 : 100;
31496 : 111;
31497 : 111;
31498 : 000;
31499 : 111;
31500 : 110;
31501 : 101;
31502 : 111;
31503 : 010;
31504 : 101;
31505 : 111;
31506 : 000;
31507 : 111;
31508 : 100;
31509 : 111;
31510 : 000;
31511 : 111;
31512 : 101;
31513 : 110;
31514 : 111;
31515 : 101;
31516 : 010;
31517 : 111;
31518 : 101;
31519 : 010;
31520 : 101;
31521 : 010;
31522 : 101;
31523 : 111;
31524 : 000;
31525 : 111;
31526 : 111;
31527 : 100;
31528 : 011;
31529 : 100;
31530 : 011;
31531 : 100;
31532 : 111;
31533 : 100;
31534 : 111;
31535 : 100;
31536 : 011;
31537 : 100;
31538 : 010;
31539 : 101;
31540 : 110;
31541 : 001;
31542 : 110;
31543 : 001;
31544 : 110;
31545 : 001;
31546 : 110;
31547 : 000;
31548 : 111;
31549 : 100;
31550 : 000;
31551 : 111;
31552 : 000;
31553 : 110;
31554 : 001;
31555 : 110;
31556 : 001;
31557 : 100;
31558 : 010;
31559 : 101;
31560 : 010;
31561 : 100;
31562 : 011;
31563 : 100;
31564 : 000;
31565 : 000;
31566 : 100;
31567 : 000;
31568 : 011;
31569 : 100;
31570 : 110;
31571 : 001;
31572 : 110;
31573 : 100;
31574 : 011;
31575 : 100;
31576 : 110;
31577 : 101;
31578 : 110;
31579 : 100;
31580 : 111;
31581 : 100;
31582 : 110;
31583 : 001;
31584 : 110;
31585 : 000;
31586 : 111;
31587 : 000;
31588 : 111;
31589 : 100;
31590 : 111;
31591 : 000;
31592 : 111;
31593 : 100;
31594 : 011;
31595 : 100;
31596 : 011;
31597 : 100;
31598 : 100;
31599 : 011;
31600 : 100;
31601 : 010;
31602 : 000;
31603 : 000;
31604 : 000;
31605 : 100;
31606 : 000;
31607 : 000;
31608 : 000;
31609 : 010;
31610 : 000;
31611 : 100;
31612 : 010;
31613 : 101;
31614 : 000;
31615 : 100;
31616 : 010;
31617 : 101;
31618 : 110;
31619 : 111;
31620 : 000;
31621 : 100;
31622 : 011;
31623 : 100;
31624 : 001;
31625 : 110;
31626 : 001;
31627 : 110;
31628 : 000;
31629 : 001;
31630 : 110;
31631 : 001;
31632 : 100;
31633 : 000;
31634 : 010;
31635 : 000;
31636 : 010;
31637 : 000;
31638 : 111;
31639 : 000;
31640 : 001;
31641 : 000;
31642 : 010;
31643 : 100;
31644 : 010;
31645 : 000;
31646 : 001;
31647 : 000;
31648 : 000;
31649 : 000;
31650 : 001;
31651 : 000;
31652 : 010;
31653 : 100;
31654 : 011;
31655 : 000;
31656 : 101;
31657 : 010;
31658 : 001;
31659 : 010;
31660 : 000;
31661 : 000;
31662 : 001;
31663 : 000;
31664 : 000;
31665 : 000;
31666 : 100;
31667 : 000;
31668 : 000;
31669 : 000;
31670 : 000;
31671 : 000;
31672 : 101;
31673 : 000;
31674 : 010;
31675 : 100;
31676 : 001;
31677 : 000;
31678 : 101;
31679 : 000;
31680 : 000;
31681 : 100;
31682 : 010;
31683 : 100;
31684 : 000;
31685 : 110;
31686 : 000;
31687 : 100;
31688 : 010;
31689 : 000;
31690 : 000;
31691 : 100;
31692 : 010;
31693 : 100;
31694 : 001;
31695 : 100;
31696 : 010;
31697 : 100;
31698 : 000;
31699 : 000;
31700 : 100;
31701 : 010;
31702 : 000;
31703 : 101;
31704 : 000;
31705 : 100;
31706 : 110;
31707 : 000;
31708 : 000;
31709 : 000;
31710 : 000;
31711 : 000;
31712 : 000;
31713 : 010;
31714 : 000;
31715 : 000;
31716 : 000;
31717 : 000;
31718 : 000;
31719 : 000;
31720 : 000;
31721 : 000;
31722 : 000;
31723 : 000;
31724 : 000;
31725 : 010;
31726 : 000;
31727 : 000;
31728 : 000;
31729 : 000;
31730 : 000;
31731 : 001;
31732 : 000;
31733 : 000;
31734 : 100;
31735 : 010;
31736 : 000;
31737 : 000;
31738 : 101;
31739 : 000;
31740 : 111;
31741 : 000;
31742 : 000;
31743 : 110;
31744 : 000;
31745 : 000;
31746 : 100;
31747 : 110;
31748 : 000;
31749 : 000;
31750 : 110;
31751 : 000;
31752 : 000;
31753 : 110;
31754 : 100;
31755 : 001;
31756 : 000;
31757 : 000;
31758 : 000;
31759 : 000;
31760 : 000;
31761 : 000;
31762 : 010;
31763 : 001;
31764 : 000;
31765 : 000;
31766 : 000;
31767 : 000;
31768 : 100;
31769 : 011;
31770 : 110;
31771 : 101;
31772 : 110;
31773 : 001;
31774 : 111;
31775 : 100;
31776 : 011;
31777 : 100;
31778 : 111;
31779 : 000;
31780 : 111;
31781 : 100;
31782 : 110;
31783 : 101;
31784 : 000;
31785 : 111;
31786 : 000;
31787 : 000;
31788 : 000;
31789 : 000;
31790 : 000;
31791 : 000;
31792 : 000;
31793 : 111;
31794 : 000;
31795 : 000;
31796 : 100;
31797 : 000;
31798 : 110;
31799 : 000;
31800 : 000;
31801 : 101;
31802 : 110;
31803 : 111;
31804 : 011;
31805 : 111;
31806 : 001;
31807 : 110;
31808 : 101;
31809 : 111;
31810 : 000;
31811 : 111;
31812 : 111;
31813 : 100;
31814 : 011;
31815 : 111;
31816 : 000;
31817 : 111;
31818 : 110;
31819 : 101;
31820 : 011;
31821 : 100;
31822 : 111;
31823 : 100;
31824 : 111;
31825 : 110;
31826 : 101;
31827 : 010;
31828 : 111;
31829 : 100;
31830 : 111;
31831 : 000;
31832 : 111;
31833 : 000;
31834 : 110;
31835 : 011;
31836 : 101;
31837 : 110;
31838 : 001;
31839 : 110;
31840 : 111;
31841 : 100;
31842 : 011;
31843 : 100;
31844 : 111;
31845 : 000;
31846 : 111;
31847 : 000;
31848 : 111;
31849 : 100;
31850 : 111;
31851 : 000;
31852 : 111;
31853 : 000;
31854 : 111;
31855 : 010;
31856 : 101;
31857 : 110;
31858 : 101;
31859 : 010;
31860 : 101;
31861 : 110;
31862 : 001;
31863 : 110;
31864 : 101;
31865 : 110;
31866 : 001;
31867 : 110;
31868 : 001;
31869 : 110;
31870 : 001;
31871 : 110;
31872 : 001;
31873 : 100;
31874 : 010;
31875 : 100;
31876 : 011;
31877 : 100;
31878 : 001;
31879 : 110;
31880 : 001;
31881 : 100;
31882 : 010;
31883 : 101;
31884 : 010;
31885 : 000;
31886 : 000;
31887 : 100;
31888 : 000;
31889 : 000;
31890 : 111;
31891 : 100;
31892 : 111;
31893 : 100;
31894 : 110;
31895 : 101;
31896 : 010;
31897 : 101;
31898 : 010;
31899 : 101;
31900 : 010;
31901 : 101;
31902 : 110;
31903 : 101;
31904 : 110;
31905 : 101;
31906 : 110;
31907 : 101;
31908 : 110;
31909 : 000;
31910 : 111;
31911 : 100;
31912 : 010;
31913 : 101;
31914 : 110;
31915 : 100;
31916 : 111;
31917 : 100;
31918 : 011;
31919 : 100;
31920 : 111;
31921 : 100;
31922 : 001;
31923 : 100;
31924 : 000;
31925 : 000;
31926 : 000;
31927 : 010;
31928 : 101;
31929 : 000;
31930 : 000;
31931 : 000;
31932 : 000;
31933 : 000;
31934 : 000;
31935 : 000;
31936 : 111;
31937 : 110;
31938 : 101;
31939 : 010;
31940 : 100;
31941 : 000;
31942 : 100;
31943 : 010;
31944 : 100;
31945 : 000;
31946 : 100;
31947 : 000;
31948 : 000;
31949 : 000;
31950 : 100;
31951 : 010;
31952 : 001;
31953 : 000;
31954 : 100;
31955 : 000;
31956 : 101;
31957 : 000;
31958 : 000;
31959 : 100;
31960 : 010;
31961 : 100;
31962 : 001;
31963 : 000;
31964 : 001;
31965 : 100;
31966 : 010;
31967 : 100;
31968 : 001;
31969 : 010;
31970 : 100;
31971 : 000;
31972 : 001;
31973 : 000;
31974 : 000;
31975 : 000;
31976 : 000;
31977 : 000;
31978 : 000;
31979 : 100;
31980 : 001;
31981 : 010;
31982 : 000;
31983 : 110;
31984 : 001;
31985 : 000;
31986 : 011;
31987 : 000;
31988 : 011;
31989 : 100;
31990 : 011;
31991 : 000;
31992 : 000;
31993 : 000;
31994 : 001;
31995 : 000;
31996 : 010;
31997 : 000;
31998 : 000;
31999 : 000;
32000 : 000;
32001 : 100;
32002 : 000;
32003 : 100;
32004 : 000;
32005 : 100;
32006 : 011;
32007 : 000;
32008 : 100;
32009 : 000;
32010 : 100;
32011 : 000;
32012 : 000;
32013 : 000;
32014 : 010;
32015 : 000;
32016 : 100;
32017 : 000;
32018 : 010;
32019 : 000;
32020 : 101;
32021 : 000;
32022 : 100;
32023 : 110;
32024 : 000;
32025 : 011;
32026 : 100;
32027 : 000;
32028 : 001;
32029 : 100;
32030 : 010;
32031 : 000;
32032 : 100;
32033 : 000;
32034 : 000;
32035 : 100;
32036 : 010;
32037 : 000;
32038 : 000;
32039 : 000;
32040 : 100;
32041 : 011;
32042 : 000;
32043 : 000;
32044 : 000;
32045 : 000;
32046 : 000;
32047 : 000;
32048 : 000;
32049 : 000;
32050 : 000;
32051 : 010;
32052 : 000;
32053 : 000;
32054 : 000;
32055 : 101;
32056 : 000;
32057 : 000;
32058 : 000;
32059 : 000;
32060 : 000;
32061 : 000;
32062 : 100;
32063 : 001;
32064 : 100;
32065 : 000;
32066 : 000;
32067 : 000;
32068 : 000;
32069 : 000;
32070 : 101;
32071 : 000;
32072 : 000;
32073 : 000;
32074 : 100;
32075 : 000;
32076 : 000;
32077 : 000;
32078 : 000;
32079 : 000;
32080 : 000;
32081 : 000;
32082 : 000;
32083 : 000;
32084 : 000;
32085 : 000;
32086 : 100;
32087 : 111;
32088 : 110;
32089 : 101;
32090 : 110;
32091 : 111;
32092 : 101;
32093 : 110;
32094 : 111;
32095 : 110;
32096 : 101;
32097 : 110;
32098 : 100;
32099 : 111;
32100 : 100;
32101 : 011;
32102 : 100;
32103 : 110;
32104 : 101;
32105 : 010;
32106 : 100;
32107 : 000;
32108 : 000;
32109 : 000;
32110 : 000;
32111 : 000;
32112 : 000;
32113 : 000;
32114 : 000;
32115 : 000;
32116 : 000;
32117 : 000;
32118 : 001;
32119 : 100;
32120 : 000;
32121 : 111;
32122 : 111;
32123 : 100;
32124 : 111;
32125 : 100;
32126 : 111;
32127 : 111;
32128 : 000;
32129 : 111;
32130 : 111;
32131 : 100;
32132 : 111;
32133 : 011;
32134 : 100;
32135 : 111;
32136 : 110;
32137 : 101;
32138 : 011;
32139 : 110;
32140 : 101;
32141 : 110;
32142 : 011;
32143 : 101;
32144 : 010;
32145 : 101;
32146 : 110;
32147 : 101;
32148 : 010;
32149 : 101;
32150 : 010;
32151 : 101;
32152 : 110;
32153 : 111;
32154 : 101;
32155 : 110;
32156 : 101;
32157 : 010;
32158 : 111;
32159 : 100;
32160 : 011;
32161 : 100;
32162 : 111;
32163 : 010;
32164 : 101;
32165 : 110;
32166 : 101;
32167 : 110;
32168 : 001;
32169 : 110;
32170 : 001;
32171 : 110;
32172 : 101;
32173 : 010;
32174 : 101;
32175 : 110;
32176 : 001;
32177 : 110;
32178 : 001;
32179 : 110;
32180 : 001;
32181 : 110;
32182 : 101;
32183 : 010;
32184 : 100;
32185 : 011;
32186 : 100;
32187 : 110;
32188 : 001;
32189 : 110;
32190 : 101;
32191 : 010;
32192 : 100;
32193 : 011;
32194 : 100;
32195 : 001;
32196 : 110;
32197 : 000;
32198 : 111;
32199 : 000;
32200 : 110;
32201 : 001;
32202 : 110;
32203 : 001;
32204 : 100;
32205 : 111;
32206 : 000;
32207 : 111;
32208 : 000;
32209 : 110;
32210 : 101;
32211 : 010;
32212 : 100;
32213 : 011;
32214 : 100;
32215 : 010;
32216 : 101;
32217 : 110;
32218 : 100;
32219 : 111;
32220 : 100;
32221 : 010;
32222 : 101;
32223 : 010;
32224 : 101;
32225 : 010;
32226 : 101;
32227 : 010;
32228 : 101;
32229 : 110;
32230 : 000;
32231 : 111;
32232 : 100;
32233 : 010;
32234 : 101;
32235 : 010;
32236 : 100;
32237 : 111;
32238 : 100;
32239 : 110;
32240 : 001;
32241 : 110;
32242 : 000;
32243 : 010;
32244 : 000;
32245 : 011;
32246 : 100;
32247 : 000;
32248 : 000;
32249 : 100;
32250 : 011;
32251 : 100;
32252 : 000;
32253 : 110;
32254 : 001;
32255 : 100;
32256 : 000;
32257 : 111;
32258 : 100;
32259 : 111;
32260 : 000;
32261 : 011;
32262 : 000;
32263 : 101;
32264 : 010;
32265 : 001;
32266 : 010;
32267 : 000;
32268 : 101;
32269 : 010;
32270 : 001;
32271 : 100;
32272 : 010;
32273 : 101;
32274 : 000;
32275 : 000;
32276 : 010;
32277 : 101;
32278 : 010;
32279 : 001;
32280 : 000;
32281 : 000;
32282 : 000;
32283 : 110;
32284 : 000;
32285 : 000;
32286 : 001;
32287 : 000;
32288 : 000;
32289 : 000;
32290 : 001;
32291 : 010;
32292 : 100;
32293 : 000;
32294 : 111;
32295 : 000;
32296 : 110;
32297 : 001;
32298 : 000;
32299 : 010;
32300 : 000;
32301 : 100;
32302 : 001;
32303 : 000;
32304 : 000;
32305 : 000;
32306 : 100;
32307 : 000;
32308 : 000;
32309 : 000;
32310 : 000;
32311 : 000;
32312 : 111;
32313 : 000;
32314 : 000;
32315 : 100;
32316 : 000;
32317 : 001;
32318 : 110;
32319 : 000;
32320 : 000;
32321 : 010;
32322 : 000;
32323 : 111;
32324 : 010;
32325 : 000;
32326 : 100;
32327 : 000;
32328 : 010;
32329 : 101;
32330 : 000;
32331 : 010;
32332 : 100;
32333 : 000;
32334 : 100;
32335 : 000;
32336 : 000;
32337 : 101;
32338 : 000;
32339 : 000;
32340 : 110;
32341 : 000;
32342 : 011;
32343 : 100;
32344 : 000;
32345 : 100;
32346 : 011;
32347 : 000;
32348 : 000;
32349 : 000;
32350 : 000;
32351 : 000;
32352 : 000;
32353 : 001;
32354 : 110;
32355 : 000;
32356 : 000;
32357 : 000;
32358 : 101;
32359 : 000;
32360 : 010;
32361 : 100;
32362 : 000;
32363 : 000;
32364 : 100;
32365 : 000;
32366 : 000;
32367 : 000;
32368 : 000;
32369 : 000;
32370 : 000;
32371 : 100;
32372 : 000;
32373 : 000;
32374 : 010;
32375 : 000;
32376 : 000;
32377 : 010;
32378 : 000;
32379 : 000;
32380 : 000;
32381 : 000;
32382 : 010;
32383 : 000;
32384 : 110;
32385 : 001;
32386 : 110;
32387 : 001;
32388 : 110;
32389 : 000;
32390 : 000;
32391 : 000;
32392 : 100;
32393 : 000;
32394 : 001;
32395 : 010;
32396 : 000;
32397 : 001;
32398 : 000;
32399 : 000;
32400 : 000;
32401 : 001;
32402 : 000;
32403 : 000;
32404 : 100;
32405 : 011;
32406 : 110;
32407 : 001;
32408 : 110;
32409 : 111;
32410 : 001;
32411 : 110;
32412 : 111;
32413 : 100;
32414 : 011;
32415 : 100;
32416 : 011;
32417 : 110;
32418 : 001;
32419 : 110;
32420 : 100;
32421 : 111;
32422 : 000;
32423 : 111;
32424 : 000;
32425 : 100;
32426 : 010;
32427 : 100;
32428 : 000;
32429 : 011;
32430 : 100;
32431 : 000;
32432 : 000;
32433 : 100;
32434 : 000;
32435 : 000;
32436 : 000;
32437 : 110;
32438 : 000;
32439 : 000;
32440 : 000;
32441 : 010;
32442 : 111;
32443 : 110;
32444 : 011;
32445 : 111;
32446 : 100;
32447 : 111;
32448 : 111;
32449 : 100;
32450 : 011;
32451 : 111;
32452 : 100;
32453 : 111;
32454 : 110;
32455 : 101;
32456 : 011;
32457 : 110;
32458 : 101;
32459 : 110;
32460 : 011;
32461 : 101;
32462 : 110;
32463 : 111;
32464 : 100;
32465 : 011;
32466 : 111;
32467 : 100;
32468 : 011;
32469 : 110;
32470 : 101;
32471 : 010;
32472 : 101;
32473 : 010;
32474 : 101;
32475 : 010;
32476 : 111;
32477 : 101;
32478 : 110;
32479 : 001;
32480 : 111;
32481 : 000;
32482 : 111;
32483 : 100;
32484 : 011;
32485 : 110;
32486 : 001;
32487 : 110;
32488 : 111;
32489 : 000;
32490 : 111;
32491 : 110;
32492 : 001;
32493 : 110;
32494 : 101;
32495 : 010;
32496 : 101;
32497 : 110;
32498 : 001;
32499 : 110;
32500 : 101;
32501 : 010;
32502 : 100;
32503 : 111;
32504 : 000;
32505 : 111;
32506 : 000;
32507 : 101;
32508 : 110;
32509 : 001;
32510 : 110;
32511 : 101;
32512 : 010;
32513 : 100;
32514 : 001;
32515 : 110;
32516 : 001;
32517 : 100;
32518 : 010;
32519 : 101;
32520 : 000;
32521 : 111;
32522 : 000;
32523 : 110;
32524 : 001;
32525 : 110;
32526 : 000;
32527 : 100;
32528 : 101;
32529 : 010;
32530 : 100;
32531 : 101;
32532 : 110;
32533 : 101;
32534 : 110;
32535 : 101;
32536 : 000;
32537 : 110;
32538 : 001;
32539 : 100;
32540 : 011;
32541 : 100;
32542 : 100;
32543 : 111;
32544 : 100;
32545 : 110;
32546 : 100;
32547 : 110;
32548 : 101;
32549 : 010;
32550 : 101;
32551 : 110;
32552 : 101;
32553 : 110;
32554 : 101;
32555 : 110;
32556 : 001;
32557 : 110;
32558 : 001;
32559 : 110;
32560 : 100;
32561 : 111;
32562 : 000;
32563 : 100;
32564 : 000;
32565 : 000;
32566 : 000;
32567 : 111;
32568 : 000;
32569 : 000;
32570 : 000;
32571 : 000;
32572 : 001;
32573 : 000;
32574 : 000;
32575 : 010;
32576 : 100;
32577 : 010;
32578 : 111;
32579 : 100;
32580 : 110;
32581 : 000;
32582 : 100;
32583 : 000;
32584 : 000;
32585 : 100;
32586 : 001;
32587 : 100;
32588 : 000;
32589 : 000;
32590 : 110;
32591 : 001;
32592 : 000;
32593 : 010;
32594 : 000;
32595 : 000;
32596 : 001;
32597 : 000;
32598 : 100;
32599 : 000;
32600 : 011;
32601 : 100;
32602 : 001;
32603 : 000;
32604 : 001;
32605 : 010;
32606 : 100;
32607 : 010;
32608 : 101;
32609 : 010;
32610 : 100;
32611 : 000;
32612 : 001;
32613 : 000;
32614 : 000;
32615 : 000;
32616 : 001;
32617 : 000;
32618 : 100;
32619 : 001;
32620 : 000;
32621 : 000;
32622 : 010;
32623 : 000;
32624 : 101;
32625 : 010;
32626 : 001;
32627 : 000;
32628 : 110;
32629 : 001;
32630 : 000;
32631 : 100;
32632 : 000;
32633 : 000;
32634 : 010;
32635 : 001;
32636 : 010;
32637 : 000;
32638 : 000;
32639 : 000;
32640 : 000;
32641 : 100;
32642 : 000;
32643 : 000;
32644 : 000;
32645 : 100;
32646 : 000;
32647 : 000;
32648 : 100;
32649 : 000;
32650 : 111;
32651 : 111;
32652 : 000;
32653 : 000;
32654 : 000;
32655 : 010;
32656 : 100;
32657 : 010;
32658 : 000;
32659 : 000;
32660 : 000;
32661 : 100;
32662 : 000;
32663 : 111;
32664 : 000;
32665 : 000;
32666 : 100;
32667 : 010;
32668 : 100;
32669 : 000;
32670 : 000;
32671 : 101;
32672 : 000;
32673 : 000;
32674 : 000;
32675 : 000;
32676 : 000;
32677 : 000;
32678 : 000;
32679 : 110;
32680 : 001;
32681 : 110;
32682 : 001;
32683 : 000;
32684 : 000;
32685 : 000;
32686 : 000;
32687 : 000;
32688 : 000;
32689 : 000;
32690 : 000;
32691 : 000;
32692 : 000;
32693 : 100;
32694 : 000;
32695 : 101;
32696 : 000;
32697 : 000;
32698 : 000;
32699 : 000;
32700 : 100;
32701 : 000;
32702 : 000;
32703 : 000;
32704 : 000;
32705 : 000;
32706 : 000;
32707 : 000;
32708 : 000;
32709 : 100;
32710 : 010;
32711 : 000;
32712 : 001;
32713 : 000;
32714 : 000;
32715 : 000;
32716 : 100;
32717 : 000;
32718 : 010;
32719 : 000;
32720 : 100;
32721 : 000;
32722 : 000;
32723 : 110;
32724 : 111;
32725 : 100;
32726 : 111;
32727 : 100;
32728 : 111;
32729 : 100;
32730 : 111;
32731 : 100;
32732 : 111;
32733 : 110;
32734 : 101;
32735 : 110;
32736 : 101;
32737 : 110;
32738 : 101;
32739 : 110;
32740 : 011;
32741 : 100;
32742 : 110;
32743 : 100;
32744 : 111;
32745 : 000;
32746 : 101;
32747 : 010;
32748 : 000;
32749 : 000;
32750 : 000;
32751 : 000;
32752 : 000;
32753 : 010;
32754 : 000;
32755 : 100;
32756 : 000;
32757 : 001;
32758 : 000;
32759 : 110;
32760 : 000;
32761 : 111;
32762 : 101;
32763 : 111;
32764 : 100;
32765 : 111;
32766 : 010;
32767 : 101;
32768 : 010;
32769 : 111;
32770 : 101;
32771 : 110;
32772 : 011;
32773 : 101;
32774 : 011;
32775 : 110;
32776 : 101;
32777 : 110;
32778 : 111;
32779 : 101;
32780 : 110;
32781 : 111;
32782 : 000;
32783 : 111;
32784 : 111;
32785 : 100;
32786 : 011;
32787 : 110;
32788 : 101;
32789 : 010;
32790 : 101;
32791 : 110;
32792 : 001;
32793 : 110;
32794 : 111;
32795 : 101;
32796 : 010;
32797 : 101;
32798 : 110;
32799 : 111;
32800 : 100;
32801 : 111;
32802 : 000;
32803 : 111;
32804 : 100;
32805 : 011;
32806 : 100;
32807 : 111;
32808 : 000;
32809 : 111;
32810 : 100;
32811 : 011;
32812 : 100;
32813 : 111;
32814 : 010;
32815 : 101;
32816 : 010;
32817 : 101;
32818 : 110;
32819 : 001;
32820 : 110;
32821 : 101;
32822 : 010;
32823 : 101;
32824 : 110;
32825 : 001;
32826 : 110;
32827 : 000;
32828 : 111;
32829 : 000;
32830 : 110;
32831 : 001;
32832 : 100;
32833 : 011;
32834 : 100;
32835 : 000;
32836 : 110;
32837 : 001;
32838 : 110;
32839 : 001;
32840 : 110;
32841 : 000;
32842 : 101;
32843 : 010;
32844 : 101;
32845 : 100;
32846 : 011;
32847 : 100;
32848 : 010;
32849 : 101;
32850 : 110;
32851 : 001;
32852 : 110;
32853 : 000;
32854 : 111;
32855 : 000;
32856 : 110;
32857 : 101;
32858 : 110;
32859 : 100;
32860 : 100;
32861 : 011;
32862 : 100;
32863 : 010;
32864 : 101;
32865 : 010;
32866 : 101;
32867 : 010;
32868 : 100;
32869 : 111;
32870 : 100;
32871 : 010;
32872 : 100;
32873 : 011;
32874 : 100;
32875 : 010;
32876 : 101;
32877 : 110;
32878 : 100;
32879 : 011;
32880 : 110;
32881 : 101;
32882 : 110;
32883 : 001;
32884 : 000;
32885 : 110;
32886 : 000;
32887 : 000;
32888 : 100;
32889 : 010;
32890 : 100;
32891 : 010;
32892 : 100;
32893 : 000;
32894 : 100;
32895 : 000;
32896 : 001;
32897 : 110;
32898 : 101;
32899 : 010;
32900 : 101;
32901 : 000;
32902 : 010;
32903 : 101;
32904 : 010;
32905 : 101;
32906 : 010;
32907 : 000;
32908 : 010;
32909 : 001;
32910 : 000;
32911 : 110;
32912 : 001;
32913 : 100;
32914 : 000;
32915 : 100;
32916 : 010;
32917 : 101;
32918 : 010;
32919 : 000;
32920 : 000;
32921 : 000;
32922 : 010;
32923 : 100;
32924 : 000;
32925 : 000;
32926 : 001;
32927 : 000;
32928 : 000;
32929 : 000;
32930 : 001;
32931 : 010;
32932 : 000;
32933 : 110;
32934 : 001;
32935 : 000;
32936 : 110;
32937 : 000;
32938 : 010;
32939 : 000;
32940 : 111;
32941 : 000;
32942 : 001;
32943 : 100;
32944 : 000;
32945 : 000;
32946 : 010;
32947 : 000;
32948 : 001;
32949 : 000;
32950 : 010;
32951 : 001;
32952 : 010;
32953 : 001;
32954 : 100;
32955 : 000;
32956 : 000;
32957 : 101;
32958 : 000;
32959 : 000;
32960 : 000;
32961 : 000;
32962 : 000;
32963 : 111;
32964 : 000;
32965 : 000;
32966 : 000;
32967 : 000;
32968 : 000;
32969 : 110;
32970 : 111;
32971 : 100;
32972 : 000;
32973 : 100;
32974 : 000;
32975 : 000;
32976 : 000;
32977 : 000;
32978 : 000;
32979 : 000;
32980 : 111;
32981 : 000;
32982 : 110;
32983 : 000;
32984 : 111;
32985 : 000;
32986 : 000;
32987 : 101;
32988 : 000;
32989 : 000;
32990 : 000;
32991 : 000;
32992 : 010;
32993 : 000;
32994 : 000;
32995 : 000;
32996 : 000;
32997 : 000;
32998 : 000;
32999 : 000;
33000 : 000;
33001 : 100;
33002 : 110;
33003 : 000;
33004 : 000;
33005 : 010;
33006 : 000;
33007 : 000;
33008 : 000;
33009 : 000;
33010 : 000;
33011 : 101;
33012 : 000;
33013 : 000;
33014 : 010;
33015 : 000;
33016 : 000;
33017 : 111;
33018 : 110;
33019 : 000;
33020 : 011;
33021 : 100;
33022 : 000;
33023 : 100;
33024 : 000;
33025 : 000;
33026 : 111;
33027 : 100;
33028 : 000;
33029 : 011;
33030 : 100;
33031 : 000;
33032 : 000;
33033 : 000;
33034 : 000;
33035 : 000;
33036 : 000;
33037 : 000;
33038 : 000;
33039 : 000;
33040 : 000;
33041 : 000;
33042 : 111;
33043 : 000;
33044 : 001;
33045 : 010;
33046 : 100;
33047 : 001;
33048 : 010;
33049 : 101;
33050 : 110;
33051 : 011;
33052 : 101;
33053 : 111;
33054 : 010;
33055 : 111;
33056 : 100;
33057 : 011;
33058 : 110;
33059 : 101;
33060 : 110;
33061 : 001;
33062 : 110;
33063 : 001;
33064 : 110;
33065 : 100;
33066 : 010;
33067 : 100;
33068 : 000;
33069 : 000;
33070 : 000;
33071 : 000;
33072 : 000;
33073 : 101;
33074 : 000;
33075 : 000;
33076 : 000;
33077 : 110;
33078 : 000;
33079 : 000;
33080 : 101;
33081 : 110;
33082 : 111;
33083 : 110;
33084 : 111;
33085 : 101;
33086 : 111;
33087 : 111;
33088 : 101;
33089 : 110;
33090 : 111;
33091 : 101;
33092 : 110;
33093 : 111;
33094 : 100;
33095 : 111;
33096 : 111;
33097 : 000;
33098 : 111;
33099 : 000;
33100 : 111;
33101 : 100;
33102 : 111;
33103 : 000;
33104 : 111;
33105 : 110;
33106 : 101;
33107 : 111;
33108 : 000;
33109 : 111;
33110 : 100;
33111 : 111;
33112 : 110;
33113 : 001;
33114 : 110;
33115 : 101;
33116 : 110;
33117 : 011;
33118 : 100;
33119 : 011;
33120 : 101;
33121 : 010;
33122 : 101;
33123 : 010;
33124 : 101;
33125 : 110;
33126 : 001;
33127 : 110;
33128 : 101;
33129 : 010;
33130 : 101;
33131 : 110;
33132 : 011;
33133 : 100;
33134 : 101;
33135 : 110;
33136 : 101;
33137 : 010;
33138 : 101;
33139 : 110;
33140 : 001;
33141 : 110;
33142 : 101;
33143 : 010;
33144 : 101;
33145 : 110;
33146 : 001;
33147 : 110;
33148 : 101;
33149 : 010;
33150 : 101;
33151 : 010;
33152 : 100;
33153 : 000;
33154 : 111;
33155 : 000;
33156 : 111;
33157 : 100;
33158 : 000;
33159 : 111;
33160 : 000;
33161 : 111;
33162 : 000;
33163 : 111;
33164 : 000;
33165 : 110;
33166 : 000;
33167 : 111;
33168 : 100;
33169 : 000;
33170 : 110;
33171 : 100;
33172 : 111;
33173 : 000;
33174 : 100;
33175 : 100;
33176 : 010;
33177 : 100;
33178 : 001;
33179 : 110;
33180 : 001;
33181 : 110;
33182 : 100;
33183 : 111;
33184 : 000;
33185 : 110;
33186 : 101;
33187 : 110;
33188 : 001;
33189 : 110;
33190 : 000;
33191 : 111;
33192 : 100;
33193 : 110;
33194 : 001;
33195 : 110;
33196 : 100;
33197 : 011;
33198 : 100;
33199 : 110;
33200 : 001;
33201 : 110;
33202 : 001;
33203 : 110;
33204 : 000;
33205 : 000;
33206 : 000;
33207 : 000;
33208 : 001;
33209 : 100;
33210 : 001;
33211 : 100;
33212 : 010;
33213 : 000;
33214 : 011;
33215 : 100;
33216 : 010;
33217 : 100;
33218 : 111;
33219 : 100;
33220 : 010;
33221 : 100;
33222 : 001;
33223 : 110;
33224 : 100;
33225 : 010;
33226 : 100;
33227 : 000;
33228 : 100;
33229 : 000;
33230 : 111;
33231 : 000;
33232 : 000;
33233 : 011;
33234 : 000;
33235 : 000;
33236 : 000;
33237 : 010;
33238 : 101;
33239 : 000;
33240 : 111;
33241 : 000;
33242 : 001;
33243 : 000;
33244 : 111;
33245 : 000;
33246 : 110;
33247 : 000;
33248 : 001;
33249 : 110;
33250 : 000;
33251 : 100;
33252 : 001;
33253 : 000;
33254 : 000;
33255 : 000;
33256 : 000;
33257 : 001;
33258 : 000;
33259 : 000;
33260 : 000;
33261 : 000;
33262 : 000;
33263 : 010;
33264 : 000;
33265 : 001;
33266 : 100;
33267 : 000;
33268 : 100;
33269 : 000;
33270 : 100;
33271 : 000;
33272 : 000;
33273 : 000;
33274 : 000;
33275 : 001;
33276 : 010;
33277 : 000;
33278 : 000;
33279 : 000;
33280 : 100;
33281 : 011;
33282 : 100;
33283 : 111;
33284 : 110;
33285 : 000;
33286 : 001;
33287 : 110;
33288 : 000;
33289 : 000;
33290 : 000;
33291 : 000;
33292 : 010;
33293 : 000;
33294 : 000;
33295 : 000;
33296 : 101;
33297 : 000;
33298 : 100;
33299 : 000;
33300 : 000;
33301 : 101;
33302 : 000;
33303 : 000;
33304 : 100;
33305 : 011;
33306 : 000;
33307 : 010;
33308 : 101;
33309 : 000;
33310 : 000;
33311 : 000;
33312 : 000;
33313 : 000;
33314 : 000;
33315 : 000;
33316 : 000;
33317 : 000;
33318 : 000;
33319 : 000;
33320 : 000;
33321 : 111;
33322 : 000;
33323 : 001;
33324 : 110;
33325 : 101;
33326 : 100;
33327 : 111;
33328 : 000;
33329 : 111;
33330 : 000;
33331 : 010;
33332 : 000;
33333 : 111;
33334 : 000;
33335 : 101;
33336 : 010;
33337 : 100;
33338 : 000;
33339 : 000;
33340 : 100;
33341 : 000;
33342 : 011;
33343 : 000;
33344 : 000;
33345 : 110;
33346 : 001;
33347 : 010;
33348 : 000;
33349 : 000;
33350 : 000;
33351 : 000;
33352 : 000;
33353 : 000;
33354 : 000;
33355 : 000;
33356 : 010;
33357 : 000;
33358 : 000;
33359 : 000;
33360 : 001;
33361 : 110;
33362 : 100;
33363 : 111;
33364 : 100;
33365 : 111;
33366 : 000;
33367 : 111;
33368 : 000;
33369 : 000;
33370 : 000;
33371 : 000;
33372 : 110;
33373 : 101;
33374 : 111;
33375 : 100;
33376 : 111;
33377 : 100;
33378 : 111;
33379 : 000;
33380 : 111;
33381 : 100;
33382 : 111;
33383 : 100;
33384 : 010;
33385 : 101;
33386 : 000;
33387 : 100;
33388 : 000;
33389 : 000;
33390 : 000;
33391 : 000;
33392 : 000;
33393 : 000;
33394 : 010;
33395 : 000;
33396 : 000;
33397 : 000;
33398 : 001;
33399 : 000;
33400 : 000;
33401 : 110;
33402 : 001;
33403 : 100;
33404 : 011;
33405 : 110;
33406 : 001;
33407 : 110;
33408 : 011;
33409 : 101;
33410 : 010;
33411 : 111;
33412 : 101;
33413 : 011;
33414 : 111;
33415 : 100;
33416 : 011;
33417 : 101;
33418 : 110;
33419 : 111;
33420 : 000;
33421 : 111;
33422 : 000;
33423 : 111;
33424 : 100;
33425 : 011;
33426 : 100;
33427 : 111;
33428 : 100;
33429 : 011;
33430 : 110;
33431 : 001;
33432 : 110;
33433 : 101;
33434 : 010;
33435 : 111;
33436 : 100;
33437 : 111;
33438 : 100;
33439 : 111;
33440 : 010;
33441 : 101;
33442 : 110;
33443 : 101;
33444 : 010;
33445 : 101;
33446 : 110;
33447 : 001;
33448 : 110;
33449 : 101;
33450 : 010;
33451 : 101;
33452 : 110;
33453 : 001;
33454 : 110;
33455 : 011;
33456 : 100;
33457 : 111;
33458 : 010;
33459 : 101;
33460 : 110;
33461 : 001;
33462 : 110;
33463 : 001;
33464 : 110;
33465 : 000;
33466 : 111;
33467 : 000;
33468 : 110;
33469 : 101;
33470 : 110;
33471 : 001;
33472 : 110;
33473 : 000;
33474 : 101;
33475 : 010;
33476 : 100;
33477 : 011;
33478 : 100;
33479 : 000;
33480 : 111;
33481 : 100;
33482 : 011;
33483 : 100;
33484 : 111;
33485 : 001;
33486 : 100;
33487 : 010;
33488 : 101;
33489 : 110;
33490 : 001;
33491 : 000;
33492 : 100;
33493 : 010;
33494 : 101;
33495 : 010;
33496 : 101;
33497 : 010;
33498 : 100;
33499 : 111;
33500 : 100;
33501 : 011;
33502 : 100;
33503 : 000;
33504 : 111;
33505 : 100;
33506 : 010;
33507 : 101;
33508 : 110;
33509 : 100;
33510 : 111;
33511 : 100;
33512 : 011;
33513 : 100;
33514 : 111;
33515 : 100;
33516 : 011;
33517 : 100;
33518 : 111;
33519 : 100;
33520 : 110;
33521 : 100;
33522 : 110;
33523 : 001;
33524 : 000;
33525 : 000;
33526 : 000;
33527 : 000;
33528 : 000;
33529 : 000;
33530 : 010;
33531 : 101;
33532 : 110;
33533 : 101;
33534 : 110;
33535 : 000;
33536 : 101;
33537 : 010;
33538 : 100;
33539 : 011;
33540 : 100;
33541 : 000;
33542 : 110;
33543 : 001;
33544 : 110;
33545 : 001;
33546 : 110;
33547 : 000;
33548 : 001;
33549 : 000;
33550 : 000;
33551 : 111;
33552 : 000;
33553 : 100;
33554 : 000;
33555 : 001;
33556 : 100;
33557 : 001;
33558 : 010;
33559 : 000;
33560 : 000;
33561 : 100;
33562 : 010;
33563 : 100;
33564 : 000;
33565 : 000;
33566 : 000;
33567 : 000;
33568 : 000;
33569 : 000;
33570 : 000;
33571 : 000;
33572 : 000;
33573 : 000;
33574 : 000;
33575 : 110;
33576 : 000;
33577 : 000;
33578 : 100;
33579 : 000;
33580 : 000;
33581 : 000;
33582 : 100;
33583 : 000;
33584 : 000;
33585 : 000;
33586 : 000;
33587 : 000;
33588 : 000;
33589 : 000;
33590 : 000;
33591 : 000;
33592 : 100;
33593 : 011;
33594 : 000;
33595 : 100;
33596 : 000;
33597 : 100;
33598 : 011;
33599 : 000;
33600 : 000;
33601 : 000;
33602 : 000;
33603 : 000;
33604 : 100;
33605 : 011;
33606 : 100;
33607 : 000;
33608 : 101;
33609 : 010;
33610 : 111;
33611 : 100;
33612 : 001;
33613 : 110;
33614 : 001;
33615 : 110;
33616 : 000;
33617 : 000;
33618 : 010;
33619 : 000;
33620 : 110;
33621 : 000;
33622 : 111;
33623 : 000;
33624 : 010;
33625 : 100;
33626 : 100;
33627 : 010;
33628 : 100;
33629 : 111;
33630 : 000;
33631 : 010;
33632 : 100;
33633 : 000;
33634 : 111;
33635 : 000;
33636 : 100;
33637 : 000;
33638 : 000;
33639 : 100;
33640 : 000;
33641 : 111;
33642 : 000;
33643 : 000;
33644 : 000;
33645 : 000;
33646 : 010;
33647 : 100;
33648 : 001;
33649 : 110;
33650 : 000;
33651 : 100;
33652 : 100;
33653 : 000;
33654 : 000;
33655 : 000;
33656 : 000;
33657 : 000;
33658 : 000;
33659 : 000;
33660 : 000;
33661 : 000;
33662 : 000;
33663 : 000;
33664 : 000;
33665 : 000;
33666 : 100;
33667 : 100;
33668 : 000;
33669 : 000;
33670 : 000;
33671 : 000;
33672 : 000;
33673 : 010;
33674 : 000;
33675 : 000;
33676 : 101;
33677 : 000;
33678 : 000;
33679 : 100;
33680 : 111;
33681 : 000;
33682 : 111;
33683 : 110;
33684 : 001;
33685 : 110;
33686 : 111;
33687 : 110;
33688 : 111;
33689 : 101;
33690 : 010;
33691 : 101;
33692 : 000;
33693 : 000;
33694 : 010;
33695 : 101;
33696 : 110;
33697 : 011;
33698 : 100;
33699 : 111;
33700 : 110;
33701 : 101;
33702 : 010;
33703 : 101;
33704 : 110;
33705 : 100;
33706 : 010;
33707 : 101;
33708 : 000;
33709 : 000;
33710 : 000;
33711 : 000;
33712 : 000;
33713 : 000;
33714 : 100;
33715 : 000;
33716 : 000;
33717 : 100;
33718 : 010;
33719 : 100;
33720 : 000;
33721 : 000;
33722 : 111;
33723 : 110;
33724 : 101;
33725 : 110;
33726 : 111;
33727 : 101;
33728 : 110;
33729 : 111;
33730 : 101;
33731 : 110;
33732 : 111;
33733 : 100;
33734 : 111;
33735 : 110;
33736 : 111;
33737 : 110;
33738 : 101;
33739 : 110;
33740 : 101;
33741 : 010;
33742 : 101;
33743 : 110;
33744 : 111;
33745 : 100;
33746 : 011;
33747 : 110;
33748 : 101;
33749 : 000;
33750 : 111;
33751 : 100;
33752 : 011;
33753 : 100;
33754 : 111;
33755 : 000;
33756 : 111;
33757 : 000;
33758 : 111;
33759 : 000;
33760 : 111;
33761 : 110;
33762 : 001;
33763 : 111;
33764 : 100;
33765 : 011;
33766 : 100;
33767 : 111;
33768 : 000;
33769 : 111;
33770 : 110;
33771 : 001;
33772 : 110;
33773 : 101;
33774 : 010;
33775 : 101;
33776 : 110;
33777 : 001;
33778 : 110;
33779 : 001;
33780 : 110;
33781 : 000;
33782 : 111;
33783 : 100;
33784 : 011;
33785 : 100;
33786 : 000;
33787 : 111;
33788 : 000;
33789 : 111;
33790 : 000;
33791 : 111;
33792 : 000;
33793 : 001;
33794 : 110;
33795 : 001;
33796 : 100;
33797 : 011;
33798 : 100;
33799 : 011;
33800 : 100;
33801 : 000;
33802 : 111;
33803 : 000;
33804 : 110;
33805 : 101;
33806 : 010;
33807 : 101;
33808 : 000;
33809 : 100;
33810 : 110;
33811 : 001;
33812 : 100;
33813 : 000;
33814 : 110;
33815 : 101;
33816 : 110;
33817 : 101;
33818 : 010;
33819 : 100;
33820 : 011;
33821 : 100;
33822 : 010;
33823 : 100;
33824 : 100;
33825 : 111;
33826 : 100;
33827 : 010;
33828 : 101;
33829 : 010;
33830 : 100;
33831 : 011;
33832 : 100;
33833 : 110;
33834 : 000;
33835 : 111;
33836 : 100;
33837 : 010;
33838 : 100;
33839 : 011;
33840 : 100;
33841 : 011;
33842 : 100;
33843 : 111;
33844 : 110;
33845 : 000;
33846 : 000;
33847 : 000;
33848 : 000;
33849 : 000;
33850 : 000;
33851 : 000;
33852 : 000;
33853 : 000;
33854 : 100;
33855 : 010;
33856 : 100;
33857 : 000;
33858 : 000;
33859 : 000;
33860 : 000;
33861 : 111;
33862 : 000;
33863 : 000;
33864 : 000;
33865 : 100;
33866 : 001;
33867 : 000;
33868 : 010;
33869 : 100;
33870 : 000;
33871 : 100;
33872 : 011;
33873 : 000;
33874 : 100;
33875 : 010;
33876 : 000;
33877 : 100;
33878 : 001;
33879 : 100;
33880 : 011;
33881 : 100;
33882 : 000;
33883 : 000;
33884 : 000;
33885 : 000;
33886 : 001;
33887 : 100;
33888 : 000;
33889 : 000;
33890 : 000;
33891 : 000;
33892 : 000;
33893 : 010;
33894 : 000;
33895 : 000;
33896 : 000;
33897 : 000;
33898 : 000;
33899 : 000;
33900 : 000;
33901 : 011;
33902 : 000;
33903 : 000;
33904 : 000;
33905 : 000;
33906 : 000;
33907 : 010;
33908 : 000;
33909 : 000;
33910 : 011;
33911 : 000;
33912 : 000;
33913 : 000;
33914 : 000;
33915 : 010;
33916 : 001;
33917 : 000;
33918 : 000;
33919 : 000;
33920 : 000;
33921 : 110;
33922 : 000;
33923 : 111;
33924 : 000;
33925 : 000;
33926 : 000;
33927 : 000;
33928 : 000;
33929 : 100;
33930 : 000;
33931 : 000;
33932 : 000;
33933 : 000;
33934 : 000;
33935 : 000;
33936 : 000;
33937 : 100;
33938 : 000;
33939 : 000;
33940 : 001;
33941 : 110;
33942 : 000;
33943 : 000;
33944 : 101;
33945 : 000;
33946 : 000;
33947 : 000;
33948 : 000;
33949 : 010;
33950 : 101;
33951 : 110;
33952 : 001;
33953 : 000;
33954 : 100;
33955 : 000;
33956 : 011;
33957 : 100;
33958 : 010;
33959 : 101;
33960 : 010;
33961 : 100;
33962 : 000;
33963 : 100;
33964 : 010;
33965 : 000;
33966 : 000;
33967 : 000;
33968 : 110;
33969 : 000;
33970 : 101;
33971 : 000;
33972 : 010;
33973 : 101;
33974 : 010;
33975 : 100;
33976 : 000;
33977 : 000;
33978 : 000;
33979 : 000;
33980 : 000;
33981 : 000;
33982 : 000;
33983 : 000;
33984 : 000;
33985 : 000;
33986 : 111;
33987 : 010;
33988 : 101;
33989 : 110;
33990 : 000;
33991 : 000;
33992 : 000;
33993 : 100;
33994 : 001;
33995 : 000;
33996 : 000;
33997 : 000;
33998 : 000;
33999 : 111;
34000 : 100;
34001 : 111;
34002 : 000;
34003 : 111;
34004 : 000;
34005 : 100;
34006 : 001;
34007 : 100;
34008 : 000;
34009 : 110;
34010 : 101;
34011 : 010;
34012 : 111;
34013 : 100;
34014 : 011;
34015 : 100;
34016 : 111;
34017 : 101;
34018 : 110;
34019 : 101;
34020 : 010;
34021 : 100;
34022 : 011;
34023 : 100;
34024 : 000;
34025 : 001;
34026 : 000;
34027 : 000;
34028 : 110;
34029 : 000;
34030 : 000;
34031 : 000;
34032 : 000;
34033 : 000;
34034 : 000;
34035 : 001;
34036 : 000;
34037 : 000;
34038 : 001;
34039 : 000;
34040 : 000;
34041 : 110;
34042 : 111;
34043 : 101;
34044 : 010;
34045 : 101;
34046 : 111;
34047 : 010;
34048 : 101;
34049 : 111;
34050 : 010;
34051 : 111;
34052 : 001;
34053 : 110;
34054 : 011;
34055 : 101;
34056 : 110;
34057 : 001;
34058 : 111;
34059 : 011;
34060 : 110;
34061 : 101;
34062 : 010;
34063 : 101;
34064 : 010;
34065 : 101;
34066 : 111;
34067 : 000;
34068 : 111;
34069 : 110;
34070 : 001;
34071 : 110;
34072 : 101;
34073 : 010;
34074 : 101;
34075 : 110;
34076 : 101;
34077 : 111;
34078 : 010;
34079 : 101;
34080 : 110;
34081 : 001;
34082 : 110;
34083 : 001;
34084 : 110;
34085 : 101;
34086 : 010;
34087 : 101;
34088 : 110;
34089 : 001;
34090 : 111;
34091 : 100;
34092 : 011;
34093 : 100;
34094 : 111;
34095 : 010;
34096 : 101;
34097 : 110;
34098 : 101;
34099 : 110;
34100 : 001;
34101 : 110;
34102 : 001;
34103 : 110;
34104 : 100;
34105 : 011;
34106 : 100;
34107 : 111;
34108 : 000;
34109 : 111;
34110 : 100;
34111 : 000;
34112 : 110;
34113 : 000;
34114 : 111;
34115 : 000;
34116 : 110;
34117 : 001;
34118 : 110;
34119 : 000;
34120 : 111;
34121 : 000;
34122 : 111;
34123 : 100;
34124 : 011;
34125 : 100;
34126 : 111;
34127 : 000;
34128 : 110;
34129 : 001;
34130 : 100;
34131 : 010;
34132 : 101;
34133 : 010;
34134 : 101;
34135 : 000;
34136 : 000;
34137 : 100;
34138 : 001;
34139 : 100;
34140 : 100;
34141 : 000;
34142 : 101;
34143 : 110;
34144 : 001;
34145 : 110;
34146 : 001;
34147 : 100;
34148 : 110;
34149 : 101;
34150 : 110;
34151 : 100;
34152 : 011;
34153 : 100;
34154 : 101;
34155 : 010;
34156 : 100;
34157 : 101;
34158 : 010;
34159 : 100;
34160 : 111;
34161 : 100;
34162 : 011;
34163 : 100;
34164 : 101;
34165 : 110;
34166 : 101;
34167 : 000;
34168 : 000;
34169 : 000;
34170 : 000;
34171 : 000;
34172 : 010;
34173 : 001;
34174 : 000;
34175 : 000;
34176 : 001;
34177 : 110;
34178 : 001;
34179 : 110;
34180 : 000;
34181 : 000;
34182 : 100;
34183 : 011;
34184 : 100;
34185 : 010;
34186 : 000;
34187 : 100;
34188 : 000;
34189 : 001;
34190 : 010;
34191 : 001;
34192 : 100;
34193 : 010;
34194 : 000;
34195 : 000;
34196 : 001;
34197 : 010;
34198 : 000;
34199 : 010;
34200 : 000;
34201 : 100;
34202 : 011;
34203 : 000;
34204 : 000;
34205 : 110;
34206 : 000;
34207 : 000;
34208 : 010;
34209 : 000;
34210 : 101;
34211 : 010;
34212 : 000;
34213 : 100;
34214 : 001;
34215 : 000;
34216 : 000;
34217 : 000;
34218 : 001;
34219 : 010;
34220 : 000;
34221 : 100;
34222 : 000;
34223 : 000;
34224 : 000;
34225 : 000;
34226 : 000;
34227 : 000;
34228 : 001;
34229 : 000;
34230 : 100;
34231 : 000;
34232 : 000;
34233 : 100;
34234 : 001;
34235 : 000;
34236 : 100;
34237 : 000;
34238 : 001;
34239 : 000;
34240 : 000;
34241 : 000;
34242 : 100;
34243 : 000;
34244 : 000;
34245 : 100;
34246 : 010;
34247 : 100;
34248 : 010;
34249 : 000;
34250 : 000;
34251 : 110;
34252 : 000;
34253 : 100;
34254 : 000;
34255 : 110;
34256 : 001;
34257 : 010;
34258 : 101;
34259 : 000;
34260 : 000;
34261 : 100;
34262 : 001;
34263 : 010;
34264 : 100;
34265 : 010;
34266 : 001;
34267 : 000;
34268 : 100;
34269 : 000;
34270 : 000;
34271 : 101;
34272 : 010;
34273 : 000;
34274 : 000;
34275 : 110;
34276 : 000;
34277 : 000;
34278 : 000;
34279 : 000;
34280 : 000;
34281 : 000;
34282 : 000;
34283 : 000;
34284 : 000;
34285 : 000;
34286 : 000;
34287 : 001;
34288 : 100;
34289 : 000;
34290 : 010;
34291 : 000;
34292 : 000;
34293 : 000;
34294 : 000;
34295 : 101;
34296 : 010;
34297 : 100;
34298 : 001;
34299 : 110;
34300 : 001;
34301 : 110;
34302 : 100;
34303 : 011;
34304 : 100;
34305 : 000;
34306 : 100;
34307 : 000;
34308 : 000;
34309 : 000;
34310 : 100;
34311 : 000;
34312 : 001;
34313 : 000;
34314 : 000;
34315 : 000;
34316 : 000;
34317 : 000;
34318 : 111;
34319 : 100;
34320 : 011;
34321 : 110;
34322 : 101;
34323 : 110;
34324 : 000;
34325 : 000;
34326 : 010;
34327 : 000;
34328 : 001;
34329 : 000;
34330 : 000;
34331 : 100;
34332 : 011;
34333 : 100;
34334 : 111;
34335 : 111;
34336 : 010;
34337 : 111;
34338 : 100;
34339 : 011;
34340 : 100;
34341 : 001;
34342 : 000;
34343 : 000;
34344 : 000;
34345 : 110;
34346 : 000;
34347 : 000;
34348 : 000;
34349 : 000;
34350 : 000;
34351 : 000;
34352 : 000;
34353 : 101;
34354 : 010;
34355 : 000;
34356 : 000;
34357 : 110;
34358 : 000;
34359 : 110;
34360 : 000;
34361 : 000;
34362 : 111;
34363 : 110;
34364 : 111;
34365 : 111;
34366 : 100;
34367 : 111;
34368 : 111;
34369 : 110;
34370 : 101;
34371 : 111;
34372 : 110;
34373 : 111;
34374 : 101;
34375 : 111;
34376 : 111;
34377 : 110;
34378 : 100;
34379 : 111;
34380 : 100;
34381 : 111;
34382 : 000;
34383 : 100;
34384 : 111;
34385 : 010;
34386 : 101;
34387 : 110;
34388 : 111;
34389 : 000;
34390 : 111;
34391 : 100;
34392 : 111;
34393 : 100;
34394 : 011;
34395 : 101;
34396 : 010;
34397 : 101;
34398 : 110;
34399 : 101;
34400 : 010;
34401 : 101;
34402 : 110;
34403 : 101;
34404 : 010;
34405 : 101;
34406 : 110;
34407 : 011;
34408 : 100;
34409 : 111;
34410 : 000;
34411 : 111;
34412 : 100;
34413 : 011;
34414 : 100;
34415 : 111;
34416 : 111;
34417 : 000;
34418 : 111;
34419 : 000;
34420 : 111;
34421 : 100;
34422 : 111;
34423 : 000;
34424 : 111;
34425 : 000;
34426 : 111;
34427 : 000;
34428 : 111;
34429 : 000;
34430 : 111;
34431 : 000;
34432 : 001;
34433 : 110;
34434 : 000;
34435 : 101;
34436 : 010;
34437 : 100;
34438 : 101;
34439 : 010;
34440 : 101;
34441 : 010;
34442 : 101;
34443 : 010;
34444 : 101;
34445 : 010;
34446 : 101;
34447 : 110;
34448 : 001;
34449 : 110;
34450 : 000;
34451 : 100;
34452 : 010;
34453 : 100;
34454 : 000;
34455 : 110;
34456 : 000;
34457 : 111;
34458 : 100;
34459 : 010;
34460 : 101;
34461 : 110;
34462 : 110;
34463 : 001;
34464 : 110;
34465 : 100;
34466 : 110;
34467 : 101;
34468 : 010;
34469 : 100;
34470 : 001;
34471 : 110;
34472 : 100;
34473 : 011;
34474 : 100;
34475 : 000;
34476 : 110;
34477 : 000;
34478 : 111;
34479 : 100;
34480 : 010;
34481 : 101;
34482 : 110;
34483 : 000;
34484 : 110;
34485 : 001;
34486 : 110;
34487 : 000;
34488 : 110;
34489 : 000;
34490 : 000;
34491 : 101;
34492 : 000;
34493 : 000;
34494 : 000;
34495 : 000;
34496 : 000;
34497 : 000;
34498 : 000;
34499 : 000;
34500 : 100;
34501 : 000;
34502 : 000;
34503 : 000;
34504 : 001;
34505 : 100;
34506 : 011;
34507 : 000;
34508 : 100;
34509 : 010;
34510 : 100;
34511 : 010;
34512 : 001;
34513 : 100;
34514 : 000;
34515 : 000;
34516 : 100;
34517 : 001;
34518 : 110;
34519 : 001;
34520 : 100;
34521 : 000;
34522 : 000;
34523 : 100;
34524 : 000;
34525 : 000;
34526 : 000;
34527 : 000;
34528 : 000;
34529 : 000;
34530 : 000;
34531 : 000;
34532 : 000;
34533 : 000;
34534 : 000;
34535 : 000;
34536 : 000;
34537 : 000;
34538 : 000;
34539 : 100;
34540 : 000;
34541 : 000;
34542 : 000;
34543 : 001;
34544 : 000;
34545 : 000;
34546 : 000;
34547 : 100;
34548 : 000;
34549 : 000;
34550 : 000;
34551 : 010;
34552 : 000;
34553 : 000;
34554 : 000;
34555 : 010;
34556 : 000;
34557 : 010;
34558 : 100;
34559 : 000;
34560 : 000;
34561 : 000;
34562 : 000;
34563 : 000;
34564 : 000;
34565 : 001;
34566 : 000;
34567 : 000;
34568 : 001;
34569 : 100;
34570 : 000;
34571 : 001;
34572 : 000;
34573 : 010;
34574 : 001;
34575 : 000;
34576 : 000;
34577 : 100;
34578 : 000;
34579 : 000;
34580 : 000;
34581 : 111;
34582 : 000;
34583 : 100;
34584 : 001;
34585 : 100;
34586 : 000;
34587 : 110;
34588 : 001;
34589 : 000;
34590 : 000;
34591 : 000;
34592 : 100;
34593 : 111;
34594 : 000;
34595 : 000;
34596 : 001;
34597 : 100;
34598 : 000;
34599 : 011;
34600 : 100;
34601 : 000;
34602 : 011;
34603 : 100;
34604 : 000;
34605 : 000;
34606 : 100;
34607 : 000;
34608 : 000;
34609 : 111;
34610 : 000;
34611 : 101;
34612 : 000;
34613 : 000;
34614 : 000;
34615 : 010;
34616 : 101;
34617 : 000;
34618 : 110;
34619 : 000;
34620 : 100;
34621 : 000;
34622 : 111;
34623 : 000;
34624 : 000;
34625 : 010;
34626 : 101;
34627 : 010;
34628 : 100;
34629 : 000;
34630 : 010;
34631 : 000;
34632 : 000;
34633 : 000;
34634 : 110;
34635 : 111;
34636 : 100;
34637 : 000;
34638 : 110;
34639 : 001;
34640 : 110;
34641 : 101;
34642 : 010;
34643 : 101;
34644 : 111;
34645 : 111;
34646 : 100;
34647 : 000;
34648 : 100;
34649 : 010;
34650 : 101;
34651 : 000;
34652 : 110;
34653 : 001;
34654 : 110;
34655 : 101;
34656 : 110;
34657 : 101;
34658 : 010;
34659 : 100;
34660 : 011;
34661 : 100;
34662 : 110;
34663 : 111;
34664 : 000;
34665 : 101;
34666 : 110;
34667 : 100;
34668 : 000;
34669 : 000;
34670 : 000;
34671 : 000;
34672 : 000;
34673 : 000;
34674 : 000;
34675 : 000;
34676 : 000;
34677 : 000;
34678 : 100;
34679 : 001;
34680 : 000;
34681 : 100;
34682 : 111;
34683 : 111;
34684 : 001;
34685 : 110;
34686 : 011;
34687 : 101;
34688 : 010;
34689 : 101;
34690 : 011;
34691 : 110;
34692 : 101;
34693 : 011;
34694 : 110;
34695 : 101;
34696 : 010;
34697 : 101;
34698 : 011;
34699 : 100;
34700 : 011;
34701 : 100;
34702 : 111;
34703 : 010;
34704 : 101;
34705 : 110;
34706 : 111;
34707 : 001;
34708 : 110;
34709 : 101;
34710 : 000;
34711 : 111;
34712 : 010;
34713 : 111;
34714 : 100;
34715 : 111;
34716 : 110;
34717 : 001;
34718 : 110;
34719 : 111;
34720 : 101;
34721 : 010;
34722 : 101;
34723 : 010;
34724 : 111;
34725 : 100;
34726 : 011;
34727 : 100;
34728 : 111;
34729 : 110;
34730 : 101;
34731 : 010;
34732 : 111;
34733 : 100;
34734 : 111;
34735 : 000;
34736 : 111;
34737 : 100;
34738 : 111;
34739 : 000;
34740 : 111;
34741 : 000;
34742 : 111;
34743 : 000;
34744 : 111;
34745 : 100;
34746 : 000;
34747 : 111;
34748 : 100;
34749 : 111;
34750 : 000;
34751 : 110;
34752 : 000;
34753 : 101;
34754 : 110;
34755 : 001;
34756 : 110;
34757 : 001;
34758 : 110;
34759 : 001;
34760 : 100;
34761 : 011;
34762 : 100;
34763 : 011;
34764 : 100;
34765 : 111;
34766 : 000;
34767 : 111;
34768 : 000;
34769 : 100;
34770 : 011;
34771 : 100;
34772 : 001;
34773 : 000;
34774 : 100;
34775 : 001;
34776 : 100;
34777 : 100;
34778 : 011;
34779 : 100;
34780 : 110;
34781 : 001;
34782 : 100;
34783 : 110;
34784 : 101;
34785 : 010;
34786 : 101;
34787 : 010;
34788 : 101;
34789 : 110;
34790 : 100;
34791 : 011;
34792 : 100;
34793 : 000;
34794 : 110;
34795 : 001;
34796 : 100;
34797 : 111;
34798 : 100;
34799 : 111;
34800 : 100;
34801 : 010;
34802 : 101;
34803 : 110;
34804 : 101;
34805 : 000;
34806 : 100;
34807 : 110;
34808 : 001;
34809 : 100;
34810 : 000;
34811 : 000;
34812 : 000;
34813 : 000;
34814 : 000;
34815 : 110;
34816 : 000;
34817 : 000;
34818 : 000;
34819 : 000;
34820 : 001;
34821 : 000;
34822 : 010;
34823 : 000;
34824 : 100;
34825 : 010;
34826 : 000;
34827 : 000;
34828 : 000;
34829 : 001;
34830 : 000;
34831 : 100;
34832 : 000;
34833 : 011;
34834 : 000;
34835 : 000;
34836 : 111;
34837 : 000;
34838 : 100;
34839 : 010;
34840 : 001;
34841 : 110;
34842 : 000;
34843 : 000;
34844 : 000;
34845 : 001;
34846 : 000;
34847 : 111;
34848 : 000;
34849 : 101;
34850 : 010;
34851 : 100;
34852 : 001;
34853 : 010;
34854 : 101;
34855 : 010;
34856 : 101;
34857 : 010;
34858 : 100;
34859 : 000;
34860 : 000;
34861 : 000;
34862 : 000;
34863 : 010;
34864 : 000;
34865 : 000;
34866 : 000;
34867 : 000;
34868 : 000;
34869 : 000;
34870 : 000;
34871 : 101;
34872 : 000;
34873 : 010;
34874 : 000;
34875 : 000;
34876 : 101;
34877 : 000;
34878 : 001;
34879 : 000;
34880 : 000;
34881 : 100;
34882 : 011;
34883 : 000;
34884 : 100;
34885 : 010;
34886 : 100;
34887 : 000;
34888 : 000;
34889 : 000;
34890 : 000;
34891 : 000;
34892 : 100;
34893 : 000;
34894 : 100;
34895 : 000;
34896 : 000;
34897 : 000;
34898 : 110;
34899 : 000;
34900 : 000;
34901 : 110;
34902 : 000;
34903 : 110;
34904 : 000;
34905 : 010;
34906 : 000;
34907 : 101;
34908 : 010;
34909 : 000;
34910 : 000;
34911 : 000;
34912 : 000;
34913 : 000;
34914 : 111;
34915 : 000;
34916 : 000;
34917 : 000;
34918 : 000;
34919 : 000;
34920 : 000;
34921 : 000;
34922 : 000;
34923 : 000;
34924 : 000;
34925 : 001;
34926 : 000;
34927 : 010;
34928 : 000;
34929 : 000;
34930 : 000;
34931 : 010;
34932 : 100;
34933 : 011;
34934 : 100;
34935 : 000;
34936 : 000;
34937 : 110;
34938 : 001;
34939 : 000;
34940 : 000;
34941 : 000;
34942 : 000;
34943 : 111;
34944 : 000;
34945 : 000;
34946 : 000;
34947 : 000;
34948 : 001;
34949 : 000;
34950 : 000;
34951 : 000;
34952 : 000;
34953 : 000;
34954 : 101;
34955 : 010;
34956 : 111;
34957 : 101;
34958 : 000;
34959 : 110;
34960 : 101;
34961 : 110;
34962 : 101;
34963 : 110;
34964 : 100;
34965 : 000;
34966 : 111;
34967 : 111;
34968 : 000;
34969 : 111;
34970 : 000;
34971 : 111;
34972 : 000;
34973 : 111;
34974 : 100;
34975 : 111;
34976 : 001;
34977 : 110;
34978 : 101;
34979 : 000;
34980 : 100;
34981 : 010;
34982 : 000;
34983 : 000;
34984 : 000;
34985 : 000;
34986 : 000;
34987 : 011;
34988 : 000;
34989 : 000;
34990 : 000;
34991 : 000;
34992 : 010;
34993 : 100;
34994 : 000;
34995 : 000;
34996 : 100;
34997 : 011;
34998 : 000;
34999 : 000;
35000 : 110;
35001 : 111;
35002 : 000;
35003 : 111;
35004 : 110;
35005 : 101;
35006 : 111;
35007 : 110;
35008 : 111;
35009 : 111;
35010 : 101;
35011 : 111;
35012 : 110;
35013 : 101;
35014 : 111;
35015 : 010;
35016 : 111;
35017 : 111;
35018 : 100;
35019 : 111;
35020 : 111;
35021 : 010;
35022 : 101;
35023 : 000;
35024 : 111;
35025 : 000;
35026 : 111;
35027 : 100;
35028 : 111;
35029 : 010;
35030 : 101;
35031 : 010;
35032 : 101;
35033 : 110;
35034 : 011;
35035 : 100;
35036 : 111;
35037 : 110;
35038 : 001;
35039 : 110;
35040 : 101;
35041 : 110;
35042 : 111;
35043 : 100;
35044 : 011;
35045 : 100;
35046 : 111;
35047 : 111;
35048 : 000;
35049 : 111;
35050 : 010;
35051 : 101;
35052 : 110;
35053 : 001;
35054 : 111;
35055 : 110;
35056 : 001;
35057 : 110;
35058 : 011;
35059 : 100;
35060 : 111;
35061 : 000;
35062 : 110;
35063 : 101;
35064 : 010;
35065 : 101;
35066 : 010;
35067 : 101;
35068 : 010;
35069 : 100;
35070 : 011;
35071 : 100;
35072 : 001;
35073 : 110;
35074 : 000;
35075 : 111;
35076 : 100;
35077 : 010;
35078 : 101;
35079 : 010;
35080 : 100;
35081 : 111;
35082 : 000;
35083 : 111;
35084 : 000;
35085 : 111;
35086 : 000;
35087 : 111;
35088 : 000;
35089 : 111;
35090 : 000;
35091 : 100;
35092 : 010;
35093 : 100;
35094 : 111;
35095 : 100;
35096 : 010;
35097 : 100;
35098 : 100;
35099 : 011;
35100 : 100;
35101 : 110;
35102 : 001;
35103 : 110;
35104 : 000;
35105 : 111;
35106 : 100;
35107 : 110;
35108 : 100;
35109 : 011;
35110 : 100;
35111 : 000;
35112 : 110;
35113 : 001;
35114 : 100;
35115 : 110;
35116 : 000;
35117 : 110;
35118 : 000;
35119 : 100;
35120 : 011;
35121 : 100;
35122 : 110;
35123 : 000;
35124 : 110;
35125 : 110;
35126 : 001;
35127 : 100;
35128 : 000;
35129 : 000;
35130 : 000;
35131 : 000;
35132 : 010;
35133 : 000;
35134 : 000;
35135 : 000;
35136 : 000;
35137 : 000;
35138 : 001;
35139 : 000;
35140 : 000;
35141 : 000;
35142 : 000;
35143 : 000;
35144 : 000;
35145 : 000;
35146 : 000;
35147 : 100;
35148 : 000;
35149 : 000;
35150 : 000;
35151 : 000;
35152 : 000;
35153 : 000;
35154 : 100;
35155 : 010;
35156 : 100;
35157 : 111;
35158 : 110;
35159 : 101;
35160 : 110;
35161 : 000;
35162 : 001;
35163 : 000;
35164 : 000;
35165 : 010;
35166 : 100;
35167 : 000;
35168 : 010;
35169 : 100;
35170 : 001;
35171 : 010;
35172 : 100;
35173 : 000;
35174 : 000;
35175 : 000;
35176 : 000;
35177 : 101;
35178 : 000;
35179 : 000;
35180 : 000;
35181 : 001;
35182 : 000;
35183 : 100;
35184 : 000;
35185 : 000;
35186 : 000;
35187 : 000;
35188 : 000;
35189 : 000;
35190 : 000;
35191 : 010;
35192 : 000;
35193 : 100;
35194 : 000;
35195 : 000;
35196 : 000;
35197 : 000;
35198 : 000;
35199 : 000;
35200 : 000;
35201 : 000;
35202 : 000;
35203 : 000;
35204 : 000;
35205 : 000;
35206 : 001;
35207 : 010;
35208 : 100;
35209 : 000;
35210 : 010;
35211 : 000;
35212 : 000;
35213 : 011;
35214 : 000;
35215 : 000;
35216 : 110;
35217 : 000;
35218 : 000;
35219 : 000;
35220 : 000;
35221 : 101;
35222 : 000;
35223 : 000;
35224 : 101;
35225 : 000;
35226 : 000;
35227 : 000;
35228 : 100;
35229 : 000;
35230 : 000;
35231 : 000;
35232 : 000;
35233 : 110;
35234 : 000;
35235 : 100;
35236 : 010;
35237 : 000;
35238 : 000;
35239 : 000;
35240 : 000;
35241 : 100;
35242 : 000;
35243 : 000;
35244 : 110;
35245 : 000;
35246 : 000;
35247 : 100;
35248 : 000;
35249 : 000;
35250 : 100;
35251 : 001;
35252 : 000;
35253 : 100;
35254 : 000;
35255 : 000;
35256 : 100;
35257 : 001;
35258 : 000;
35259 : 010;
35260 : 000;
35261 : 001;
35262 : 100;
35263 : 000;
35264 : 100;
35265 : 011;
35266 : 100;
35267 : 000;
35268 : 010;
35269 : 100;
35270 : 001;
35271 : 000;
35272 : 000;
35273 : 110;
35274 : 101;
35275 : 110;
35276 : 101;
35277 : 110;
35278 : 111;
35279 : 100;
35280 : 111;
35281 : 100;
35282 : 111;
35283 : 010;
35284 : 111;
35285 : 101;
35286 : 110;
35287 : 000;
35288 : 111;
35289 : 100;
35290 : 111;
35291 : 100;
35292 : 111;
35293 : 110;
35294 : 001;
35295 : 110;
35296 : 111;
35297 : 100;
35298 : 010;
35299 : 100;
35300 : 011;
35301 : 000;
35302 : 000;
35303 : 100;
35304 : 011;
35305 : 000;
35306 : 000;
35307 : 100;
35308 : 000;
35309 : 000;
35310 : 000;
35311 : 000;
35312 : 100;
35313 : 001;
35314 : 000;
35315 : 000;
35316 : 000;
35317 : 000;
35318 : 100;
35319 : 000;
35320 : 001;
35321 : 110;
35322 : 111;
35323 : 100;
35324 : 111;
35325 : 010;
35326 : 101;
35327 : 111;
35328 : 101;
35329 : 010;
35330 : 111;
35331 : 100;
35332 : 011;
35333 : 111;
35334 : 100;
35335 : 111;
35336 : 100;
35337 : 111;
35338 : 011;
35339 : 100;
35340 : 111;
35341 : 100;
35342 : 111;
35343 : 000;
35344 : 110;
35345 : 101;
35346 : 110;
35347 : 011;
35348 : 100;
35349 : 111;
35350 : 100;
35351 : 110;
35352 : 001;
35353 : 111;
35354 : 100;
35355 : 011;
35356 : 101;
35357 : 110;
35358 : 101;
35359 : 010;
35360 : 111;
35361 : 001;
35362 : 110;
35363 : 111;
35364 : 101;
35365 : 010;
35366 : 101;
35367 : 110;
35368 : 001;
35369 : 110;
35370 : 101;
35371 : 111;
35372 : 000;
35373 : 111;
35374 : 110;
35375 : 101;
35376 : 110;
35377 : 101;
35378 : 110;
35379 : 001;
35380 : 110;
35381 : 101;
35382 : 010;
35383 : 101;
35384 : 010;
35385 : 100;
35386 : 111;
35387 : 000;
35388 : 111;
35389 : 100;
35390 : 001;
35391 : 110;
35392 : 000;
35393 : 111;
35394 : 000;
35395 : 100;
35396 : 011;
35397 : 100;
35398 : 001;
35399 : 110;
35400 : 001;
35401 : 110;
35402 : 001;
35403 : 100;
35404 : 011;
35405 : 100;
35406 : 111;
35407 : 000;
35408 : 111;
35409 : 000;
35410 : 111;
35411 : 000;
35412 : 101;
35413 : 000;
35414 : 000;
35415 : 100;
35416 : 001;
35417 : 010;
35418 : 100;
35419 : 000;
35420 : 111;
35421 : 100;
35422 : 110;
35423 : 101;
35424 : 110;
35425 : 000;
35426 : 111;
35427 : 000;
35428 : 111;
35429 : 000;
35430 : 110;
35431 : 001;
35432 : 100;
35433 : 010;
35434 : 100;
35435 : 011;
35436 : 100;
35437 : 101;
35438 : 110;
35439 : 001;
35440 : 110;
35441 : 101;
35442 : 110;
35443 : 101;
35444 : 000;
35445 : 111;
35446 : 000;
35447 : 110;
35448 : 000;
35449 : 110;
35450 : 000;
35451 : 000;
35452 : 000;
35453 : 000;
35454 : 000;
35455 : 000;
35456 : 000;
35457 : 000;
35458 : 000;
35459 : 000;
35460 : 000;
35461 : 000;
35462 : 000;
35463 : 000;
35464 : 001;
35465 : 000;
35466 : 000;
35467 : 000;
35468 : 000;
35469 : 000;
35470 : 000;
35471 : 011;
35472 : 000;
35473 : 000;
35474 : 001;
35475 : 000;
35476 : 000;
35477 : 000;
35478 : 000;
35479 : 000;
35480 : 000;
35481 : 110;
35482 : 000;
35483 : 000;
35484 : 000;
35485 : 100;
35486 : 011;
35487 : 100;
35488 : 001;
35489 : 010;
35490 : 100;
35491 : 001;
35492 : 000;
35493 : 011;
35494 : 100;
35495 : 001;
35496 : 010;
35497 : 000;
35498 : 010;
35499 : 000;
35500 : 000;
35501 : 010;
35502 : 000;
35503 : 000;
35504 : 000;
35505 : 000;
35506 : 000;
35507 : 000;
35508 : 000;
35509 : 010;
35510 : 100;
35511 : 000;
35512 : 000;
35513 : 001;
35514 : 000;
35515 : 000;
35516 : 000;
35517 : 000;
35518 : 010;
35519 : 000;
35520 : 000;
35521 : 100;
35522 : 000;
35523 : 110;
35524 : 001;
35525 : 110;
35526 : 000;
35527 : 000;
35528 : 000;
35529 : 100;
35530 : 001;
35531 : 100;
35532 : 000;
35533 : 100;
35534 : 000;
35535 : 000;
35536 : 000;
35537 : 001;
35538 : 000;
35539 : 000;
35540 : 000;
35541 : 110;
35542 : 001;
35543 : 010;
35544 : 000;
35545 : 110;
35546 : 000;
35547 : 000;
35548 : 010;
35549 : 000;
35550 : 000;
35551 : 000;
35552 : 000;
35553 : 000;
35554 : 001;
35555 : 000;
35556 : 101;
35557 : 000;
35558 : 100;
35559 : 010;
35560 : 000;
35561 : 001;
35562 : 010;
35563 : 000;
35564 : 000;
35565 : 000;
35566 : 000;
35567 : 000;
35568 : 000;
35569 : 000;
35570 : 010;
35571 : 100;
35572 : 000;
35573 : 010;
35574 : 000;
35575 : 000;
35576 : 010;
35577 : 000;
35578 : 100;
35579 : 000;
35580 : 101;
35581 : 010;
35582 : 000;
35583 : 011;
35584 : 000;
35585 : 100;
35586 : 000;
35587 : 100;
35588 : 000;
35589 : 000;
35590 : 000;
35591 : 000;
35592 : 000;
35593 : 111;
35594 : 000;
35595 : 111;
35596 : 000;
35597 : 111;
35598 : 000;
35599 : 100;
35600 : 011;
35601 : 110;
35602 : 101;
35603 : 101;
35604 : 110;
35605 : 100;
35606 : 011;
35607 : 100;
35608 : 111;
35609 : 000;
35610 : 111;
35611 : 010;
35612 : 101;
35613 : 110;
35614 : 101;
35615 : 110;
35616 : 101;
35617 : 010;
35618 : 100;
35619 : 000;
35620 : 100;
35621 : 111;
35622 : 101;
35623 : 010;
35624 : 100;
35625 : 000;
35626 : 100;
35627 : 010;
35628 : 000;
35629 : 000;
35630 : 000;
35631 : 000;
35632 : 000;
35633 : 010;
35634 : 000;
35635 : 000;
35636 : 000;
35637 : 000;
35638 : 010;
35639 : 000;
35640 : 100;
35641 : 111;
35642 : 110;
35643 : 111;
35644 : 101;
35645 : 111;
35646 : 110;
35647 : 011;
35648 : 110;
35649 : 101;
35650 : 111;
35651 : 111;
35652 : 110;
35653 : 101;
35654 : 011;
35655 : 111;
35656 : 111;
35657 : 000;
35658 : 111;
35659 : 110;
35660 : 001;
35661 : 111;
35662 : 110;
35663 : 001;
35664 : 110;
35665 : 001;
35666 : 110;
35667 : 101;
35668 : 110;
35669 : 001;
35670 : 110;
35671 : 001;
35672 : 110;
35673 : 101;
35674 : 110;
35675 : 111;
35676 : 000;
35677 : 111;
35678 : 111;
35679 : 100;
35680 : 111;
35681 : 110;
35682 : 001;
35683 : 110;
35684 : 111;
35685 : 100;
35686 : 011;
35687 : 110;
35688 : 101;
35689 : 111;
35690 : 000;
35691 : 111;
35692 : 110;
35693 : 101;
35694 : 011;
35695 : 100;
35696 : 011;
35697 : 110;
35698 : 001;
35699 : 110;
35700 : 001;
35701 : 110;
35702 : 101;
35703 : 010;
35704 : 101;
35705 : 010;
35706 : 101;
35707 : 110;
35708 : 000;
35709 : 111;
35710 : 000;
35711 : 000;
35712 : 101;
35713 : 010;
35714 : 101;
35715 : 010;
35716 : 101;
35717 : 010;
35718 : 100;
35719 : 011;
35720 : 100;
35721 : 001;
35722 : 110;
35723 : 000;
35724 : 111;
35725 : 000;
35726 : 111;
35727 : 000;
35728 : 110;
35729 : 101;
35730 : 110;
35731 : 111;
35732 : 010;
35733 : 100;
35734 : 011;
35735 : 100;
35736 : 110;
35737 : 001;
35738 : 110;
35739 : 101;
35740 : 010;
35741 : 101;
35742 : 010;
35743 : 101;
35744 : 010;
35745 : 101;
35746 : 110;
35747 : 000;
35748 : 100;
35749 : 101;
35750 : 000;
35751 : 110;
35752 : 000;
35753 : 101;
35754 : 110;
35755 : 100;
35756 : 010;
35757 : 101;
35758 : 010;
35759 : 100;
35760 : 110;
35761 : 000;
35762 : 111;
35763 : 100;
35764 : 110;
35765 : 000;
35766 : 100;
35767 : 000;
35768 : 000;
35769 : 001;
35770 : 000;
35771 : 000;
35772 : 000;
35773 : 000;
35774 : 001;
35775 : 000;
35776 : 000;
35777 : 000;
35778 : 000;
35779 : 000;
35780 : 000;
35781 : 000;
35782 : 000;
35783 : 000;
35784 : 000;
35785 : 000;
35786 : 000;
35787 : 000;
35788 : 000;
35789 : 000;
35790 : 000;
35791 : 100;
35792 : 000;
35793 : 000;
35794 : 000;
35795 : 000;
35796 : 000;
35797 : 001;
35798 : 000;
35799 : 010;
35800 : 001;
35801 : 000;
35802 : 100;
35803 : 011;
35804 : 000;
35805 : 000;
35806 : 001;
35807 : 110;
35808 : 000;
35809 : 101;
35810 : 010;
35811 : 000;
35812 : 100;
35813 : 000;
35814 : 010;
35815 : 100;
35816 : 000;
35817 : 100;
35818 : 001;
35819 : 000;
35820 : 000;
35821 : 100;
35822 : 000;
35823 : 000;
35824 : 000;
35825 : 000;
35826 : 000;
35827 : 001;
35828 : 000;
35829 : 000;
35830 : 000;
35831 : 001;
35832 : 100;
35833 : 000;
35834 : 000;
35835 : 000;
35836 : 000;
35837 : 101;
35838 : 000;
35839 : 000;
35840 : 000;
35841 : 000;
35842 : 000;
35843 : 000;
35844 : 000;
35845 : 000;
35846 : 000;
35847 : 000;
35848 : 000;
35849 : 000;
35850 : 010;
35851 : 000;
35852 : 000;
35853 : 000;
35854 : 000;
35855 : 000;
35856 : 000;
35857 : 100;
35858 : 010;
35859 : 000;
35860 : 000;
35861 : 111;
35862 : 000;
35863 : 100;
35864 : 001;
35865 : 110;
35866 : 000;
35867 : 000;
35868 : 001;
35869 : 100;
35870 : 000;
35871 : 000;
35872 : 100;
35873 : 000;
35874 : 110;
35875 : 000;
35876 : 010;
35877 : 100;
35878 : 000;
35879 : 001;
35880 : 000;
35881 : 000;
35882 : 000;
35883 : 100;
35884 : 000;
35885 : 000;
35886 : 000;
35887 : 000;
35888 : 000;
35889 : 001;
35890 : 100;
35891 : 000;
35892 : 001;
35893 : 100;
35894 : 000;
35895 : 000;
35896 : 001;
35897 : 100;
35898 : 010;
35899 : 000;
35900 : 000;
35901 : 000;
35902 : 100;
35903 : 000;
35904 : 111;
35905 : 000;
35906 : 010;
35907 : 001;
35908 : 000;
35909 : 000;
35910 : 100;
35911 : 000;
35912 : 000;
35913 : 111;
35914 : 100;
35915 : 110;
35916 : 101;
35917 : 110;
35918 : 101;
35919 : 010;
35920 : 100;
35921 : 111;
35922 : 110;
35923 : 111;
35924 : 001;
35925 : 111;
35926 : 100;
35927 : 111;
35928 : 100;
35929 : 111;
35930 : 100;
35931 : 111;
35932 : 100;
35933 : 111;
35934 : 110;
35935 : 001;
35936 : 110;
35937 : 101;
35938 : 000;
35939 : 110;
35940 : 001;
35941 : 100;
35942 : 010;
35943 : 101;
35944 : 000;
35945 : 111;
35946 : 000;
35947 : 100;
35948 : 000;
35949 : 000;
35950 : 000;
35951 : 001;
35952 : 100;
35953 : 000;
35954 : 000;
35955 : 100;
35956 : 000;
35957 : 000;
35958 : 101;
35959 : 000;
35960 : 000;
35961 : 111;
35962 : 111;
35963 : 110;
35964 : 111;
35965 : 110;
35966 : 101;
35967 : 111;
35968 : 101;
35969 : 110;
35970 : 011;
35971 : 101;
35972 : 011;
35973 : 110;
35974 : 111;
35975 : 100;
35976 : 111;
35977 : 111;
35978 : 100;
35979 : 111;
35980 : 110;
35981 : 001;
35982 : 100;
35983 : 000;
35984 : 111;
35985 : 100;
35986 : 011;
35987 : 100;
35988 : 011;
35989 : 110;
35990 : 101;
35991 : 010;
35992 : 101;
35993 : 010;
35994 : 101;
35995 : 110;
35996 : 111;
35997 : 000;
35998 : 111;
35999 : 010;
36000 : 101;
36001 : 111;
36002 : 100;
36003 : 011;
36004 : 101;
36005 : 110;
36006 : 111;
36007 : 000;
36008 : 111;
36009 : 010;
36010 : 101;
36011 : 110;
36012 : 001;
36013 : 110;
36014 : 111;
36015 : 000;
36016 : 111;
36017 : 101;
36018 : 010;
36019 : 101;
36020 : 110;
36021 : 001;
36022 : 110;
36023 : 000;
36024 : 101;
36025 : 110;
36026 : 000;
36027 : 111;
36028 : 000;
36029 : 111;
36030 : 000;
36031 : 110;
36032 : 000;
36033 : 101;
36034 : 110;
36035 : 000;
36036 : 100;
36037 : 011;
36038 : 100;
36039 : 101;
36040 : 010;
36041 : 100;
36042 : 011;
36043 : 100;
36044 : 111;
36045 : 000;
36046 : 111;
36047 : 000;
36048 : 101;
36049 : 010;
36050 : 001;
36051 : 110;
36052 : 101;
36053 : 110;
36054 : 000;
36055 : 100;
36056 : 011;
36057 : 100;
36058 : 000;
36059 : 110;
36060 : 101;
36061 : 000;
36062 : 110;
36063 : 000;
36064 : 101;
36065 : 010;
36066 : 100;
36067 : 001;
36068 : 110;
36069 : 000;
36070 : 110;
36071 : 001;
36072 : 110;
36073 : 000;
36074 : 101;
36075 : 010;
36076 : 101;
36077 : 110;
36078 : 100;
36079 : 011;
36080 : 100;
36081 : 111;
36082 : 000;
36083 : 111;
36084 : 000;
36085 : 111;
36086 : 100;
36087 : 011;
36088 : 100;
36089 : 000;
36090 : 100;
36091 : 000;
36092 : 000;
36093 : 000;
36094 : 000;
36095 : 000;
36096 : 000;
36097 : 000;
36098 : 000;
36099 : 000;
36100 : 000;
36101 : 000;
36102 : 000;
36103 : 000;
36104 : 000;
36105 : 000;
36106 : 000;
36107 : 000;
36108 : 001;
36109 : 010;
36110 : 000;
36111 : 000;
36112 : 000;
36113 : 000;
36114 : 000;
36115 : 010;
36116 : 000;
36117 : 000;
36118 : 000;
36119 : 000;
36120 : 000;
36121 : 000;
36122 : 000;
36123 : 000;
36124 : 100;
36125 : 010;
36126 : 100;
36127 : 001;
36128 : 110;
36129 : 000;
36130 : 001;
36131 : 100;
36132 : 010;
36133 : 001;
36134 : 100;
36135 : 001;
36136 : 010;
36137 : 001;
36138 : 000;
36139 : 100;
36140 : 000;
36141 : 000;
36142 : 001;
36143 : 000;
36144 : 000;
36145 : 000;
36146 : 000;
36147 : 100;
36148 : 000;
36149 : 000;
36150 : 000;
36151 : 100;
36152 : 010;
36153 : 000;
36154 : 000;
36155 : 000;
36156 : 010;
36157 : 000;
36158 : 000;
36159 : 000;
36160 : 000;
36161 : 000;
36162 : 000;
36163 : 000;
36164 : 000;
36165 : 000;
36166 : 000;
36167 : 100;
36168 : 000;
36169 : 000;
36170 : 000;
36171 : 000;
36172 : 000;
36173 : 000;
36174 : 000;
36175 : 000;
36176 : 000;
36177 : 000;
36178 : 100;
36179 : 000;
36180 : 000;
36181 : 110;
36182 : 000;
36183 : 000;
36184 : 000;
36185 : 101;
36186 : 000;
36187 : 000;
36188 : 000;
36189 : 000;
36190 : 000;
36191 : 000;
36192 : 000;
36193 : 000;
36194 : 001;
36195 : 000;
36196 : 000;
36197 : 001;
36198 : 010;
36199 : 000;
36200 : 000;
36201 : 000;
36202 : 000;
36203 : 000;
36204 : 000;
36205 : 000;
36206 : 000;
36207 : 000;
36208 : 000;
36209 : 000;
36210 : 010;
36211 : 000;
36212 : 110;
36213 : 000;
36214 : 000;
36215 : 000;
36216 : 000;
36217 : 000;
36218 : 000;
36219 : 000;
36220 : 100;
36221 : 010;
36222 : 101;
36223 : 010;
36224 : 000;
36225 : 000;
36226 : 000;
36227 : 000;
36228 : 100;
36229 : 000;
36230 : 110;
36231 : 000;
36232 : 111;
36233 : 100;
36234 : 111;
36235 : 000;
36236 : 111;
36237 : 000;
36238 : 111;
36239 : 101;
36240 : 100;
36241 : 000;
36242 : 111;
36243 : 100;
36244 : 111;
36245 : 110;
36246 : 101;
36247 : 110;
36248 : 001;
36249 : 110;
36250 : 111;
36251 : 100;
36252 : 011;
36253 : 100;
36254 : 111;
36255 : 110;
36256 : 101;
36257 : 010;
36258 : 100;
36259 : 000;
36260 : 110;
36261 : 101;
36262 : 010;
36263 : 100;
36264 : 110;
36265 : 000;
36266 : 111;
36267 : 000;
36268 : 000;
36269 : 000;
36270 : 000;
36271 : 000;
36272 : 010;
36273 : 000;
36274 : 000;
36275 : 000;
36276 : 000;
36277 : 010;
36278 : 000;
36279 : 000;
36280 : 010;
36281 : 111;
36282 : 101;
36283 : 110;
36284 : 001;
36285 : 111;
36286 : 111;
36287 : 110;
36288 : 011;
36289 : 111;
36290 : 100;
36291 : 111;
36292 : 110;
36293 : 101;
36294 : 111;
36295 : 011;
36296 : 100;
36297 : 111;
36298 : 011;
36299 : 101;
36300 : 110;
36301 : 111;
36302 : 000;
36303 : 000;
36304 : 110;
36305 : 001;
36306 : 110;
36307 : 101;
36308 : 110;
36309 : 101;
36310 : 010;
36311 : 101;
36312 : 010;
36313 : 101;
36314 : 110;
36315 : 001;
36316 : 110;
36317 : 101;
36318 : 110;
36319 : 101;
36320 : 010;
36321 : 101;
36322 : 010;
36323 : 111;
36324 : 110;
36325 : 001;
36326 : 111;
36327 : 100;
36328 : 111;
36329 : 100;
36330 : 011;
36331 : 100;
36332 : 111;
36333 : 000;
36334 : 111;
36335 : 100;
36336 : 011;
36337 : 100;
36338 : 111;
36339 : 000;
36340 : 111;
36341 : 100;
36342 : 011;
36343 : 100;
36344 : 010;
36345 : 101;
36346 : 010;
36347 : 101;
36348 : 110;
36349 : 000;
36350 : 101;
36351 : 010;
36352 : 101;
36353 : 010;
36354 : 101;
36355 : 010;
36356 : 101;
36357 : 110;
36358 : 001;
36359 : 110;
36360 : 001;
36361 : 110;
36362 : 001;
36363 : 110;
36364 : 001;
36365 : 110;
36366 : 001;
36367 : 110;
36368 : 001;
36369 : 110;
36370 : 101;
36371 : 010;
36372 : 101;
36373 : 000;
36374 : 111;
36375 : 000;
36376 : 100;
36377 : 010;
36378 : 101;
36379 : 000;
36380 : 110;
36381 : 001;
36382 : 100;
36383 : 110;
36384 : 000;
36385 : 100;
36386 : 000;
36387 : 110;
36388 : 000;
36389 : 100;
36390 : 000;
36391 : 110;
36392 : 101;
36393 : 110;
36394 : 100;
36395 : 110;
36396 : 000;
36397 : 101;
36398 : 010;
36399 : 100;
36400 : 111;
36401 : 100;
36402 : 110;
36403 : 000;
36404 : 100;
36405 : 010;
36406 : 100;
36407 : 000;
36408 : 000;
36409 : 110;
36410 : 000;
36411 : 000;
36412 : 000;
36413 : 000;
36414 : 000;
36415 : 000;
36416 : 000;
36417 : 000;
36418 : 100;
36419 : 000;
36420 : 010;
36421 : 000;
36422 : 000;
36423 : 000;
36424 : 000;
36425 : 000;
36426 : 000;
36427 : 000;
36428 : 000;
36429 : 000;
36430 : 000;
36431 : 000;
36432 : 000;
36433 : 000;
36434 : 001;
36435 : 000;
36436 : 000;
36437 : 000;
36438 : 100;
36439 : 000;
36440 : 000;
36441 : 000;
36442 : 000;
36443 : 000;
36444 : 001;
36445 : 000;
36446 : 000;
36447 : 011;
36448 : 100;
36449 : 011;
36450 : 100;
36451 : 000;
36452 : 000;
36453 : 110;
36454 : 001;
36455 : 110;
36456 : 000;
36457 : 110;
36458 : 000;
36459 : 000;
36460 : 010;
36461 : 000;
36462 : 000;
36463 : 110;
36464 : 000;
36465 : 000;
36466 : 000;
36467 : 000;
36468 : 010;
36469 : 000;
36470 : 000;
36471 : 000;
36472 : 000;
36473 : 000;
36474 : 000;
36475 : 000;
36476 : 000;
36477 : 000;
36478 : 000;
36479 : 000;
36480 : 110;
36481 : 000;
36482 : 000;
36483 : 100;
36484 : 010;
36485 : 100;
36486 : 000;
36487 : 000;
36488 : 000;
36489 : 100;
36490 : 010;
36491 : 100;
36492 : 000;
36493 : 000;
36494 : 000;
36495 : 000;
36496 : 110;
36497 : 001;
36498 : 000;
36499 : 000;
36500 : 001;
36501 : 110;
36502 : 000;
36503 : 101;
36504 : 010;
36505 : 000;
36506 : 110;
36507 : 000;
36508 : 110;
36509 : 000;
36510 : 000;
36511 : 000;
36512 : 010;
36513 : 000;
36514 : 100;
36515 : 000;
36516 : 000;
36517 : 100;
36518 : 100;
36519 : 000;
36520 : 110;
36521 : 000;
36522 : 000;
36523 : 000;
36524 : 000;
36525 : 000;
36526 : 000;
36527 : 000;
36528 : 000;
36529 : 100;
36530 : 001;
36531 : 000;
36532 : 000;
36533 : 001;
36534 : 110;
36535 : 000;
36536 : 100;
36537 : 110;
36538 : 001;
36539 : 000;
36540 : 000;
36541 : 000;
36542 : 000;
36543 : 000;
36544 : 000;
36545 : 100;
36546 : 000;
36547 : 000;
36548 : 000;
36549 : 000;
36550 : 000;
36551 : 000;
36552 : 111;
36553 : 110;
36554 : 001;
36555 : 110;
36556 : 111;
36557 : 100;
36558 : 000;
36559 : 110;
36560 : 111;
36561 : 100;
36562 : 111;
36563 : 111;
36564 : 100;
36565 : 111;
36566 : 010;
36567 : 101;
36568 : 110;
36569 : 101;
36570 : 010;
36571 : 101;
36572 : 110;
36573 : 101;
36574 : 110;
36575 : 001;
36576 : 110;
36577 : 100;
36578 : 001;
36579 : 100;
36580 : 010;
36581 : 100;
36582 : 111;
36583 : 100;
36584 : 001;
36585 : 110;
36586 : 100;
36587 : 000;
36588 : 101;
36589 : 000;
36590 : 000;
36591 : 100;
36592 : 000;
36593 : 000;
36594 : 001;
36595 : 110;
36596 : 000;
36597 : 000;
36598 : 100;
36599 : 000;
36600 : 100;
36601 : 111;
36602 : 110;
36603 : 111;
36604 : 111;
36605 : 100;
36606 : 111;
36607 : 101;
36608 : 110;
36609 : 101;
36610 : 010;
36611 : 101;
36612 : 011;
36613 : 100;
36614 : 110;
36615 : 101;
36616 : 010;
36617 : 101;
36618 : 110;
36619 : 111;
36620 : 000;
36621 : 111;
36622 : 000;
36623 : 100;
36624 : 011;
36625 : 100;
36626 : 011;
36627 : 100;
36628 : 011;
36629 : 100;
36630 : 111;
36631 : 100;
36632 : 000;
36633 : 111;
36634 : 110;
36635 : 101;
36636 : 111;
36637 : 010;
36638 : 101;
36639 : 111;
36640 : 110;
36641 : 111;
36642 : 100;
36643 : 101;
36644 : 010;
36645 : 101;
36646 : 110;
36647 : 011;
36648 : 100;
36649 : 011;
36650 : 110;
36651 : 101;
36652 : 010;
36653 : 111;
36654 : 100;
36655 : 011;
36656 : 110;
36657 : 101;
36658 : 010;
36659 : 101;
36660 : 010;
36661 : 100;
36662 : 111;
36663 : 000;
36664 : 111;
36665 : 100;
36666 : 011;
36667 : 100;
36668 : 001;
36669 : 110;
36670 : 000;
36671 : 101;
36672 : 010;
36673 : 100;
36674 : 010;
36675 : 101;
36676 : 010;
36677 : 101;
36678 : 010;
36679 : 100;
36680 : 011;
36681 : 100;
36682 : 011;
36683 : 100;
36684 : 011;
36685 : 100;
36686 : 111;
36687 : 000;
36688 : 110;
36689 : 001;
36690 : 100;
36691 : 011;
36692 : 000;
36693 : 000;
36694 : 000;
36695 : 000;
36696 : 111;
36697 : 000;
36698 : 100;
36699 : 011;
36700 : 100;
36701 : 000;
36702 : 000;
36703 : 001;
36704 : 100;
36705 : 010;
36706 : 001;
36707 : 100;
36708 : 000;
36709 : 111;
36710 : 000;
36711 : 101;
36712 : 010;
36713 : 100;
36714 : 011;
36715 : 100;
36716 : 111;
36717 : 100;
36718 : 111;
36719 : 000;
36720 : 100;
36721 : 011;
36722 : 100;
36723 : 111;
36724 : 100;
36725 : 101;
36726 : 010;
36727 : 100;
36728 : 000;
36729 : 000;
36730 : 000;
36731 : 000;
36732 : 001;
36733 : 000;
36734 : 000;
36735 : 000;
36736 : 100;
36737 : 000;
36738 : 001;
36739 : 000;
36740 : 000;
36741 : 000;
36742 : 000;
36743 : 000;
36744 : 100;
36745 : 000;
36746 : 010;
36747 : 000;
36748 : 000;
36749 : 000;
36750 : 000;
36751 : 000;
36752 : 000;
36753 : 000;
36754 : 000;
36755 : 100;
36756 : 000;
36757 : 000;
36758 : 000;
36759 : 000;
36760 : 001;
36761 : 000;
36762 : 000;
36763 : 000;
36764 : 000;
36765 : 000;
36766 : 000;
36767 : 000;
36768 : 000;
36769 : 110;
36770 : 000;
36771 : 001;
36772 : 010;
36773 : 101;
36774 : 010;
36775 : 101;
36776 : 110;
36777 : 001;
36778 : 110;
36779 : 000;
36780 : 001;
36781 : 100;
36782 : 000;
36783 : 000;
36784 : 000;
36785 : 000;
36786 : 000;
36787 : 000;
36788 : 000;
36789 : 000;
36790 : 001;
36791 : 110;
36792 : 000;
36793 : 000;
36794 : 000;
36795 : 001;
36796 : 100;
36797 : 000;
36798 : 000;
36799 : 000;
36800 : 111;
36801 : 110;
36802 : 000;
36803 : 000;
36804 : 111;
36805 : 111;
36806 : 111;
36807 : 000;
36808 : 000;
36809 : 111;
36810 : 111;
36811 : 111;
36812 : 000;
36813 : 000;
36814 : 100;
36815 : 000;
36816 : 000;
36817 : 000;
36818 : 010;
36819 : 000;
36820 : 100;
36821 : 101;
36822 : 000;
36823 : 000;
36824 : 000;
36825 : 111;
36826 : 000;
36827 : 000;
36828 : 111;
36829 : 100;
36830 : 000;
36831 : 101;
36832 : 110;
36833 : 000;
36834 : 010;
36835 : 101;
36836 : 110;
36837 : 000;
36838 : 010;
36839 : 111;
36840 : 101;
36841 : 000;
36842 : 000;
36843 : 000;
36844 : 000;
36845 : 100;
36846 : 001;
36847 : 000;
36848 : 000;
36849 : 010;
36850 : 100;
36851 : 000;
36852 : 110;
36853 : 000;
36854 : 100;
36855 : 001;
36856 : 110;
36857 : 000;
36858 : 000;
36859 : 000;
36860 : 000;
36861 : 000;
36862 : 110;
36863 : 000;
36864 : 000;
36865 : 000;
36866 : 000;
36867 : 000;
36868 : 000;
36869 : 000;
36870 : 000;
36871 : 101;
36872 : 100;
36873 : 111;
36874 : 110;
36875 : 101;
36876 : 111;
36877 : 000;
36878 : 111;
36879 : 100;
36880 : 011;
36881 : 000;
36882 : 100;
36883 : 011;
36884 : 100;
36885 : 111;
36886 : 100;
36887 : 111;
36888 : 000;
36889 : 111;
36890 : 100;
36891 : 111;
36892 : 110;
36893 : 001;
36894 : 110;
36895 : 111;
36896 : 101;
36897 : 110;
36898 : 000;
36899 : 100;
36900 : 001;
36901 : 110;
36902 : 101;
36903 : 110;
36904 : 101;
36905 : 000;
36906 : 111;
36907 : 000;
36908 : 000;
36909 : 000;
36910 : 000;
36911 : 000;
36912 : 000;
36913 : 000;
36914 : 000;
36915 : 000;
36916 : 101;
36917 : 000;
36918 : 000;
36919 : 011;
36920 : 000;
36921 : 110;
36922 : 101;
36923 : 110;
36924 : 111;
36925 : 111;
36926 : 010;
36927 : 100;
36928 : 011;
36929 : 100;
36930 : 110;
36931 : 100;
36932 : 110;
36933 : 001;
36934 : 110;
36935 : 000;
36936 : 110;
36937 : 100;
36938 : 011;
36939 : 100;
36940 : 111;
36941 : 100;
36942 : 010;
36943 : 000;
36944 : 100;
36945 : 111;
36946 : 000;
36947 : 110;
36948 : 101;
36949 : 010;
36950 : 111;
36951 : 000;
36952 : 111;
36953 : 000;
36954 : 111;
36955 : 010;
36956 : 101;
36957 : 110;
36958 : 001;
36959 : 110;
36960 : 001;
36961 : 111;
36962 : 010;
36963 : 101;
36964 : 110;
36965 : 111;
36966 : 000;
36967 : 111;
36968 : 100;
36969 : 111;
36970 : 000;
36971 : 111;
36972 : 100;
36973 : 111;
36974 : 011;
36975 : 100;
36976 : 111;
36977 : 000;
36978 : 111;
36979 : 100;
36980 : 011;
36981 : 100;
36982 : 001;
36983 : 110;
36984 : 001;
36985 : 110;
36986 : 101;
36987 : 010;
36988 : 100;
36989 : 001;
36990 : 010;
36991 : 100;
36992 : 111;
36993 : 000;
36994 : 101;
36995 : 110;
36996 : 000;
36997 : 100;
36998 : 011;
36999 : 100;
37000 : 000;
37001 : 111;
37002 : 000;
37003 : 111;
37004 : 100;
37005 : 011;
37006 : 100;
37007 : 011;
37008 : 100;
37009 : 010;
37010 : 000;
37011 : 000;
37012 : 000;
37013 : 000;
37014 : 000;
37015 : 000;
37016 : 000;
37017 : 000;
37018 : 000;
37019 : 100;
37020 : 000;
37021 : 010;
37022 : 100;
37023 : 010;
37024 : 000;
37025 : 100;
37026 : 000;
37027 : 110;
37028 : 000;
37029 : 100;
37030 : 110;
37031 : 100;
37032 : 011;
37033 : 100;
37034 : 100;
37035 : 011;
37036 : 100;
37037 : 010;
37038 : 100;
37039 : 111;
37040 : 100;
37041 : 010;
37042 : 100;
37043 : 000;
37044 : 011;
37045 : 100;
37046 : 000;
37047 : 111;
37048 : 000;
37049 : 100;
37050 : 001;
37051 : 000;
37052 : 000;
37053 : 000;
37054 : 000;
37055 : 000;
37056 : 000;
37057 : 000;
37058 : 000;
37059 : 000;
37060 : 000;
37061 : 000;
37062 : 000;
37063 : 001;
37064 : 000;
37065 : 000;
37066 : 000;
37067 : 000;
37068 : 000;
37069 : 000;
37070 : 000;
37071 : 000;
37072 : 001;
37073 : 000;
37074 : 000;
37075 : 000;
37076 : 000;
37077 : 000;
37078 : 000;
37079 : 000;
37080 : 000;
37081 : 000;
37082 : 000;
37083 : 010;
37084 : 000;
37085 : 000;
37086 : 100;
37087 : 001;
37088 : 000;
37089 : 000;
37090 : 000;
37091 : 100;
37092 : 000;
37093 : 000;
37094 : 110;
37095 : 001;
37096 : 100;
37097 : 010;
37098 : 001;
37099 : 000;
37100 : 000;
37101 : 000;
37102 : 000;
37103 : 001;
37104 : 000;
37105 : 000;
37106 : 000;
37107 : 000;
37108 : 001;
37109 : 000;
37110 : 000;
37111 : 000;
37112 : 101;
37113 : 000;
37114 : 000;
37115 : 000;
37116 : 000;
37117 : 000;
37118 : 000;
37119 : 000;
37120 : 110;
37121 : 001;
37122 : 000;
37123 : 000;
37124 : 100;
37125 : 111;
37126 : 000;
37127 : 000;
37128 : 000;
37129 : 000;
37130 : 110;
37131 : 000;
37132 : 000;
37133 : 000;
37134 : 000;
37135 : 010;
37136 : 100;
37137 : 000;
37138 : 000;
37139 : 000;
37140 : 000;
37141 : 110;
37142 : 000;
37143 : 000;
37144 : 100;
37145 : 000;
37146 : 100;
37147 : 000;
37148 : 000;
37149 : 000;
37150 : 000;
37151 : 000;
37152 : 000;
37153 : 000;
37154 : 100;
37155 : 000;
37156 : 000;
37157 : 000;
37158 : 100;
37159 : 000;
37160 : 000;
37161 : 000;
37162 : 000;
37163 : 000;
37164 : 000;
37165 : 000;
37166 : 000;
37167 : 000;
37168 : 000;
37169 : 100;
37170 : 001;
37171 : 000;
37172 : 000;
37173 : 000;
37174 : 000;
37175 : 000;
37176 : 000;
37177 : 000;
37178 : 000;
37179 : 000;
37180 : 000;
37181 : 101;
37182 : 000;
37183 : 000;
37184 : 000;
37185 : 000;
37186 : 000;
37187 : 000;
37188 : 000;
37189 : 000;
37190 : 000;
37191 : 010;
37192 : 111;
37193 : 000;
37194 : 111;
37195 : 000;
37196 : 111;
37197 : 100;
37198 : 010;
37199 : 101;
37200 : 110;
37201 : 101;
37202 : 000;
37203 : 110;
37204 : 001;
37205 : 110;
37206 : 001;
37207 : 110;
37208 : 111;
37209 : 100;
37210 : 111;
37211 : 000;
37212 : 111;
37213 : 110;
37214 : 101;
37215 : 110;
37216 : 101;
37217 : 010;
37218 : 100;
37219 : 010;
37220 : 100;
37221 : 111;
37222 : 000;
37223 : 111;
37224 : 110;
37225 : 100;
37226 : 000;
37227 : 000;
37228 : 000;
37229 : 000;
37230 : 010;
37231 : 000;
37232 : 100;
37233 : 000;
37234 : 000;
37235 : 000;
37236 : 000;
37237 : 010;
37238 : 000;
37239 : 100;
37240 : 000;
37241 : 111;
37242 : 111;
37243 : 101;
37244 : 010;
37245 : 100;
37246 : 101;
37247 : 110;
37248 : 100;
37249 : 011;
37250 : 100;
37251 : 011;
37252 : 100;
37253 : 110;
37254 : 001;
37255 : 110;
37256 : 101;
37257 : 010;
37258 : 100;
37259 : 110;
37260 : 001;
37261 : 110;
37262 : 001;
37263 : 100;
37264 : 010;
37265 : 100;
37266 : 011;
37267 : 100;
37268 : 011;
37269 : 100;
37270 : 111;
37271 : 100;
37272 : 011;
37273 : 100;
37274 : 101;
37275 : 110;
37276 : 001;
37277 : 110;
37278 : 111;
37279 : 111;
37280 : 100;
37281 : 111;
37282 : 100;
37283 : 011;
37284 : 101;
37285 : 110;
37286 : 101;
37287 : 010;
37288 : 111;
37289 : 101;
37290 : 110;
37291 : 001;
37292 : 110;
37293 : 001;
37294 : 110;
37295 : 101;
37296 : 010;
37297 : 101;
37298 : 110;
37299 : 000;
37300 : 111;
37301 : 100;
37302 : 010;
37303 : 101;
37304 : 010;
37305 : 100;
37306 : 000;
37307 : 111;
37308 : 000;
37309 : 110;
37310 : 000;
37311 : 101;
37312 : 010;
37313 : 101;
37314 : 010;
37315 : 101;
37316 : 010;
37317 : 101;
37318 : 000;
37319 : 111;
37320 : 000;
37321 : 100;
37322 : 011;
37323 : 100;
37324 : 011;
37325 : 100;
37326 : 000;
37327 : 000;
37328 : 000;
37329 : 001;
37330 : 000;
37331 : 000;
37332 : 000;
37333 : 000;
37334 : 000;
37335 : 000;
37336 : 000;
37337 : 000;
37338 : 000;
37339 : 000;
37340 : 000;
37341 : 000;
37342 : 100;
37343 : 001;
37344 : 100;
37345 : 010;
37346 : 101;
37347 : 000;
37348 : 111;
37349 : 000;
37350 : 111;
37351 : 000;
37352 : 100;
37353 : 111;
37354 : 000;
37355 : 110;
37356 : 101;
37357 : 100;
37358 : 011;
37359 : 100;
37360 : 010;
37361 : 101;
37362 : 110;
37363 : 101;
37364 : 110;
37365 : 000;
37366 : 110;
37367 : 000;
37368 : 000;
37369 : 010;
37370 : 000;
37371 : 000;
37372 : 000;
37373 : 000;
37374 : 000;
37375 : 000;
37376 : 000;
37377 : 010;
37378 : 000;
37379 : 000;
37380 : 000;
37381 : 000;
37382 : 000;
37383 : 000;
37384 : 000;
37385 : 000;
37386 : 000;
37387 : 001;
37388 : 000;
37389 : 000;
37390 : 000;
37391 : 000;
37392 : 000;
37393 : 000;
37394 : 000;
37395 : 000;
37396 : 000;
37397 : 000;
37398 : 001;
37399 : 000;
37400 : 010;
37401 : 000;
37402 : 000;
37403 : 100;
37404 : 000;
37405 : 001;
37406 : 000;
37407 : 010;
37408 : 000;
37409 : 000;
37410 : 111;
37411 : 010;
37412 : 101;
37413 : 110;
37414 : 001;
37415 : 110;
37416 : 001;
37417 : 100;
37418 : 000;
37419 : 100;
37420 : 000;
37421 : 010;
37422 : 100;
37423 : 000;
37424 : 000;
37425 : 000;
37426 : 000;
37427 : 000;
37428 : 000;
37429 : 100;
37430 : 000;
37431 : 010;
37432 : 000;
37433 : 000;
37434 : 000;
37435 : 000;
37436 : 010;
37437 : 101;
37438 : 010;
37439 : 100;
37440 : 000;
37441 : 000;
37442 : 100;
37443 : 000;
37444 : 000;
37445 : 000;
37446 : 000;
37447 : 000;
37448 : 000;
37449 : 000;
37450 : 000;
37451 : 000;
37452 : 100;
37453 : 000;
37454 : 000;
37455 : 000;
37456 : 001;
37457 : 000;
37458 : 100;
37459 : 000;
37460 : 111;
37461 : 000;
37462 : 000;
37463 : 010;
37464 : 001;
37465 : 110;
37466 : 001;
37467 : 000;
37468 : 000;
37469 : 000;
37470 : 000;
37471 : 000;
37472 : 000;
37473 : 000;
37474 : 001;
37475 : 010;
37476 : 000;
37477 : 000;
37478 : 000;
37479 : 111;
37480 : 000;
37481 : 000;
37482 : 000;
37483 : 000;
37484 : 000;
37485 : 000;
37486 : 010;
37487 : 100;
37488 : 111;
37489 : 100;
37490 : 010;
37491 : 100;
37492 : 000;
37493 : 111;
37494 : 000;
37495 : 000;
37496 : 000;
37497 : 000;
37498 : 000;
37499 : 000;
37500 : 000;
37501 : 000;
37502 : 000;
37503 : 000;
37504 : 000;
37505 : 000;
37506 : 001;
37507 : 000;
37508 : 000;
37509 : 000;
37510 : 000;
37511 : 101;
37512 : 110;
37513 : 101;
37514 : 110;
37515 : 111;
37516 : 110;
37517 : 001;
37518 : 100;
37519 : 111;
37520 : 111;
37521 : 110;
37522 : 000;
37523 : 000;
37524 : 100;
37525 : 111;
37526 : 110;
37527 : 101;
37528 : 111;
37529 : 010;
37530 : 111;
37531 : 101;
37532 : 110;
37533 : 001;
37534 : 110;
37535 : 001;
37536 : 110;
37537 : 000;
37538 : 101;
37539 : 110;
37540 : 000;
37541 : 111;
37542 : 100;
37543 : 110;
37544 : 001;
37545 : 000;
37546 : 100;
37547 : 010;
37548 : 000;
37549 : 000;
37550 : 100;
37551 : 001;
37552 : 000;
37553 : 010;
37554 : 100;
37555 : 000;
37556 : 000;
37557 : 000;
37558 : 000;
37559 : 000;
37560 : 000;
37561 : 000;
37562 : 111;
37563 : 000;
37564 : 110;
37565 : 101;
37566 : 010;
37567 : 101;
37568 : 010;
37569 : 100;
37570 : 111;
37571 : 100;
37572 : 011;
37573 : 100;
37574 : 110;
37575 : 101;
37576 : 110;
37577 : 101;
37578 : 010;
37579 : 101;
37580 : 110;
37581 : 000;
37582 : 100;
37583 : 011;
37584 : 100;
37585 : 001;
37586 : 100;
37587 : 010;
37588 : 101;
37589 : 110;
37590 : 001;
37591 : 110;
37592 : 101;
37593 : 010;
37594 : 000;
37595 : 111;
37596 : 110;
37597 : 101;
37598 : 010;
37599 : 101;
37600 : 010;
37601 : 101;
37602 : 111;
37603 : 110;
37604 : 011;
37605 : 101;
37606 : 010;
37607 : 101;
37608 : 110;
37609 : 011;
37610 : 100;
37611 : 111;
37612 : 110;
37613 : 101;
37614 : 010;
37615 : 111;
37616 : 100;
37617 : 011;
37618 : 100;
37619 : 111;
37620 : 000;
37621 : 111;
37622 : 000;
37623 : 110;
37624 : 101;
37625 : 010;
37626 : 101;
37627 : 000;
37628 : 111;
37629 : 000;
37630 : 100;
37631 : 011;
37632 : 100;
37633 : 110;
37634 : 000;
37635 : 111;
37636 : 100;
37637 : 010;
37638 : 101;
37639 : 010;
37640 : 101;
37641 : 010;
37642 : 101;
37643 : 000;
37644 : 000;
37645 : 000;
37646 : 000;
37647 : 000;
37648 : 000;
37649 : 000;
37650 : 000;
37651 : 000;
37652 : 100;
37653 : 000;
37654 : 000;
37655 : 000;
37656 : 000;
37657 : 000;
37658 : 000;
37659 : 000;
37660 : 000;
37661 : 000;
37662 : 000;
37663 : 110;
37664 : 000;
37665 : 100;
37666 : 000;
37667 : 000;
37668 : 100;
37669 : 000;
37670 : 100;
37671 : 111;
37672 : 000;
37673 : 110;
37674 : 100;
37675 : 001;
37676 : 110;
37677 : 000;
37678 : 110;
37679 : 101;
37680 : 100;
37681 : 010;
37682 : 101;
37683 : 000;
37684 : 110;
37685 : 001;
37686 : 100;
37687 : 001;
37688 : 100;
37689 : 000;
37690 : 000;
37691 : 000;
37692 : 000;
37693 : 000;
37694 : 000;
37695 : 000;
37696 : 000;
37697 : 000;
37698 : 000;
37699 : 000;
37700 : 000;
37701 : 000;
37702 : 000;
37703 : 000;
37704 : 000;
37705 : 000;
37706 : 000;
37707 : 000;
37708 : 000;
37709 : 000;
37710 : 100;
37711 : 000;
37712 : 000;
37713 : 000;
37714 : 000;
37715 : 000;
37716 : 000;
37717 : 010;
37718 : 000;
37719 : 000;
37720 : 000;
37721 : 000;
37722 : 000;
37723 : 001;
37724 : 000;
37725 : 000;
37726 : 000;
37727 : 000;
37728 : 000;
37729 : 000;
37730 : 000;
37731 : 111;
37732 : 100;
37733 : 011;
37734 : 100;
37735 : 110;
37736 : 111;
37737 : 110;
37738 : 001;
37739 : 010;
37740 : 000;
37741 : 101;
37742 : 000;
37743 : 010;
37744 : 000;
37745 : 000;
37746 : 000;
37747 : 000;
37748 : 010;
37749 : 000;
37750 : 000;
37751 : 100;
37752 : 000;
37753 : 000;
37754 : 010;
37755 : 100;
37756 : 000;
37757 : 000;
37758 : 000;
37759 : 000;
37760 : 000;
37761 : 000;
37762 : 000;
37763 : 000;
37764 : 000;
37765 : 000;
37766 : 110;
37767 : 000;
37768 : 000;
37769 : 100;
37770 : 000;
37771 : 000;
37772 : 000;
37773 : 000;
37774 : 000;
37775 : 000;
37776 : 100;
37777 : 010;
37778 : 000;
37779 : 000;
37780 : 000;
37781 : 100;
37782 : 000;
37783 : 000;
37784 : 100;
37785 : 000;
37786 : 010;
37787 : 000;
37788 : 000;
37789 : 000;
37790 : 000;
37791 : 000;
37792 : 110;
37793 : 000;
37794 : 100;
37795 : 000;
37796 : 100;
37797 : 000;
37798 : 000;
37799 : 000;
37800 : 110;
37801 : 000;
37802 : 000;
37803 : 100;
37804 : 010;
37805 : 101;
37806 : 100;
37807 : 010;
37808 : 000;
37809 : 000;
37810 : 000;
37811 : 001;
37812 : 000;
37813 : 000;
37814 : 000;
37815 : 000;
37816 : 000;
37817 : 000;
37818 : 000;
37819 : 000;
37820 : 000;
37821 : 110;
37822 : 000;
37823 : 000;
37824 : 000;
37825 : 000;
37826 : 000;
37827 : 000;
37828 : 000;
37829 : 000;
37830 : 110;
37831 : 111;
37832 : 000;
37833 : 111;
37834 : 000;
37835 : 101;
37836 : 110;
37837 : 111;
37838 : 100;
37839 : 010;
37840 : 101;
37841 : 110;
37842 : 101;
37843 : 000;
37844 : 010;
37845 : 100;
37846 : 001;
37847 : 110;
37848 : 100;
37849 : 101;
37850 : 110;
37851 : 111;
37852 : 100;
37853 : 111;
37854 : 100;
37855 : 110;
37856 : 001;
37857 : 110;
37858 : 000;
37859 : 101;
37860 : 010;
37861 : 100;
37862 : 011;
37863 : 100;
37864 : 100;
37865 : 010;
37866 : 000;
37867 : 000;
37868 : 000;
37869 : 100;
37870 : 000;
37871 : 000;
37872 : 010;
37873 : 100;
37874 : 001;
37875 : 000;
37876 : 110;
37877 : 000;
37878 : 101;
37879 : 010;
37880 : 101;
37881 : 110;
37882 : 110;
37883 : 100;
37884 : 111;
37885 : 100;
37886 : 110;
37887 : 100;
37888 : 111;
37889 : 000;
37890 : 110;
37891 : 000;
37892 : 100;
37893 : 111;
37894 : 000;
37895 : 110;
37896 : 001;
37897 : 110;
37898 : 100;
37899 : 011;
37900 : 100;
37901 : 111;
37902 : 000;
37903 : 100;
37904 : 010;
37905 : 100;
37906 : 011;
37907 : 100;
37908 : 011;
37909 : 100;
37910 : 111;
37911 : 000;
37912 : 110;
37913 : 101;
37914 : 010;
37915 : 101;
37916 : 000;
37917 : 111;
37918 : 101;
37919 : 110;
37920 : 101;
37921 : 010;
37922 : 111;
37923 : 000;
37924 : 111;
37925 : 110;
37926 : 101;
37927 : 010;
37928 : 101;
37929 : 110;
37930 : 001;
37931 : 110;
37932 : 001;
37933 : 110;
37934 : 101;
37935 : 010;
37936 : 101;
37937 : 110;
37938 : 001;
37939 : 110;
37940 : 000;
37941 : 101;
37942 : 010;
37943 : 101;
37944 : 000;
37945 : 111;
37946 : 000;
37947 : 110;
37948 : 000;
37949 : 000;
37950 : 111;
37951 : 100;
37952 : 011;
37953 : 100;
37954 : 111;
37955 : 000;
37956 : 101;
37957 : 010;
37958 : 100;
37959 : 001;
37960 : 110;
37961 : 000;
37962 : 010;
37963 : 000;
37964 : 000;
37965 : 000;
37966 : 000;
37967 : 000;
37968 : 000;
37969 : 000;
37970 : 000;
37971 : 000;
37972 : 000;
37973 : 000;
37974 : 000;
37975 : 000;
37976 : 000;
37977 : 000;
37978 : 000;
37979 : 000;
37980 : 000;
37981 : 000;
37982 : 000;
37983 : 000;
37984 : 101;
37985 : 010;
37986 : 100;
37987 : 010;
37988 : 101;
37989 : 010;
37990 : 000;
37991 : 100;
37992 : 000;
37993 : 111;
37994 : 000;
37995 : 110;
37996 : 101;
37997 : 110;
37998 : 000;
37999 : 110;
38000 : 001;
38001 : 110;
38002 : 000;
38003 : 110;
38004 : 000;
38005 : 100;
38006 : 010;
38007 : 100;
38008 : 011;
38009 : 100;
38010 : 000;
38011 : 000;
38012 : 000;
38013 : 000;
38014 : 000;
38015 : 000;
38016 : 000;
38017 : 000;
38018 : 000;
38019 : 000;
38020 : 001;
38021 : 000;
38022 : 000;
38023 : 000;
38024 : 000;
38025 : 000;
38026 : 000;
38027 : 000;
38028 : 000;
38029 : 000;
38030 : 000;
38031 : 000;
38032 : 000;
38033 : 010;
38034 : 000;
38035 : 000;
38036 : 000;
38037 : 000;
38038 : 000;
38039 : 000;
38040 : 000;
38041 : 000;
38042 : 000;
38043 : 000;
38044 : 000;
38045 : 000;
38046 : 000;
38047 : 000;
38048 : 000;
38049 : 100;
38050 : 000;
38051 : 000;
38052 : 111;
38053 : 100;
38054 : 111;
38055 : 000;
38056 : 111;
38057 : 100;
38058 : 010;
38059 : 100;
38060 : 000;
38061 : 010;
38062 : 100;
38063 : 000;
38064 : 000;
38065 : 000;
38066 : 000;
38067 : 000;
38068 : 000;
38069 : 000;
38070 : 000;
38071 : 111;
38072 : 000;
38073 : 100;
38074 : 000;
38075 : 000;
38076 : 000;
38077 : 000;
38078 : 000;
38079 : 000;
38080 : 000;
38081 : 000;
38082 : 000;
38083 : 000;
38084 : 000;
38085 : 000;
38086 : 000;
38087 : 000;
38088 : 000;
38089 : 000;
38090 : 000;
38091 : 011;
38092 : 100;
38093 : 000;
38094 : 000;
38095 : 000;
38096 : 000;
38097 : 000;
38098 : 000;
38099 : 000;
38100 : 111;
38101 : 000;
38102 : 000;
38103 : 001;
38104 : 010;
38105 : 100;
38106 : 001;
38107 : 100;
38108 : 000;
38109 : 000;
38110 : 000;
38111 : 000;
38112 : 000;
38113 : 000;
38114 : 000;
38115 : 010;
38116 : 000;
38117 : 000;
38118 : 000;
38119 : 101;
38120 : 000;
38121 : 110;
38122 : 000;
38123 : 101;
38124 : 110;
38125 : 000;
38126 : 000;
38127 : 000;
38128 : 000;
38129 : 000;
38130 : 000;
38131 : 100;
38132 : 000;
38133 : 000;
38134 : 000;
38135 : 100;
38136 : 000;
38137 : 000;
38138 : 000;
38139 : 000;
38140 : 000;
38141 : 001;
38142 : 000;
38143 : 000;
38144 : 000;
38145 : 000;
38146 : 100;
38147 : 000;
38148 : 000;
38149 : 000;
38150 : 000;
38151 : 101;
38152 : 110;
38153 : 101;
38154 : 110;
38155 : 111;
38156 : 101;
38157 : 110;
38158 : 001;
38159 : 110;
38160 : 101;
38161 : 010;
38162 : 111;
38163 : 100;
38164 : 000;
38165 : 101;
38166 : 010;
38167 : 100;
38168 : 001;
38169 : 110;
38170 : 000;
38171 : 000;
38172 : 101;
38173 : 010;
38174 : 101;
38175 : 000;
38176 : 110;
38177 : 101;
38178 : 000;
38179 : 110;
38180 : 001;
38181 : 110;
38182 : 101;
38183 : 000;
38184 : 000;
38185 : 000;
38186 : 101;
38187 : 000;
38188 : 000;
38189 : 011;
38190 : 000;
38191 : 000;
38192 : 100;
38193 : 000;
38194 : 000;
38195 : 000;
38196 : 001;
38197 : 000;
38198 : 000;
38199 : 100;
38200 : 110;
38201 : 101;
38202 : 000;
38203 : 111;
38204 : 000;
38205 : 110;
38206 : 111;
38207 : 000;
38208 : 110;
38209 : 101;
38210 : 100;
38211 : 111;
38212 : 000;
38213 : 111;
38214 : 100;
38215 : 111;
38216 : 100;
38217 : 011;
38218 : 100;
38219 : 110;
38220 : 000;
38221 : 100;
38222 : 111;
38223 : 110;
38224 : 001;
38225 : 100;
38226 : 010;
38227 : 100;
38228 : 101;
38229 : 010;
38230 : 101;
38231 : 110;
38232 : 001;
38233 : 110;
38234 : 001;
38235 : 110;
38236 : 101;
38237 : 010;
38238 : 111;
38239 : 000;
38240 : 111;
38241 : 100;
38242 : 111;
38243 : 100;
38244 : 111;
38245 : 000;
38246 : 111;
38247 : 100;
38248 : 111;
38249 : 011;
38250 : 100;
38251 : 111;
38252 : 000;
38253 : 111;
38254 : 100;
38255 : 111;
38256 : 010;
38257 : 101;
38258 : 010;
38259 : 101;
38260 : 010;
38261 : 100;
38262 : 101;
38263 : 010;
38264 : 100;
38265 : 000;
38266 : 111;
38267 : 000;
38268 : 101;
38269 : 000;
38270 : 000;
38271 : 110;
38272 : 000;
38273 : 101;
38274 : 000;
38275 : 110;
38276 : 000;
38277 : 101;
38278 : 010;
38279 : 000;
38280 : 000;
38281 : 100;
38282 : 000;
38283 : 000;
38284 : 000;
38285 : 000;
38286 : 000;
38287 : 000;
38288 : 000;
38289 : 000;
38290 : 000;
38291 : 000;
38292 : 000;
38293 : 000;
38294 : 000;
38295 : 000;
38296 : 000;
38297 : 000;
38298 : 000;
38299 : 000;
38300 : 000;
38301 : 000;
38302 : 000;
38303 : 000;
38304 : 000;
38305 : 000;
38306 : 101;
38307 : 000;
38308 : 000;
38309 : 100;
38310 : 010;
38311 : 101;
38312 : 010;
38313 : 100;
38314 : 101;
38315 : 010;
38316 : 100;
38317 : 001;
38318 : 110;
38319 : 101;
38320 : 010;
38321 : 100;
38322 : 101;
38323 : 000;
38324 : 111;
38325 : 000;
38326 : 101;
38327 : 010;
38328 : 100;
38329 : 000;
38330 : 000;
38331 : 000;
38332 : 000;
38333 : 000;
38334 : 000;
38335 : 000;
38336 : 001;
38337 : 000;
38338 : 000;
38339 : 000;
38340 : 000;
38341 : 000;
38342 : 000;
38343 : 000;
38344 : 000;
38345 : 000;
38346 : 000;
38347 : 000;
38348 : 000;
38349 : 000;
38350 : 000;
38351 : 000;
38352 : 000;
38353 : 000;
38354 : 000;
38355 : 000;
38356 : 001;
38357 : 000;
38358 : 000;
38359 : 000;
38360 : 000;
38361 : 100;
38362 : 000;
38363 : 000;
38364 : 000;
38365 : 000;
38366 : 000;
38367 : 000;
38368 : 001;
38369 : 000;
38370 : 000;
38371 : 000;
38372 : 000;
38373 : 111;
38374 : 110;
38375 : 111;
38376 : 100;
38377 : 111;
38378 : 000;
38379 : 001;
38380 : 100;
38381 : 100;
38382 : 001;
38383 : 000;
38384 : 000;
38385 : 000;
38386 : 000;
38387 : 000;
38388 : 101;
38389 : 000;
38390 : 000;
38391 : 000;
38392 : 100;
38393 : 001;
38394 : 000;
38395 : 000;
38396 : 001;
38397 : 110;
38398 : 000;
38399 : 000;
38400 : 000;
38401 : 100;
38402 : 000;
38403 : 010;
38404 : 100;
38405 : 000;
38406 : 000;
38407 : 000;
38408 : 000;
38409 : 100;
38410 : 000;
38411 : 000;
38412 : 000;
38413 : 000;
38414 : 000;
38415 : 000;
38416 : 100;
38417 : 001;
38418 : 000;
38419 : 100;
38420 : 010;
38421 : 000;
38422 : 100;
38423 : 000;
38424 : 000;
38425 : 100;
38426 : 010;
38427 : 000;
38428 : 000;
38429 : 000;
38430 : 110;
38431 : 001;
38432 : 000;
38433 : 000;
38434 : 111;
38435 : 000;
38436 : 000;
38437 : 000;
38438 : 000;
38439 : 010;
38440 : 000;
38441 : 001;
38442 : 110;
38443 : 000;
38444 : 000;
38445 : 111;
38446 : 000;
38447 : 100;
38448 : 001;
38449 : 100;
38450 : 000;
38451 : 000;
38452 : 010;
38453 : 000;
38454 : 000;
38455 : 000;
38456 : 001;
38457 : 000;
38458 : 000;
38459 : 000;
38460 : 100;
38461 : 000;
38462 : 000;
38463 : 000;
38464 : 000;
38465 : 000;
38466 : 000;
38467 : 000;
38468 : 000;
38469 : 000;
38470 : 000;
38471 : 000;
38472 : 111;
38473 : 000;
38474 : 111;
38475 : 000;
38476 : 111;
38477 : 110;
38478 : 111;
38479 : 000;
38480 : 111;
38481 : 100;
38482 : 111;
38483 : 000;
38484 : 100;
38485 : 000;
38486 : 111;
38487 : 100;
38488 : 010;
38489 : 101;
38490 : 101;
38491 : 110;
38492 : 000;
38493 : 100;
38494 : 000;
38495 : 100;
38496 : 000;
38497 : 000;
38498 : 110;
38499 : 000;
38500 : 111;
38501 : 100;
38502 : 010;
38503 : 100;
38504 : 000;
38505 : 000;
38506 : 000;
38507 : 000;
38508 : 000;
38509 : 100;
38510 : 000;
38511 : 110;
38512 : 001;
38513 : 000;
38514 : 000;
38515 : 010;
38516 : 000;
38517 : 100;
38518 : 000;
38519 : 000;
38520 : 000;
38521 : 010;
38522 : 100;
38523 : 000;
38524 : 111;
38525 : 110;
38526 : 101;
38527 : 111;
38528 : 100;
38529 : 010;
38530 : 101;
38531 : 010;
38532 : 100;
38533 : 111;
38534 : 000;
38535 : 110;
38536 : 100;
38537 : 110;
38538 : 101;
38539 : 110;
38540 : 101;
38541 : 010;
38542 : 111;
38543 : 100;
38544 : 000;
38545 : 111;
38546 : 000;
38547 : 101;
38548 : 010;
38549 : 100;
38550 : 011;
38551 : 100;
38552 : 111;
38553 : 000;
38554 : 110;
38555 : 001;
38556 : 110;
38557 : 101;
38558 : 110;
38559 : 111;
38560 : 000;
38561 : 111;
38562 : 010;
38563 : 101;
38564 : 010;
38565 : 111;
38566 : 100;
38567 : 011;
38568 : 100;
38569 : 111;
38570 : 000;
38571 : 111;
38572 : 100;
38573 : 011;
38574 : 110;
38575 : 001;
38576 : 100;
38577 : 111;
38578 : 000;
38579 : 100;
38580 : 111;
38581 : 000;
38582 : 110;
38583 : 001;
38584 : 110;
38585 : 001;
38586 : 100;
38587 : 010;
38588 : 100;
38589 : 010;
38590 : 100;
38591 : 001;
38592 : 000;
38593 : 110;
38594 : 000;
38595 : 000;
38596 : 000;
38597 : 000;
38598 : 100;
38599 : 000;
38600 : 000;
38601 : 000;
38602 : 001;
38603 : 000;
38604 : 000;
38605 : 000;
38606 : 001;
38607 : 000;
38608 : 000;
38609 : 000;
38610 : 000;
38611 : 000;
38612 : 000;
38613 : 000;
38614 : 000;
38615 : 000;
38616 : 000;
38617 : 000;
38618 : 000;
38619 : 000;
38620 : 000;
38621 : 000;
38622 : 000;
38623 : 000;
38624 : 000;
38625 : 000;
38626 : 110;
38627 : 000;
38628 : 110;
38629 : 001;
38630 : 100;
38631 : 000;
38632 : 100;
38633 : 010;
38634 : 100;
38635 : 000;
38636 : 110;
38637 : 000;
38638 : 100;
38639 : 010;
38640 : 101;
38641 : 010;
38642 : 100;
38643 : 010;
38644 : 100;
38645 : 111;
38646 : 000;
38647 : 100;
38648 : 001;
38649 : 000;
38650 : 000;
38651 : 000;
38652 : 000;
38653 : 000;
38654 : 000;
38655 : 110;
38656 : 000;
38657 : 000;
38658 : 000;
38659 : 000;
38660 : 000;
38661 : 000;
38662 : 000;
38663 : 000;
38664 : 010;
38665 : 000;
38666 : 000;
38667 : 000;
38668 : 000;
38669 : 000;
38670 : 011;
38671 : 000;
38672 : 000;
38673 : 000;
38674 : 001;
38675 : 100;
38676 : 000;
38677 : 000;
38678 : 000;
38679 : 000;
38680 : 000;
38681 : 000;
38682 : 000;
38683 : 000;
38684 : 000;
38685 : 000;
38686 : 000;
38687 : 100;
38688 : 010;
38689 : 000;
38690 : 000;
38691 : 001;
38692 : 000;
38693 : 110;
38694 : 001;
38695 : 110;
38696 : 111;
38697 : 001;
38698 : 110;
38699 : 000;
38700 : 010;
38701 : 111;
38702 : 000;
38703 : 000;
38704 : 000;
38705 : 000;
38706 : 000;
38707 : 000;
38708 : 000;
38709 : 000;
38710 : 000;
38711 : 111;
38712 : 000;
38713 : 000;
38714 : 000;
38715 : 000;
38716 : 000;
38717 : 000;
38718 : 000;
38719 : 000;
38720 : 000;
38721 : 010;
38722 : 000;
38723 : 000;
38724 : 001;
38725 : 110;
38726 : 000;
38727 : 100;
38728 : 001;
38729 : 010;
38730 : 100;
38731 : 000;
38732 : 000;
38733 : 000;
38734 : 000;
38735 : 000;
38736 : 010;
38737 : 000;
38738 : 000;
38739 : 110;
38740 : 001;
38741 : 000;
38742 : 000;
38743 : 010;
38744 : 001;
38745 : 000;
38746 : 101;
38747 : 000;
38748 : 010;
38749 : 100;
38750 : 000;
38751 : 000;
38752 : 000;
38753 : 100;
38754 : 000;
38755 : 000;
38756 : 000;
38757 : 000;
38758 : 000;
38759 : 100;
38760 : 000;
38761 : 000;
38762 : 000;
38763 : 000;
38764 : 000;
38765 : 000;
38766 : 000;
38767 : 000;
38768 : 000;
38769 : 010;
38770 : 000;
38771 : 000;
38772 : 000;
38773 : 000;
38774 : 000;
38775 : 000;
38776 : 000;
38777 : 010;
38778 : 000;
38779 : 000;
38780 : 111;
38781 : 000;
38782 : 100;
38783 : 000;
38784 : 001;
38785 : 000;
38786 : 000;
38787 : 000;
38788 : 000;
38789 : 000;
38790 : 000;
38791 : 000;
38792 : 000;
38793 : 111;
38794 : 110;
38795 : 111;
38796 : 100;
38797 : 011;
38798 : 101;
38799 : 110;
38800 : 101;
38801 : 110;
38802 : 111;
38803 : 111;
38804 : 000;
38805 : 100;
38806 : 000;
38807 : 111;
38808 : 111;
38809 : 100;
38810 : 010;
38811 : 100;
38812 : 101;
38813 : 110;
38814 : 101;
38815 : 010;
38816 : 100;
38817 : 001;
38818 : 100;
38819 : 111;
38820 : 100;
38821 : 000;
38822 : 101;
38823 : 000;
38824 : 000;
38825 : 000;
38826 : 000;
38827 : 000;
38828 : 000;
38829 : 000;
38830 : 000;
38831 : 000;
38832 : 000;
38833 : 000;
38834 : 000;
38835 : 100;
38836 : 000;
38837 : 000;
38838 : 010;
38839 : 000;
38840 : 000;
38841 : 001;
38842 : 110;
38843 : 111;
38844 : 100;
38845 : 111;
38846 : 110;
38847 : 110;
38848 : 001;
38849 : 110;
38850 : 100;
38851 : 111;
38852 : 000;
38853 : 110;
38854 : 101;
38855 : 010;
38856 : 101;
38857 : 010;
38858 : 101;
38859 : 010;
38860 : 101;
38861 : 110;
38862 : 111;
38863 : 100;
38864 : 010;
38865 : 000;
38866 : 100;
38867 : 010;
38868 : 101;
38869 : 010;
38870 : 101;
38871 : 110;
38872 : 001;
38873 : 110;
38874 : 101;
38875 : 010;
38876 : 100;
38877 : 011;
38878 : 100;
38879 : 011;
38880 : 111;
38881 : 100;
38882 : 111;
38883 : 000;
38884 : 111;
38885 : 101;
38886 : 010;
38887 : 111;
38888 : 000;
38889 : 111;
38890 : 100;
38891 : 011;
38892 : 110;
38893 : 101;
38894 : 000;
38895 : 111;
38896 : 000;
38897 : 110;
38898 : 001;
38899 : 110;
38900 : 001;
38901 : 110;
38902 : 001;
38903 : 100;
38904 : 010;
38905 : 100;
38906 : 001;
38907 : 000;
38908 : 111;
38909 : 000;
38910 : 000;
38911 : 100;
38912 : 000;
38913 : 000;
38914 : 100;
38915 : 110;
38916 : 000;
38917 : 100;
38918 : 000;
38919 : 000;
38920 : 000;
38921 : 000;
38922 : 000;
38923 : 000;
38924 : 000;
38925 : 000;
38926 : 000;
38927 : 000;
38928 : 000;
38929 : 000;
38930 : 000;
38931 : 000;
38932 : 001;
38933 : 000;
38934 : 000;
38935 : 000;
38936 : 000;
38937 : 000;
38938 : 000;
38939 : 000;
38940 : 001;
38941 : 000;
38942 : 000;
38943 : 000;
38944 : 000;
38945 : 000;
38946 : 000;
38947 : 100;
38948 : 000;
38949 : 110;
38950 : 000;
38951 : 110;
38952 : 001;
38953 : 100;
38954 : 011;
38955 : 100;
38956 : 001;
38957 : 110;
38958 : 101;
38959 : 000;
38960 : 110;
38961 : 100;
38962 : 001;
38963 : 100;
38964 : 011;
38965 : 100;
38966 : 010;
38967 : 100;
38968 : 000;
38969 : 000;
38970 : 000;
38971 : 000;
38972 : 000;
38973 : 000;
38974 : 000;
38975 : 000;
38976 : 000;
38977 : 000;
38978 : 000;
38979 : 000;
38980 : 000;
38981 : 000;
38982 : 100;
38983 : 000;
38984 : 000;
38985 : 001;
38986 : 000;
38987 : 000;
38988 : 000;
38989 : 000;
38990 : 000;
38991 : 000;
38992 : 000;
38993 : 000;
38994 : 000;
38995 : 000;
38996 : 000;
38997 : 000;
38998 : 000;
38999 : 000;
39000 : 000;
39001 : 000;
39002 : 001;
39003 : 000;
39004 : 000;
39005 : 000;
39006 : 000;
39007 : 000;
39008 : 000;
39009 : 000;
39010 : 000;
39011 : 000;
39012 : 000;
39013 : 000;
39014 : 110;
39015 : 001;
39016 : 000;
39017 : 110;
39018 : 000;
39019 : 100;
39020 : 000;
39021 : 000;
39022 : 100;
39023 : 010;
39024 : 000;
39025 : 000;
39026 : 000;
39027 : 000;
39028 : 000;
39029 : 000;
39030 : 000;
39031 : 110;
39032 : 100;
39033 : 010;
39034 : 000;
39035 : 100;
39036 : 010;
39037 : 001;
39038 : 000;
39039 : 000;
39040 : 111;
39041 : 100;
39042 : 000;
39043 : 100;
39044 : 111;
39045 : 111;
39046 : 000;
39047 : 000;
39048 : 000;
39049 : 111;
39050 : 111;
39051 : 010;
39052 : 000;
39053 : 000;
39054 : 000;
39055 : 000;
39056 : 100;
39057 : 000;
39058 : 000;
39059 : 101;
39060 : 000;
39061 : 000;
39062 : 100;
39063 : 000;
39064 : 100;
39065 : 010;
39066 : 100;
39067 : 000;
39068 : 100;
39069 : 001;
39070 : 000;
39071 : 000;
39072 : 000;
39073 : 010;
39074 : 100;
39075 : 000;
39076 : 000;
39077 : 000;
39078 : 111;
39079 : 000;
39080 : 000;
39081 : 100;
39082 : 000;
39083 : 000;
39084 : 000;
39085 : 000;
39086 : 000;
39087 : 000;
39088 : 000;
39089 : 000;
39090 : 000;
39091 : 001;
39092 : 000;
39093 : 000;
39094 : 000;
39095 : 000;
39096 : 000;
39097 : 000;
39098 : 000;
39099 : 000;
39100 : 000;
39101 : 000;
39102 : 000;
39103 : 000;
39104 : 000;
39105 : 000;
39106 : 000;
39107 : 000;
39108 : 000;
39109 : 000;
39110 : 000;
39111 : 000;
39112 : 000;
39113 : 000;
39114 : 100;
39115 : 011;
39116 : 100;
39117 : 110;
39118 : 111;
39119 : 110;
39120 : 001;
39121 : 110;
39122 : 101;
39123 : 110;
39124 : 111;
39125 : 010;
39126 : 100;
39127 : 000;
39128 : 110;
39129 : 101;
39130 : 010;
39131 : 101;
39132 : 010;
39133 : 100;
39134 : 010;
39135 : 101;
39136 : 010;
39137 : 100;
39138 : 110;
39139 : 000;
39140 : 011;
39141 : 000;
39142 : 000;
39143 : 000;
39144 : 000;
39145 : 000;
39146 : 000;
39147 : 000;
39148 : 010;
39149 : 100;
39150 : 000;
39151 : 000;
39152 : 000;
39153 : 000;
39154 : 000;
39155 : 000;
39156 : 011;
39157 : 000;
39158 : 000;
39159 : 000;
39160 : 100;
39161 : 000;
39162 : 100;
39163 : 110;
39164 : 111;
39165 : 110;
39166 : 101;
39167 : 110;
39168 : 101;
39169 : 010;
39170 : 101;
39171 : 010;
39172 : 101;
39173 : 010;
39174 : 100;
39175 : 111;
39176 : 100;
39177 : 111;
39178 : 100;
39179 : 110;
39180 : 000;
39181 : 111;
39182 : 110;
39183 : 101;
39184 : 000;
39185 : 111;
39186 : 000;
39187 : 101;
39188 : 010;
39189 : 100;
39190 : 011;
39191 : 100;
39192 : 111;
39193 : 000;
39194 : 111;
39195 : 000;
39196 : 101;
39197 : 010;
39198 : 101;
39199 : 110;
39200 : 101;
39201 : 010;
39202 : 101;
39203 : 110;
39204 : 001;
39205 : 110;
39206 : 101;
39207 : 110;
39208 : 101;
39209 : 010;
39210 : 111;
39211 : 100;
39212 : 011;
39213 : 100;
39214 : 111;
39215 : 000;
39216 : 111;
39217 : 000;
39218 : 110;
39219 : 001;
39220 : 100;
39221 : 010;
39222 : 100;
39223 : 011;
39224 : 100;
39225 : 011;
39226 : 100;
39227 : 000;
39228 : 100;
39229 : 000;
39230 : 110;
39231 : 000;
39232 : 110;
39233 : 000;
39234 : 001;
39235 : 000;
39236 : 100;
39237 : 011;
39238 : 000;
39239 : 000;
39240 : 000;
39241 : 000;
39242 : 000;
39243 : 000;
39244 : 000;
39245 : 000;
39246 : 000;
39247 : 100;
39248 : 000;
39249 : 000;
39250 : 000;
39251 : 000;
39252 : 000;
39253 : 000;
39254 : 000;
39255 : 000;
39256 : 000;
39257 : 000;
39258 : 000;
39259 : 000;
39260 : 000;
39261 : 000;
39262 : 000;
39263 : 000;
39264 : 000;
39265 : 000;
39266 : 000;
39267 : 001;
39268 : 000;
39269 : 100;
39270 : 001;
39271 : 100;
39272 : 010;
39273 : 100;
39274 : 000;
39275 : 110;
39276 : 000;
39277 : 100;
39278 : 010;
39279 : 101;
39280 : 100;
39281 : 011;
39282 : 100;
39283 : 110;
39284 : 000;
39285 : 100;
39286 : 001;
39287 : 000;
39288 : 000;
39289 : 000;
39290 : 000;
39291 : 000;
39292 : 000;
39293 : 000;
39294 : 000;
39295 : 000;
39296 : 000;
39297 : 000;
39298 : 000;
39299 : 000;
39300 : 000;
39301 : 000;
39302 : 000;
39303 : 000;
39304 : 000;
39305 : 000;
39306 : 000;
39307 : 000;
39308 : 100;
39309 : 000;
39310 : 000;
39311 : 000;
39312 : 000;
39313 : 000;
39314 : 000;
39315 : 000;
39316 : 000;
39317 : 000;
39318 : 000;
39319 : 000;
39320 : 000;
39321 : 000;
39322 : 000;
39323 : 000;
39324 : 000;
39325 : 000;
39326 : 000;
39327 : 001;
39328 : 000;
39329 : 000;
39330 : 000;
39331 : 010;
39332 : 000;
39333 : 001;
39334 : 000;
39335 : 100;
39336 : 000;
39337 : 000;
39338 : 100;
39339 : 011;
39340 : 100;
39341 : 110;
39342 : 001;
39343 : 000;
39344 : 000;
39345 : 000;
39346 : 000;
39347 : 000;
39348 : 110;
39349 : 000;
39350 : 000;
39351 : 111;
39352 : 100;
39353 : 000;
39354 : 001;
39355 : 000;
39356 : 000;
39357 : 000;
39358 : 000;
39359 : 000;
39360 : 110;
39361 : 000;
39362 : 000;
39363 : 000;
39364 : 000;
39365 : 110;
39366 : 100;
39367 : 000;
39368 : 000;
39369 : 000;
39370 : 110;
39371 : 000;
39372 : 100;
39373 : 000;
39374 : 000;
39375 : 000;
39376 : 000;
39377 : 000;
39378 : 000;
39379 : 110;
39380 : 000;
39381 : 010;
39382 : 001;
39383 : 110;
39384 : 000;
39385 : 000;
39386 : 111;
39387 : 000;
39388 : 000;
39389 : 000;
39390 : 000;
39391 : 000;
39392 : 000;
39393 : 101;
39394 : 000;
39395 : 000;
39396 : 000;
39397 : 000;
39398 : 000;
39399 : 100;
39400 : 011;
39401 : 000;
39402 : 001;
39403 : 000;
39404 : 000;
39405 : 001;
39406 : 010;
39407 : 000;
39408 : 000;
39409 : 001;
39410 : 000;
39411 : 000;
39412 : 000;
39413 : 000;
39414 : 000;
39415 : 000;
39416 : 000;
39417 : 001;
39418 : 000;
39419 : 100;
39420 : 000;
39421 : 101;
39422 : 000;
39423 : 000;
39424 : 000;
39425 : 000;
39426 : 010;
39427 : 000;
39428 : 000;
39429 : 000;
39430 : 001;
39431 : 000;
39432 : 000;
39433 : 000;
39434 : 100;
39435 : 111;
39436 : 110;
39437 : 001;
39438 : 110;
39439 : 101;
39440 : 110;
39441 : 111;
39442 : 011;
39443 : 101;
39444 : 110;
39445 : 101;
39446 : 110;
39447 : 001;
39448 : 100;
39449 : 111;
39450 : 100;
39451 : 111;
39452 : 100;
39453 : 011;
39454 : 100;
39455 : 100;
39456 : 111;
39457 : 000;
39458 : 001;
39459 : 100;
39460 : 000;
39461 : 000;
39462 : 000;
39463 : 000;
39464 : 000;
39465 : 000;
39466 : 000;
39467 : 000;
39468 : 000;
39469 : 000;
39470 : 000;
39471 : 000;
39472 : 000;
39473 : 000;
39474 : 110;
39475 : 000;
39476 : 100;
39477 : 000;
39478 : 000;
39479 : 000;
39480 : 001;
39481 : 000;
39482 : 010;
39483 : 101;
39484 : 000;
39485 : 110;
39486 : 001;
39487 : 100;
39488 : 010;
39489 : 100;
39490 : 110;
39491 : 100;
39492 : 110;
39493 : 101;
39494 : 000;
39495 : 110;
39496 : 000;
39497 : 110;
39498 : 001;
39499 : 110;
39500 : 101;
39501 : 110;
39502 : 101;
39503 : 110;
39504 : 111;
39505 : 000;
39506 : 110;
39507 : 000;
39508 : 101;
39509 : 010;
39510 : 100;
39511 : 111;
39512 : 000;
39513 : 111;
39514 : 100;
39515 : 111;
39516 : 000;
39517 : 110;
39518 : 001;
39519 : 110;
39520 : 000;
39521 : 111;
39522 : 000;
39523 : 111;
39524 : 110;
39525 : 101;
39526 : 010;
39527 : 111;
39528 : 100;
39529 : 111;
39530 : 000;
39531 : 111;
39532 : 100;
39533 : 011;
39534 : 100;
39535 : 010;
39536 : 101;
39537 : 100;
39538 : 001;
39539 : 110;
39540 : 001;
39541 : 100;
39542 : 011;
39543 : 100;
39544 : 000;
39545 : 100;
39546 : 010;
39547 : 000;
39548 : 111;
39549 : 000;
39550 : 000;
39551 : 101;
39552 : 000;
39553 : 100;
39554 : 010;
39555 : 100;
39556 : 000;
39557 : 100;
39558 : 000;
39559 : 000;
39560 : 000;
39561 : 000;
39562 : 000;
39563 : 000;
39564 : 000;
39565 : 000;
39566 : 000;
39567 : 000;
39568 : 000;
39569 : 010;
39570 : 000;
39571 : 000;
39572 : 000;
39573 : 000;
39574 : 000;
39575 : 000;
39576 : 000;
39577 : 000;
39578 : 000;
39579 : 000;
39580 : 000;
39581 : 000;
39582 : 000;
39583 : 000;
39584 : 000;
39585 : 000;
39586 : 000;
39587 : 110;
39588 : 000;
39589 : 010;
39590 : 100;
39591 : 010;
39592 : 101;
39593 : 110;
39594 : 001;
39595 : 100;
39596 : 111;
39597 : 000;
39598 : 100;
39599 : 010;
39600 : 100;
39601 : 110;
39602 : 001;
39603 : 110;
39604 : 101;
39605 : 010;
39606 : 100;
39607 : 000;
39608 : 000;
39609 : 000;
39610 : 000;
39611 : 000;
39612 : 000;
39613 : 010;
39614 : 001;
39615 : 000;
39616 : 000;
39617 : 000;
39618 : 000;
39619 : 000;
39620 : 000;
39621 : 000;
39622 : 001;
39623 : 000;
39624 : 000;
39625 : 000;
39626 : 000;
39627 : 000;
39628 : 000;
39629 : 000;
39630 : 000;
39631 : 000;
39632 : 000;
39633 : 000;
39634 : 000;
39635 : 000;
39636 : 000;
39637 : 000;
39638 : 000;
39639 : 000;
39640 : 000;
39641 : 000;
39642 : 000;
39643 : 000;
39644 : 000;
39645 : 010;
39646 : 000;
39647 : 000;
39648 : 000;
39649 : 000;
39650 : 000;
39651 : 100;
39652 : 000;
39653 : 000;
39654 : 000;
39655 : 110;
39656 : 001;
39657 : 110;
39658 : 100;
39659 : 110;
39660 : 001;
39661 : 110;
39662 : 100;
39663 : 000;
39664 : 000;
39665 : 000;
39666 : 100;
39667 : 001;
39668 : 000;
39669 : 000;
39670 : 000;
39671 : 110;
39672 : 111;
39673 : 000;
39674 : 000;
39675 : 000;
39676 : 000;
39677 : 000;
39678 : 000;
39679 : 000;
39680 : 000;
39681 : 000;
39682 : 000;
39683 : 000;
39684 : 000;
39685 : 000;
39686 : 001;
39687 : 010;
39688 : 000;
39689 : 100;
39690 : 000;
39691 : 000;
39692 : 000;
39693 : 000;
39694 : 000;
39695 : 000;
39696 : 111;
39697 : 000;
39698 : 000;
39699 : 111;
39700 : 000;
39701 : 100;
39702 : 000;
39703 : 000;
39704 : 000;
39705 : 100;
39706 : 000;
39707 : 000;
39708 : 010;
39709 : 000;
39710 : 000;
39711 : 000;
39712 : 010;
39713 : 100;
39714 : 000;
39715 : 000;
39716 : 000;
39717 : 000;
39718 : 100;
39719 : 010;
39720 : 100;
39721 : 000;
39722 : 010;
39723 : 000;
39724 : 100;
39725 : 000;
39726 : 000;
39727 : 000;
39728 : 000;
39729 : 000;
39730 : 000;
39731 : 000;
39732 : 000;
39733 : 000;
39734 : 001;
39735 : 000;
39736 : 000;
39737 : 000;
39738 : 000;
39739 : 000;
39740 : 000;
39741 : 000;
39742 : 000;
39743 : 000;
39744 : 000;
39745 : 000;
39746 : 000;
39747 : 000;
39748 : 000;
39749 : 000;
39750 : 000;
39751 : 010;
39752 : 000;
39753 : 000;
39754 : 000;
39755 : 000;
39756 : 111;
39757 : 100;
39758 : 111;
39759 : 110;
39760 : 001;
39761 : 100;
39762 : 110;
39763 : 111;
39764 : 111;
39765 : 111;
39766 : 100;
39767 : 111;
39768 : 000;
39769 : 110;
39770 : 011;
39771 : 100;
39772 : 111;
39773 : 100;
39774 : 011;
39775 : 100;
39776 : 010;
39777 : 100;
39778 : 000;
39779 : 000;
39780 : 000;
39781 : 000;
39782 : 000;
39783 : 000;
39784 : 000;
39785 : 010;
39786 : 000;
39787 : 000;
39788 : 000;
39789 : 000;
39790 : 000;
39791 : 000;
39792 : 000;
39793 : 000;
39794 : 000;
39795 : 000;
39796 : 000;
39797 : 000;
39798 : 000;
39799 : 000;
39800 : 000;
39801 : 110;
39802 : 100;
39803 : 010;
39804 : 101;
39805 : 100;
39806 : 110;
39807 : 001;
39808 : 110;
39809 : 001;
39810 : 100;
39811 : 011;
39812 : 100;
39813 : 010;
39814 : 101;
39815 : 110;
39816 : 101;
39817 : 110;
39818 : 101;
39819 : 010;
39820 : 100;
39821 : 011;
39822 : 110;
39823 : 101;
39824 : 010;
39825 : 100;
39826 : 001;
39827 : 110;
39828 : 000;
39829 : 101;
39830 : 010;
39831 : 101;
39832 : 110;
39833 : 001;
39834 : 110;
39835 : 000;
39836 : 111;
39837 : 000;
39838 : 100;
39839 : 011;
39840 : 100;
39841 : 111;
39842 : 100;
39843 : 011;
39844 : 100;
39845 : 011;
39846 : 100;
39847 : 011;
39848 : 100;
39849 : 011;
39850 : 100;
39851 : 011;
39852 : 100;
39853 : 011;
39854 : 100;
39855 : 111;
39856 : 000;
39857 : 110;
39858 : 000;
39859 : 110;
39860 : 000;
39861 : 111;
39862 : 000;
39863 : 100;
39864 : 011;
39865 : 000;
39866 : 101;
39867 : 000;
39868 : 000;
39869 : 111;
39870 : 000;
39871 : 000;
39872 : 010;
39873 : 100;
39874 : 000;
39875 : 100;
39876 : 010;
39877 : 000;
39878 : 000;
39879 : 000;
39880 : 000;
39881 : 000;
39882 : 000;
39883 : 000;
39884 : 000;
39885 : 000;
39886 : 000;
39887 : 000;
39888 : 000;
39889 : 001;
39890 : 000;
39891 : 000;
39892 : 000;
39893 : 000;
39894 : 000;
39895 : 000;
39896 : 000;
39897 : 000;
39898 : 000;
39899 : 000;
39900 : 000;
39901 : 010;
39902 : 000;
39903 : 000;
39904 : 000;
39905 : 000;
39906 : 000;
39907 : 000;
39908 : 101;
39909 : 000;
39910 : 000;
39911 : 100;
39912 : 000;
39913 : 110;
39914 : 100;
39915 : 011;
39916 : 100;
39917 : 111;
39918 : 000;
39919 : 111;
39920 : 000;
39921 : 111;
39922 : 100;
39923 : 000;
39924 : 111;
39925 : 000;
39926 : 000;
39927 : 000;
39928 : 000;
39929 : 000;
39930 : 000;
39931 : 000;
39932 : 000;
39933 : 000;
39934 : 000;
39935 : 000;
39936 : 000;
39937 : 000;
39938 : 000;
39939 : 001;
39940 : 000;
39941 : 000;
39942 : 000;
39943 : 000;
39944 : 000;
39945 : 000;
39946 : 000;
39947 : 000;
39948 : 000;
39949 : 000;
39950 : 000;
39951 : 000;
39952 : 000;
39953 : 000;
39954 : 000;
39955 : 000;
39956 : 000;
39957 : 000;
39958 : 000;
39959 : 000;
39960 : 001;
39961 : 010;
39962 : 000;
39963 : 000;
39964 : 000;
39965 : 000;
39966 : 100;
39967 : 000;
39968 : 000;
39969 : 000;
39970 : 000;
39971 : 001;
39972 : 000;
39973 : 000;
39974 : 000;
39975 : 000;
39976 : 100;
39977 : 000;
39978 : 011;
39979 : 100;
39980 : 111;
39981 : 111;
39982 : 110;
39983 : 000;
39984 : 000;
39985 : 000;
39986 : 000;
39987 : 000;
39988 : 000;
39989 : 000;
39990 : 000;
39991 : 101;
39992 : 000;
39993 : 000;
39994 : 000;
39995 : 000;
39996 : 000;
39997 : 100;
39998 : 000;
39999 : 000;
40000 : 000;
40001 : 000;
40002 : 000;
40003 : 000;
40004 : 111;
40005 : 100;
40006 : 000;
40007 : 000;
40008 : 000;
40009 : 000;
40010 : 000;
40011 : 000;
40012 : 000;
40013 : 000;
40014 : 000;
40015 : 000;
40016 : 000;
40017 : 000;
40018 : 100;
40019 : 000;
40020 : 000;
40021 : 000;
40022 : 000;
40023 : 110;
40024 : 000;
40025 : 001;
40026 : 110;
40027 : 000;
40028 : 000;
40029 : 000;
40030 : 000;
40031 : 000;
40032 : 100;
40033 : 000;
40034 : 000;
40035 : 000;
40036 : 000;
40037 : 000;
40038 : 111;
40039 : 000;
40040 : 001;
40041 : 000;
40042 : 100;
40043 : 000;
40044 : 000;
40045 : 000;
40046 : 000;
40047 : 000;
40048 : 100;
40049 : 000;
40050 : 000;
40051 : 000;
40052 : 000;
40053 : 000;
40054 : 110;
40055 : 000;
40056 : 000;
40057 : 000;
40058 : 000;
40059 : 000;
40060 : 100;
40061 : 000;
40062 : 111;
40063 : 000;
40064 : 000;
40065 : 000;
40066 : 000;
40067 : 000;
40068 : 001;
40069 : 000;
40070 : 000;
40071 : 000;
40072 : 000;
40073 : 000;
40074 : 000;
40075 : 100;
40076 : 011;
40077 : 100;
40078 : 001;
40079 : 110;
40080 : 111;
40081 : 100;
40082 : 011;
40083 : 100;
40084 : 110;
40085 : 001;
40086 : 111;
40087 : 110;
40088 : 111;
40089 : 000;
40090 : 100;
40091 : 111;
40092 : 000;
40093 : 111;
40094 : 100;
40095 : 010;
40096 : 000;
40097 : 000;
40098 : 000;
40099 : 000;
40100 : 000;
40101 : 000;
40102 : 000;
40103 : 000;
40104 : 000;
40105 : 000;
40106 : 100;
40107 : 000;
40108 : 000;
40109 : 000;
40110 : 000;
40111 : 000;
40112 : 000;
40113 : 001;
40114 : 000;
40115 : 000;
40116 : 000;
40117 : 000;
40118 : 000;
40119 : 000;
40120 : 000;
40121 : 000;
40122 : 111;
40123 : 100;
40124 : 110;
40125 : 001;
40126 : 110;
40127 : 100;
40128 : 110;
40129 : 101;
40130 : 010;
40131 : 100;
40132 : 111;
40133 : 100;
40134 : 010;
40135 : 101;
40136 : 010;
40137 : 100;
40138 : 011;
40139 : 100;
40140 : 111;
40141 : 100;
40142 : 111;
40143 : 110;
40144 : 101;
40145 : 010;
40146 : 100;
40147 : 001;
40148 : 110;
40149 : 000;
40150 : 100;
40151 : 011;
40152 : 100;
40153 : 110;
40154 : 001;
40155 : 111;
40156 : 100;
40157 : 011;
40158 : 100;
40159 : 111;
40160 : 000;
40161 : 111;
40162 : 000;
40163 : 111;
40164 : 100;
40165 : 111;
40166 : 100;
40167 : 011;
40168 : 100;
40169 : 111;
40170 : 000;
40171 : 111;
40172 : 100;
40173 : 010;
40174 : 101;
40175 : 000;
40176 : 111;
40177 : 000;
40178 : 111;
40179 : 001;
40180 : 100;
40181 : 000;
40182 : 111;
40183 : 000;
40184 : 100;
40185 : 010;
40186 : 000;
40187 : 100;
40188 : 010;
40189 : 100;
40190 : 000;
40191 : 100;
40192 : 000;
40193 : 000;
40194 : 111;
40195 : 000;
40196 : 000;
40197 : 000;
40198 : 000;
40199 : 000;
40200 : 001;
40201 : 000;
40202 : 000;
40203 : 000;
40204 : 001;
40205 : 000;
40206 : 000;
40207 : 000;
40208 : 000;
40209 : 000;
40210 : 000;
40211 : 000;
40212 : 000;
40213 : 000;
40214 : 000;
40215 : 000;
40216 : 011;
40217 : 000;
40218 : 000;
40219 : 000;
40220 : 000;
40221 : 000;
40222 : 000;
40223 : 000;
40224 : 000;
40225 : 000;
40226 : 000;
40227 : 000;
40228 : 110;
40229 : 100;
40230 : 011;
40231 : 100;
40232 : 011;
40233 : 100;
40234 : 011;
40235 : 100;
40236 : 110;
40237 : 000;
40238 : 111;
40239 : 100;
40240 : 000;
40241 : 110;
40242 : 001;
40243 : 110;
40244 : 100;
40245 : 001;
40246 : 000;
40247 : 000;
40248 : 000;
40249 : 000;
40250 : 000;
40251 : 000;
40252 : 000;
40253 : 000;
40254 : 000;
40255 : 000;
40256 : 000;
40257 : 000;
40258 : 000;
40259 : 000;
40260 : 000;
40261 : 010;
40262 : 000;
40263 : 000;
40264 : 000;
40265 : 000;
40266 : 000;
40267 : 000;
40268 : 000;
40269 : 001;
40270 : 000;
40271 : 000;
40272 : 000;
40273 : 000;
40274 : 001;
40275 : 000;
40276 : 000;
40277 : 000;
40278 : 000;
40279 : 110;
40280 : 000;
40281 : 000;
40282 : 000;
40283 : 000;
40284 : 100;
40285 : 000;
40286 : 000;
40287 : 000;
40288 : 000;
40289 : 000;
40290 : 000;
40291 : 000;
40292 : 000;
40293 : 000;
40294 : 011;
40295 : 000;
40296 : 010;
40297 : 101;
40298 : 110;
40299 : 100;
40300 : 110;
40301 : 100;
40302 : 111;
40303 : 000;
40304 : 000;
40305 : 000;
40306 : 000;
40307 : 000;
40308 : 000;
40309 : 000;
40310 : 000;
40311 : 110;
40312 : 000;
40313 : 110;
40314 : 000;
40315 : 000;
40316 : 000;
40317 : 010;
40318 : 000;
40319 : 000;
40320 : 000;
40321 : 000;
40322 : 000;
40323 : 100;
40324 : 110;
40325 : 111;
40326 : 000;
40327 : 000;
40328 : 000;
40329 : 110;
40330 : 000;
40331 : 001;
40332 : 000;
40333 : 000;
40334 : 000;
40335 : 100;
40336 : 000;
40337 : 000;
40338 : 011;
40339 : 100;
40340 : 000;
40341 : 010;
40342 : 000;
40343 : 101;
40344 : 000;
40345 : 000;
40346 : 000;
40347 : 000;
40348 : 100;
40349 : 000;
40350 : 000;
40351 : 100;
40352 : 011;
40353 : 000;
40354 : 000;
40355 : 110;
40356 : 101;
40357 : 000;
40358 : 110;
40359 : 000;
40360 : 000;
40361 : 000;
40362 : 000;
40363 : 001;
40364 : 010;
40365 : 000;
40366 : 000;
40367 : 001;
40368 : 000;
40369 : 000;
40370 : 010;
40371 : 000;
40372 : 000;
40373 : 000;
40374 : 000;
40375 : 000;
40376 : 000;
40377 : 000;
40378 : 000;
40379 : 101;
40380 : 010;
40381 : 100;
40382 : 000;
40383 : 000;
40384 : 000;
40385 : 000;
40386 : 000;
40387 : 000;
40388 : 100;
40389 : 000;
40390 : 000;
40391 : 000;
40392 : 100;
40393 : 000;
40394 : 000;
40395 : 000;
40396 : 000;
40397 : 100;
40398 : 010;
40399 : 101;
40400 : 000;
40401 : 111;
40402 : 100;
40403 : 111;
40404 : 101;
40405 : 110;
40406 : 111;
40407 : 001;
40408 : 110;
40409 : 111;
40410 : 100;
40411 : 000;
40412 : 110;
40413 : 000;
40414 : 100;
40415 : 000;
40416 : 000;
40417 : 000;
40418 : 000;
40419 : 000;
40420 : 000;
40421 : 000;
40422 : 000;
40423 : 000;
40424 : 000;
40425 : 000;
40426 : 000;
40427 : 000;
40428 : 000;
40429 : 001;
40430 : 000;
40431 : 000;
40432 : 000;
40433 : 000;
40434 : 000;
40435 : 000;
40436 : 000;
40437 : 000;
40438 : 000;
40439 : 000;
40440 : 100;
40441 : 111;
40442 : 100;
40443 : 110;
40444 : 001;
40445 : 110;
40446 : 100;
40447 : 011;
40448 : 100;
40449 : 010;
40450 : 101;
40451 : 000;
40452 : 110;
40453 : 001;
40454 : 110;
40455 : 100;
40456 : 001;
40457 : 110;
40458 : 100;
40459 : 010;
40460 : 101;
40461 : 110;
40462 : 111;
40463 : 000;
40464 : 111;
40465 : 100;
40466 : 011;
40467 : 100;
40468 : 000;
40469 : 111;
40470 : 000;
40471 : 110;
40472 : 001;
40473 : 111;
40474 : 100;
40475 : 010;
40476 : 101;
40477 : 110;
40478 : 001;
40479 : 100;
40480 : 010;
40481 : 101;
40482 : 110;
40483 : 001;
40484 : 110;
40485 : 001;
40486 : 110;
40487 : 101;
40488 : 010;
40489 : 101;
40490 : 110;
40491 : 000;
40492 : 111;
40493 : 000;
40494 : 110;
40495 : 000;
40496 : 111;
40497 : 000;
40498 : 100;
40499 : 010;
40500 : 101;
40501 : 010;
40502 : 100;
40503 : 010;
40504 : 001;
40505 : 100;
40506 : 000;
40507 : 011;
40508 : 100;
40509 : 011;
40510 : 100;
40511 : 000;
40512 : 010;
40513 : 100;
40514 : 000;
40515 : 000;
40516 : 000;
40517 : 001;
40518 : 000;
40519 : 000;
40520 : 000;
40521 : 000;
40522 : 010;
40523 : 000;
40524 : 000;
40525 : 000;
40526 : 010;
40527 : 000;
40528 : 000;
40529 : 000;
40530 : 000;
40531 : 000;
40532 : 000;
40533 : 100;
40534 : 000;
40535 : 000;
40536 : 000;
40537 : 000;
40538 : 000;
40539 : 000;
40540 : 000;
40541 : 100;
40542 : 001;
40543 : 000;
40544 : 000;
40545 : 000;
40546 : 000;
40547 : 000;
40548 : 000;
40549 : 001;
40550 : 110;
40551 : 000;
40552 : 100;
40553 : 100;
40554 : 110;
40555 : 001;
40556 : 100;
40557 : 111;
40558 : 000;
40559 : 110;
40560 : 101;
40561 : 000;
40562 : 110;
40563 : 001;
40564 : 110;
40565 : 000;
40566 : 000;
40567 : 000;
40568 : 000;
40569 : 000;
40570 : 000;
40571 : 000;
40572 : 000;
40573 : 000;
40574 : 000;
40575 : 000;
40576 : 000;
40577 : 000;
40578 : 100;
40579 : 000;
40580 : 000;
40581 : 000;
40582 : 000;
40583 : 000;
40584 : 000;
40585 : 000;
40586 : 000;
40587 : 000;
40588 : 000;
40589 : 000;
40590 : 000;
40591 : 000;
40592 : 000;
40593 : 000;
40594 : 100;
40595 : 000;
40596 : 000;
40597 : 010;
40598 : 000;
40599 : 000;
40600 : 000;
40601 : 000;
40602 : 000;
40603 : 000;
40604 : 000;
40605 : 001;
40606 : 000;
40607 : 000;
40608 : 000;
40609 : 001;
40610 : 010;
40611 : 000;
40612 : 000;
40613 : 000;
40614 : 100;
40615 : 000;
40616 : 000;
40617 : 110;
40618 : 001;
40619 : 110;
40620 : 001;
40621 : 010;
40622 : 000;
40623 : 000;
40624 : 000;
40625 : 000;
40626 : 000;
40627 : 000;
40628 : 000;
40629 : 010;
40630 : 000;
40631 : 000;
40632 : 101;
40633 : 000;
40634 : 000;
40635 : 000;
40636 : 000;
40637 : 000;
40638 : 000;
40639 : 000;
40640 : 000;
40641 : 100;
40642 : 000;
40643 : 000;
40644 : 001;
40645 : 110;
40646 : 000;
40647 : 000;
40648 : 000;
40649 : 000;
40650 : 000;
40651 : 000;
40652 : 000;
40653 : 000;
40654 : 000;
40655 : 010;
40656 : 000;
40657 : 000;
40658 : 100;
40659 : 010;
40660 : 000;
40661 : 101;
40662 : 000;
40663 : 010;
40664 : 000;
40665 : 110;
40666 : 101;
40667 : 000;
40668 : 000;
40669 : 000;
40670 : 000;
40671 : 110;
40672 : 000;
40673 : 000;
40674 : 000;
40675 : 000;
40676 : 000;
40677 : 000;
40678 : 000;
40679 : 000;
40680 : 000;
40681 : 000;
40682 : 000;
40683 : 000;
40684 : 000;
40685 : 000;
40686 : 000;
40687 : 000;
40688 : 000;
40689 : 000;
40690 : 001;
40691 : 000;
40692 : 000;
40693 : 000;
40694 : 000;
40695 : 000;
40696 : 000;
40697 : 000;
40698 : 100;
40699 : 100;
40700 : 000;
40701 : 000;
40702 : 000;
40703 : 000;
40704 : 000;
40705 : 000;
40706 : 001;
40707 : 000;
40708 : 000;
40709 : 000;
40710 : 000;
40711 : 001;
40712 : 000;
40713 : 000;
40714 : 000;
40715 : 000;
40716 : 000;
40717 : 000;
40718 : 000;
40719 : 110;
40720 : 100;
40721 : 011;
40722 : 100;
40723 : 010;
40724 : 111;
40725 : 100;
40726 : 111;
40727 : 110;
40728 : 101;
40729 : 111;
40730 : 010;
40731 : 101;
40732 : 110;
40733 : 000;
40734 : 000;
40735 : 000;
40736 : 000;
40737 : 000;
40738 : 000;
40739 : 000;
40740 : 000;
40741 : 000;
40742 : 000;
40743 : 000;
40744 : 000;
40745 : 000;
40746 : 000;
40747 : 001;
40748 : 000;
40749 : 000;
40750 : 000;
40751 : 000;
40752 : 000;
40753 : 000;
40754 : 000;
40755 : 000;
40756 : 000;
40757 : 000;
40758 : 000;
40759 : 000;
40760 : 000;
40761 : 110;
40762 : 001;
40763 : 110;
40764 : 100;
40765 : 111;
40766 : 000;
40767 : 100;
40768 : 011;
40769 : 100;
40770 : 110;
40771 : 101;
40772 : 110;
40773 : 100;
40774 : 001;
40775 : 110;
40776 : 101;
40777 : 010;
40778 : 101;
40779 : 110;
40780 : 101;
40781 : 010;
40782 : 101;
40783 : 110;
40784 : 101;
40785 : 010;
40786 : 100;
40787 : 011;
40788 : 100;
40789 : 000;
40790 : 111;
40791 : 000;
40792 : 110;
40793 : 001;
40794 : 110;
40795 : 101;
40796 : 010;
40797 : 101;
40798 : 010;
40799 : 101;
40800 : 010;
40801 : 101;
40802 : 010;
40803 : 100;
40804 : 011;
40805 : 100;
40806 : 010;
40807 : 101;
40808 : 000;
40809 : 110;
40810 : 001;
40811 : 100;
40812 : 011;
40813 : 100;
40814 : 001;
40815 : 110;
40816 : 000;
40817 : 111;
40818 : 000;
40819 : 101;
40820 : 010;
40821 : 100;
40822 : 001;
40823 : 100;
40824 : 000;
40825 : 010;
40826 : 100;
40827 : 000;
40828 : 100;
40829 : 000;
40830 : 010;
40831 : 101;
40832 : 000;
40833 : 000;
40834 : 100;
40835 : 001;
40836 : 000;
40837 : 000;
40838 : 000;
40839 : 000;
40840 : 000;
40841 : 000;
40842 : 000;
40843 : 100;
40844 : 000;
40845 : 000;
40846 : 000;
40847 : 000;
40848 : 000;
40849 : 000;
40850 : 100;
40851 : 000;
40852 : 000;
40853 : 000;
40854 : 000;
40855 : 000;
40856 : 000;
40857 : 000;
40858 : 000;
40859 : 000;
40860 : 000;
40861 : 000;
40862 : 000;
40863 : 000;
40864 : 000;
40865 : 000;
40866 : 000;
40867 : 000;
40868 : 000;
40869 : 000;
40870 : 100;
40871 : 111;
40872 : 010;
40873 : 101;
40874 : 010;
40875 : 101;
40876 : 010;
40877 : 100;
40878 : 111;
40879 : 000;
40880 : 111;
40881 : 100;
40882 : 111;
40883 : 000;
40884 : 100;
40885 : 000;
40886 : 000;
40887 : 000;
40888 : 000;
40889 : 000;
40890 : 000;
40891 : 010;
40892 : 000;
40893 : 000;
40894 : 000;
40895 : 000;
40896 : 100;
40897 : 001;
40898 : 000;
40899 : 000;
40900 : 000;
40901 : 000;
40902 : 000;
40903 : 100;
40904 : 000;
40905 : 000;
40906 : 000;
40907 : 000;
40908 : 010;
40909 : 000;
40910 : 000;
40911 : 000;
40912 : 000;
40913 : 000;
40914 : 010;
40915 : 000;
40916 : 000;
40917 : 000;
40918 : 000;
40919 : 000;
40920 : 000;
40921 : 000;
40922 : 000;
40923 : 000;
40924 : 000;
40925 : 000;
40926 : 000;
40927 : 000;
40928 : 000;
40929 : 000;
40930 : 000;
40931 : 000;
40932 : 000;
40933 : 000;
40934 : 000;
40935 : 000;
40936 : 000;
40937 : 000;
40938 : 000;
40939 : 000;
40940 : 000;
40941 : 100;
40942 : 000;
40943 : 000;
40944 : 000;
40945 : 000;
40946 : 000;
40947 : 000;
40948 : 000;
40949 : 000;
40950 : 101;
40951 : 000;
40952 : 110;
40953 : 000;
40954 : 000;
40955 : 000;
40956 : 000;
40957 : 101;
40958 : 000;
40959 : 000;
40960 : 000;
40961 : 000;
40962 : 010;
40963 : 000;
40964 : 000;
40965 : 000;
40966 : 000;
40967 : 000;
40968 : 000;
40969 : 000;
40970 : 100;
40971 : 000;
40972 : 000;
40973 : 000;
40974 : 000;
40975 : 100;
40976 : 000;
40977 : 000;
40978 : 111;
40979 : 000;
40980 : 000;
40981 : 000;
40982 : 000;
40983 : 100;
40984 : 000;
40985 : 000;
40986 : 010;
40987 : 000;
40988 : 000;
40989 : 000;
40990 : 001;
40991 : 000;
40992 : 000;
40993 : 000;
40994 : 000;
40995 : 000;
40996 : 000;
40997 : 110;
40998 : 001;
40999 : 000;
41000 : 000;
41001 : 000;
41002 : 010;
41003 : 000;
41004 : 000;
41005 : 000;
41006 : 000;
41007 : 000;
41008 : 000;
41009 : 000;
41010 : 000;
41011 : 100;
41012 : 000;
41013 : 000;
41014 : 000;
41015 : 001;
41016 : 000;
41017 : 000;
41018 : 010;
41019 : 100;
41020 : 000;
41021 : 000;
41022 : 000;
41023 : 000;
41024 : 000;
41025 : 000;
41026 : 000;
41027 : 000;
41028 : 010;
41029 : 000;
41030 : 000;
41031 : 000;
41032 : 010;
41033 : 000;
41034 : 000;
41035 : 000;
41036 : 000;
41037 : 000;
41038 : 000;
41039 : 001;
41040 : 110;
41041 : 100;
41042 : 011;
41043 : 100;
41044 : 111;
41045 : 010;
41046 : 101;
41047 : 111;
41048 : 010;
41049 : 101;
41050 : 111;
41051 : 110;
41052 : 101;
41053 : 111;
41054 : 000;
41055 : 000;
41056 : 000;
41057 : 000;
41058 : 000;
41059 : 000;
41060 : 000;
41061 : 000;
41062 : 000;
41063 : 000;
41064 : 000;
41065 : 000;
41066 : 100;
41067 : 000;
41068 : 000;
41069 : 000;
41070 : 000;
41071 : 000;
41072 : 000;
41073 : 000;
41074 : 000;
41075 : 000;
41076 : 000;
41077 : 000;
41078 : 000;
41079 : 000;
41080 : 001;
41081 : 110;
41082 : 100;
41083 : 000;
41084 : 111;
41085 : 100;
41086 : 110;
41087 : 101;
41088 : 110;
41089 : 001;
41090 : 110;
41091 : 000;
41092 : 111;
41093 : 000;
41094 : 111;
41095 : 100;
41096 : 010;
41097 : 101;
41098 : 110;
41099 : 000;
41100 : 111;
41101 : 110;
41102 : 101;
41103 : 110;
41104 : 000;
41105 : 111;
41106 : 000;
41107 : 100;
41108 : 011;
41109 : 100;
41110 : 000;
41111 : 111;
41112 : 100;
41113 : 011;
41114 : 100;
41115 : 011;
41116 : 100;
41117 : 111;
41118 : 000;
41119 : 110;
41120 : 001;
41121 : 110;
41122 : 101;
41123 : 010;
41124 : 101;
41125 : 010;
41126 : 101;
41127 : 010;
41128 : 101;
41129 : 010;
41130 : 101;
41131 : 010;
41132 : 100;
41133 : 011;
41134 : 100;
41135 : 001;
41136 : 100;
41137 : 000;
41138 : 111;
41139 : 000;
41140 : 100;
41141 : 010;
41142 : 000;
41143 : 111;
41144 : 000;
41145 : 100;
41146 : 001;
41147 : 110;
41148 : 011;
41149 : 101;
41150 : 000;
41151 : 000;
41152 : 100;
41153 : 010;
41154 : 000;
41155 : 000;
41156 : 000;
41157 : 000;
41158 : 000;
41159 : 000;
41160 : 010;
41161 : 100;
41162 : 000;
41163 : 000;
41164 : 000;
41165 : 000;
41166 : 000;
41167 : 000;
41168 : 000;
41169 : 000;
41170 : 000;
41171 : 000;
41172 : 001;
41173 : 000;
41174 : 000;
41175 : 000;
41176 : 000;
41177 : 000;
41178 : 000;
41179 : 000;
41180 : 000;
41181 : 000;
41182 : 000;
41183 : 000;
41184 : 000;
41185 : 000;
41186 : 000;
41187 : 000;
41188 : 000;
41189 : 000;
41190 : 010;
41191 : 101;
41192 : 100;
41193 : 010;
41194 : 101;
41195 : 110;
41196 : 101;
41197 : 010;
41198 : 100;
41199 : 101;
41200 : 010;
41201 : 100;
41202 : 001;
41203 : 110;
41204 : 000;
41205 : 000;
41206 : 000;
41207 : 000;
41208 : 000;
41209 : 000;
41210 : 000;
41211 : 001;
41212 : 000;
41213 : 000;
41214 : 000;
41215 : 001;
41216 : 000;
41217 : 000;
41218 : 000;
41219 : 000;
41220 : 000;
41221 : 000;
41222 : 000;
41223 : 000;
41224 : 000;
41225 : 000;
41226 : 000;
41227 : 001;
41228 : 000;
41229 : 000;
41230 : 000;
41231 : 000;
41232 : 000;
41233 : 000;
41234 : 000;
41235 : 000;
41236 : 000;
41237 : 000;
41238 : 000;
41239 : 000;
41240 : 000;
41241 : 000;
41242 : 000;
41243 : 001;
41244 : 000;
41245 : 000;
41246 : 000;
41247 : 000;
41248 : 010;
41249 : 000;
41250 : 100;
41251 : 000;
41252 : 000;
41253 : 000;
41254 : 001;
41255 : 000;
41256 : 000;
41257 : 001;
41258 : 100;
41259 : 000;
41260 : 000;
41261 : 000;
41262 : 001;
41263 : 100;
41264 : 000;
41265 : 011;
41266 : 100;
41267 : 000;
41268 : 111;
41269 : 000;
41270 : 000;
41271 : 000;
41272 : 000;
41273 : 000;
41274 : 011;
41275 : 100;
41276 : 000;
41277 : 010;
41278 : 000;
41279 : 000;
41280 : 000;
41281 : 000;
41282 : 101;
41283 : 000;
41284 : 110;
41285 : 100;
41286 : 000;
41287 : 000;
41288 : 000;
41289 : 111;
41290 : 110;
41291 : 000;
41292 : 000;
41293 : 000;
41294 : 000;
41295 : 000;
41296 : 000;
41297 : 000;
41298 : 100;
41299 : 000;
41300 : 000;
41301 : 110;
41302 : 001;
41303 : 110;
41304 : 000;
41305 : 001;
41306 : 100;
41307 : 000;
41308 : 000;
41309 : 000;
41310 : 110;
41311 : 000;
41312 : 000;
41313 : 000;
41314 : 000;
41315 : 000;
41316 : 100;
41317 : 000;
41318 : 110;
41319 : 000;
41320 : 000;
41321 : 001;
41322 : 100;
41323 : 000;
41324 : 001;
41325 : 100;
41326 : 000;
41327 : 000;
41328 : 011;
41329 : 000;
41330 : 000;
41331 : 000;
41332 : 000;
41333 : 001;
41334 : 000;
41335 : 000;
41336 : 000;
41337 : 000;
41338 : 101;
41339 : 000;
41340 : 000;
41341 : 000;
41342 : 000;
41343 : 000;
41344 : 000;
41345 : 000;
41346 : 000;
41347 : 000;
41348 : 000;
41349 : 000;
41350 : 000;
41351 : 000;
41352 : 000;
41353 : 001;
41354 : 000;
41355 : 000;
41356 : 000;
41357 : 000;
41358 : 000;
41359 : 000;
41360 : 000;
41361 : 001;
41362 : 110;
41363 : 100;
41364 : 001;
41365 : 110;
41366 : 100;
41367 : 111;
41368 : 100;
41369 : 111;
41370 : 100;
41371 : 011;
41372 : 100;
41373 : 110;
41374 : 001;
41375 : 000;
41376 : 000;
41377 : 000;
41378 : 000;
41379 : 000;
41380 : 000;
41381 : 000;
41382 : 000;
41383 : 000;
41384 : 000;
41385 : 001;
41386 : 100;
41387 : 000;
41388 : 000;
41389 : 000;
41390 : 000;
41391 : 000;
41392 : 100;
41393 : 010;
41394 : 000;
41395 : 000;
41396 : 000;
41397 : 000;
41398 : 001;
41399 : 000;
41400 : 100;
41401 : 000;
41402 : 111;
41403 : 100;
41404 : 010;
41405 : 101;
41406 : 010;
41407 : 100;
41408 : 010;
41409 : 100;
41410 : 101;
41411 : 110;
41412 : 100;
41413 : 111;
41414 : 000;
41415 : 110;
41416 : 101;
41417 : 110;
41418 : 001;
41419 : 110;
41420 : 101;
41421 : 110;
41422 : 011;
41423 : 110;
41424 : 101;
41425 : 110;
41426 : 001;
41427 : 110;
41428 : 000;
41429 : 110;
41430 : 001;
41431 : 000;
41432 : 110;
41433 : 000;
41434 : 111;
41435 : 100;
41436 : 011;
41437 : 100;
41438 : 111;
41439 : 000;
41440 : 100;
41441 : 010;
41442 : 101;
41443 : 100;
41444 : 010;
41445 : 101;
41446 : 110;
41447 : 000;
41448 : 111;
41449 : 100;
41450 : 010;
41451 : 101;
41452 : 000;
41453 : 100;
41454 : 011;
41455 : 100;
41456 : 011;
41457 : 100;
41458 : 010;
41459 : 100;
41460 : 001;
41461 : 100;
41462 : 001;
41463 : 100;
41464 : 010;
41465 : 000;
41466 : 111;
41467 : 000;
41468 : 100;
41469 : 010;
41470 : 100;
41471 : 000;
41472 : 110;
41473 : 001;
41474 : 100;
41475 : 000;
41476 : 000;
41477 : 000;
41478 : 000;
41479 : 100;
41480 : 000;
41481 : 000;
41482 : 000;
41483 : 000;
41484 : 000;
41485 : 000;
41486 : 001;
41487 : 000;
41488 : 000;
41489 : 000;
41490 : 001;
41491 : 000;
41492 : 000;
41493 : 000;
41494 : 000;
41495 : 000;
41496 : 000;
41497 : 000;
41498 : 000;
41499 : 000;
41500 : 000;
41501 : 000;
41502 : 000;
41503 : 000;
41504 : 000;
41505 : 000;
41506 : 001;
41507 : 100;
41508 : 010;
41509 : 000;
41510 : 000;
41511 : 000;
41512 : 111;
41513 : 100;
41514 : 010;
41515 : 100;
41516 : 000;
41517 : 111;
41518 : 000;
41519 : 110;
41520 : 001;
41521 : 110;
41522 : 100;
41523 : 001;
41524 : 000;
41525 : 000;
41526 : 000;
41527 : 000;
41528 : 000;
41529 : 000;
41530 : 000;
41531 : 000;
41532 : 000;
41533 : 000;
41534 : 000;
41535 : 000;
41536 : 000;
41537 : 000;
41538 : 000;
41539 : 000;
41540 : 000;
41541 : 000;
41542 : 000;
41543 : 000;
41544 : 001;
41545 : 000;
41546 : 000;
41547 : 000;
41548 : 100;
41549 : 000;
41550 : 000;
41551 : 000;
41552 : 000;
41553 : 000;
41554 : 000;
41555 : 000;
41556 : 000;
41557 : 000;
41558 : 000;
41559 : 001;
41560 : 000;
41561 : 000;
41562 : 100;
41563 : 000;
41564 : 000;
41565 : 010;
41566 : 000;
41567 : 101;
41568 : 000;
41569 : 000;
41570 : 000;
41571 : 001;
41572 : 000;
41573 : 110;
41574 : 000;
41575 : 000;
41576 : 000;
41577 : 000;
41578 : 010;
41579 : 000;
41580 : 000;
41581 : 000;
41582 : 010;
41583 : 000;
41584 : 000;
41585 : 000;
41586 : 000;
41587 : 000;
41588 : 000;
41589 : 000;
41590 : 000;
41591 : 000;
41592 : 010;
41593 : 000;
41594 : 000;
41595 : 000;
41596 : 000;
41597 : 000;
41598 : 000;
41599 : 000;
41600 : 110;
41601 : 000;
41602 : 000;
41603 : 000;
41604 : 111;
41605 : 111;
41606 : 000;
41607 : 000;
41608 : 000;
41609 : 111;
41610 : 100;
41611 : 011;
41612 : 000;
41613 : 000;
41614 : 100;
41615 : 010;
41616 : 101;
41617 : 000;
41618 : 111;
41619 : 000;
41620 : 000;
41621 : 000;
41622 : 100;
41623 : 000;
41624 : 000;
41625 : 000;
41626 : 110;
41627 : 000;
41628 : 100;
41629 : 011;
41630 : 000;
41631 : 000;
41632 : 000;
41633 : 000;
41634 : 000;
41635 : 000;
41636 : 111;
41637 : 000;
41638 : 000;
41639 : 001;
41640 : 000;
41641 : 000;
41642 : 000;
41643 : 000;
41644 : 000;
41645 : 000;
41646 : 000;
41647 : 000;
41648 : 000;
41649 : 000;
41650 : 000;
41651 : 000;
41652 : 000;
41653 : 000;
41654 : 010;
41655 : 000;
41656 : 000;
41657 : 000;
41658 : 000;
41659 : 100;
41660 : 001;
41661 : 000;
41662 : 000;
41663 : 000;
41664 : 001;
41665 : 000;
41666 : 000;
41667 : 100;
41668 : 001;
41669 : 000;
41670 : 000;
41671 : 101;
41672 : 000;
41673 : 000;
41674 : 000;
41675 : 000;
41676 : 000;
41677 : 000;
41678 : 000;
41679 : 000;
41680 : 000;
41681 : 000;
41682 : 000;
41683 : 111;
41684 : 110;
41685 : 101;
41686 : 010;
41687 : 111;
41688 : 111;
41689 : 010;
41690 : 111;
41691 : 110;
41692 : 111;
41693 : 100;
41694 : 110;
41695 : 000;
41696 : 000;
41697 : 000;
41698 : 000;
41699 : 000;
41700 : 000;
41701 : 000;
41702 : 000;
41703 : 000;
41704 : 000;
41705 : 000;
41706 : 010;
41707 : 100;
41708 : 000;
41709 : 000;
41710 : 000;
41711 : 000;
41712 : 000;
41713 : 000;
41714 : 000;
41715 : 001;
41716 : 000;
41717 : 000;
41718 : 000;
41719 : 010;
41720 : 100;
41721 : 110;
41722 : 000;
41723 : 111;
41724 : 100;
41725 : 110;
41726 : 001;
41727 : 100;
41728 : 111;
41729 : 000;
41730 : 110;
41731 : 001;
41732 : 110;
41733 : 000;
41734 : 111;
41735 : 100;
41736 : 010;
41737 : 100;
41738 : 110;
41739 : 001;
41740 : 110;
41741 : 111;
41742 : 100;
41743 : 111;
41744 : 000;
41745 : 110;
41746 : 100;
41747 : 001;
41748 : 100;
41749 : 000;
41750 : 110;
41751 : 101;
41752 : 000;
41753 : 111;
41754 : 000;
41755 : 111;
41756 : 100;
41757 : 011;
41758 : 100;
41759 : 111;
41760 : 000;
41761 : 111;
41762 : 000;
41763 : 111;
41764 : 100;
41765 : 011;
41766 : 100;
41767 : 101;
41768 : 010;
41769 : 101;
41770 : 000;
41771 : 110;
41772 : 001;
41773 : 110;
41774 : 000;
41775 : 110;
41776 : 000;
41777 : 101;
41778 : 000;
41779 : 011;
41780 : 100;
41781 : 010;
41782 : 000;
41783 : 010;
41784 : 101;
41785 : 000;
41786 : 100;
41787 : 011;
41788 : 100;
41789 : 001;
41790 : 000;
41791 : 100;
41792 : 000;
41793 : 000;
41794 : 000;
41795 : 000;
41796 : 000;
41797 : 000;
41798 : 000;
41799 : 000;
41800 : 000;
41801 : 000;
41802 : 001;
41803 : 000;
41804 : 000;
41805 : 000;
41806 : 000;
41807 : 000;
41808 : 000;
41809 : 000;
41810 : 000;
41811 : 000;
41812 : 000;
41813 : 010;
41814 : 000;
41815 : 000;
41816 : 000;
41817 : 000;
41818 : 000;
41819 : 101;
41820 : 000;
41821 : 000;
41822 : 000;
41823 : 000;
41824 : 000;
41825 : 000;
41826 : 000;
41827 : 000;
41828 : 000;
41829 : 000;
41830 : 000;
41831 : 000;
41832 : 100;
41833 : 011;
41834 : 100;
41835 : 111;
41836 : 100;
41837 : 011;
41838 : 100;
41839 : 101;
41840 : 010;
41841 : 101;
41842 : 010;
41843 : 000;
41844 : 000;
41845 : 000;
41846 : 000;
41847 : 000;
41848 : 000;
41849 : 000;
41850 : 000;
41851 : 000;
41852 : 000;
41853 : 000;
41854 : 000;
41855 : 000;
41856 : 000;
41857 : 000;
41858 : 000;
41859 : 010;
41860 : 000;
41861 : 000;
41862 : 001;
41863 : 000;
41864 : 000;
41865 : 000;
41866 : 000;
41867 : 000;
41868 : 000;
41869 : 000;
41870 : 000;
41871 : 000;
41872 : 000;
41873 : 001;
41874 : 000;
41875 : 000;
41876 : 000;
41877 : 000;
41878 : 000;
41879 : 000;
41880 : 000;
41881 : 000;
41882 : 000;
41883 : 010;
41884 : 000;
41885 : 100;
41886 : 000;
41887 : 000;
41888 : 000;
41889 : 000;
41890 : 000;
41891 : 000;
41892 : 000;
41893 : 000;
41894 : 000;
41895 : 000;
41896 : 000;
41897 : 000;
41898 : 000;
41899 : 000;
41900 : 000;
41901 : 000;
41902 : 000;
41903 : 000;
41904 : 000;
41905 : 000;
41906 : 000;
41907 : 000;
41908 : 000;
41909 : 000;
41910 : 000;
41911 : 000;
41912 : 001;
41913 : 100;
41914 : 000;
41915 : 000;
41916 : 000;
41917 : 001;
41918 : 000;
41919 : 000;
41920 : 000;
41921 : 000;
41922 : 000;
41923 : 000;
41924 : 100;
41925 : 000;
41926 : 000;
41927 : 000;
41928 : 000;
41929 : 000;
41930 : 000;
41931 : 000;
41932 : 000;
41933 : 000;
41934 : 000;
41935 : 000;
41936 : 000;
41937 : 000;
41938 : 110;
41939 : 000;
41940 : 101;
41941 : 010;
41942 : 000;
41943 : 000;
41944 : 000;
41945 : 000;
41946 : 101;
41947 : 000;
41948 : 000;
41949 : 100;
41950 : 000;
41951 : 000;
41952 : 000;
41953 : 000;
41954 : 000;
41955 : 000;
41956 : 100;
41957 : 000;
41958 : 110;
41959 : 000;
41960 : 100;
41961 : 000;
41962 : 000;
41963 : 000;
41964 : 000;
41965 : 010;
41966 : 001;
41967 : 000;
41968 : 000;
41969 : 100;
41970 : 000;
41971 : 001;
41972 : 010;
41973 : 000;
41974 : 000;
41975 : 000;
41976 : 000;
41977 : 000;
41978 : 000;
41979 : 100;
41980 : 000;
41981 : 000;
41982 : 000;
41983 : 000;
41984 : 000;
41985 : 100;
41986 : 000;
41987 : 000;
41988 : 000;
41989 : 000;
41990 : 000;
41991 : 000;
41992 : 000;
41993 : 000;
41994 : 000;
41995 : 000;
41996 : 000;
41997 : 000;
41998 : 000;
41999 : 001;
42000 : 000;
42001 : 000;
42002 : 000;
42003 : 100;
42004 : 010;
42005 : 101;
42006 : 110;
42007 : 101;
42008 : 110;
42009 : 101;
42010 : 111;
42011 : 100;
42012 : 011;
42013 : 101;
42014 : 000;
42015 : 000;
42016 : 000;
42017 : 000;
42018 : 000;
42019 : 000;
42020 : 100;
42021 : 000;
42022 : 000;
42023 : 000;
42024 : 000;
42025 : 100;
42026 : 001;
42027 : 000;
42028 : 000;
42029 : 000;
42030 : 000;
42031 : 000;
42032 : 000;
42033 : 001;
42034 : 000;
42035 : 000;
42036 : 000;
42037 : 000;
42038 : 000;
42039 : 100;
42040 : 011;
42041 : 100;
42042 : 100;
42043 : 010;
42044 : 101;
42045 : 000;
42046 : 110;
42047 : 100;
42048 : 011;
42049 : 100;
42050 : 111;
42051 : 100;
42052 : 110;
42053 : 101;
42054 : 110;
42055 : 001;
42056 : 110;
42057 : 001;
42058 : 100;
42059 : 110;
42060 : 111;
42061 : 100;
42062 : 111;
42063 : 110;
42064 : 101;
42065 : 010;
42066 : 101;
42067 : 010;
42068 : 110;
42069 : 001;
42070 : 100;
42071 : 010;
42072 : 100;
42073 : 000;
42074 : 111;
42075 : 000;
42076 : 111;
42077 : 100;
42078 : 011;
42079 : 100;
42080 : 011;
42081 : 100;
42082 : 010;
42083 : 101;
42084 : 010;
42085 : 101;
42086 : 010;
42087 : 100;
42088 : 000;
42089 : 110;
42090 : 001;
42091 : 110;
42092 : 000;
42093 : 101;
42094 : 010;
42095 : 101;
42096 : 010;
42097 : 100;
42098 : 010;
42099 : 100;
42100 : 000;
42101 : 101;
42102 : 010;
42103 : 100;
42104 : 000;
42105 : 111;
42106 : 000;
42107 : 100;
42108 : 010;
42109 : 100;
42110 : 010;
42111 : 000;
42112 : 111;
42113 : 000;
42114 : 000;
42115 : 000;
42116 : 000;
42117 : 000;
42118 : 000;
42119 : 000;
42120 : 000;
42121 : 000;
42122 : 000;
42123 : 000;
42124 : 000;
42125 : 000;
42126 : 000;
42127 : 000;
42128 : 100;
42129 : 000;
42130 : 000;
42131 : 000;
42132 : 000;
42133 : 000;
42134 : 000;
42135 : 000;
42136 : 000;
42137 : 000;
42138 : 000;
42139 : 000;
42140 : 000;
42141 : 000;
42142 : 000;
42143 : 000;
42144 : 000;
42145 : 000;
42146 : 000;
42147 : 000;
42148 : 000;
42149 : 000;
42150 : 000;
42151 : 000;
42152 : 000;
42153 : 100;
42154 : 011;
42155 : 100;
42156 : 001;
42157 : 110;
42158 : 000;
42159 : 110;
42160 : 100;
42161 : 000;
42162 : 111;
42163 : 000;
42164 : 000;
42165 : 000;
42166 : 000;
42167 : 000;
42168 : 000;
42169 : 000;
42170 : 000;
42171 : 000;
42172 : 000;
42173 : 100;
42174 : 000;
42175 : 000;
42176 : 000;
42177 : 000;
42178 : 000;
42179 : 000;
42180 : 000;
42181 : 000;
42182 : 000;
42183 : 000;
42184 : 000;
42185 : 000;
42186 : 000;
42187 : 000;
42188 : 000;
42189 : 000;
42190 : 000;
42191 : 000;
42192 : 000;
42193 : 000;
42194 : 000;
42195 : 000;
42196 : 000;
42197 : 000;
42198 : 000;
42199 : 000;
42200 : 000;
42201 : 000;
42202 : 000;
42203 : 101;
42204 : 000;
42205 : 000;
42206 : 000;
42207 : 000;
42208 : 000;
42209 : 001;
42210 : 010;
42211 : 000;
42212 : 000;
42213 : 000;
42214 : 000;
42215 : 000;
42216 : 101;
42217 : 000;
42218 : 000;
42219 : 001;
42220 : 100;
42221 : 000;
42222 : 001;
42223 : 000;
42224 : 100;
42225 : 000;
42226 : 001;
42227 : 000;
42228 : 000;
42229 : 000;
42230 : 001;
42231 : 000;
42232 : 000;
42233 : 000;
42234 : 000;
42235 : 000;
42236 : 000;
42237 : 000;
42238 : 000;
42239 : 000;
42240 : 110;
42241 : 100;
42242 : 010;
42243 : 000;
42244 : 000;
42245 : 000;
42246 : 010;
42247 : 100;
42248 : 000;
42249 : 000;
42250 : 100;
42251 : 000;
42252 : 000;
42253 : 000;
42254 : 000;
42255 : 000;
42256 : 000;
42257 : 000;
42258 : 111;
42259 : 000;
42260 : 000;
42261 : 000;
42262 : 000;
42263 : 101;
42264 : 000;
42265 : 010;
42266 : 100;
42267 : 000;
42268 : 011;
42269 : 000;
42270 : 000;
42271 : 000;
42272 : 100;
42273 : 000;
42274 : 000;
42275 : 110;
42276 : 001;
42277 : 000;
42278 : 000;
42279 : 001;
42280 : 010;
42281 : 000;
42282 : 000;
42283 : 000;
42284 : 000;
42285 : 000;
42286 : 000;
42287 : 000;
42288 : 000;
42289 : 000;
42290 : 000;
42291 : 000;
42292 : 000;
42293 : 000;
42294 : 000;
42295 : 100;
42296 : 000;
42297 : 000;
42298 : 101;
42299 : 010;
42300 : 000;
42301 : 000;
42302 : 000;
42303 : 000;
42304 : 100;
42305 : 011;
42306 : 000;
42307 : 000;
42308 : 000;
42309 : 010;
42310 : 000;
42311 : 000;
42312 : 000;
42313 : 000;
42314 : 000;
42315 : 000;
42316 : 000;
42317 : 000;
42318 : 000;
42319 : 000;
42320 : 000;
42321 : 000;
42322 : 010;
42323 : 101;
42324 : 110;
42325 : 101;
42326 : 010;
42327 : 111;
42328 : 100;
42329 : 111;
42330 : 110;
42331 : 101;
42332 : 110;
42333 : 110;
42334 : 000;
42335 : 000;
42336 : 000;
42337 : 000;
42338 : 000;
42339 : 000;
42340 : 000;
42341 : 101;
42342 : 000;
42343 : 000;
42344 : 000;
42345 : 000;
42346 : 100;
42347 : 000;
42348 : 000;
42349 : 000;
42350 : 000;
42351 : 000;
42352 : 000;
42353 : 000;
42354 : 000;
42355 : 000;
42356 : 000;
42357 : 100;
42358 : 000;
42359 : 000;
42360 : 100;
42361 : 011;
42362 : 100;
42363 : 110;
42364 : 100;
42365 : 111;
42366 : 000;
42367 : 111;
42368 : 100;
42369 : 010;
42370 : 100;
42371 : 011;
42372 : 100;
42373 : 010;
42374 : 100;
42375 : 110;
42376 : 101;
42377 : 110;
42378 : 001;
42379 : 110;
42380 : 101;
42381 : 111;
42382 : 010;
42383 : 101;
42384 : 110;
42385 : 001;
42386 : 110;
42387 : 000;
42388 : 101;
42389 : 010;
42390 : 100;
42391 : 001;
42392 : 110;
42393 : 001;
42394 : 110;
42395 : 100;
42396 : 011;
42397 : 100;
42398 : 010;
42399 : 101;
42400 : 110;
42401 : 001;
42402 : 100;
42403 : 011;
42404 : 100;
42405 : 000;
42406 : 111;
42407 : 000;
42408 : 111;
42409 : 000;
42410 : 100;
42411 : 001;
42412 : 110;
42413 : 000;
42414 : 101;
42415 : 000;
42416 : 101;
42417 : 010;
42418 : 001;
42419 : 100;
42420 : 010;
42421 : 000;
42422 : 101;
42423 : 000;
42424 : 000;
42425 : 110;
42426 : 000;
42427 : 001;
42428 : 000;
42429 : 000;
42430 : 100;
42431 : 000;
42432 : 100;
42433 : 000;
42434 : 000;
42435 : 000;
42436 : 000;
42437 : 010;
42438 : 000;
42439 : 000;
42440 : 000;
42441 : 000;
42442 : 000;
42443 : 000;
42444 : 000;
42445 : 000;
42446 : 000;
42447 : 000;
42448 : 000;
42449 : 000;
42450 : 000;
42451 : 000;
42452 : 000;
42453 : 000;
42454 : 000;
42455 : 000;
42456 : 000;
42457 : 000;
42458 : 000;
42459 : 000;
42460 : 000;
42461 : 000;
42462 : 000;
42463 : 000;
42464 : 000;
42465 : 000;
42466 : 000;
42467 : 000;
42468 : 000;
42469 : 000;
42470 : 000;
42471 : 000;
42472 : 000;
42473 : 111;
42474 : 000;
42475 : 110;
42476 : 100;
42477 : 011;
42478 : 100;
42479 : 001;
42480 : 110;
42481 : 001;
42482 : 000;
42483 : 000;
42484 : 000;
42485 : 000;
42486 : 000;
42487 : 000;
42488 : 000;
42489 : 001;
42490 : 000;
42491 : 000;
42492 : 000;
42493 : 000;
42494 : 000;
42495 : 000;
42496 : 000;
42497 : 000;
42498 : 000;
42499 : 000;
42500 : 000;
42501 : 000;
42502 : 000;
42503 : 000;
42504 : 000;
42505 : 010;
42506 : 000;
42507 : 000;
42508 : 000;
42509 : 000;
42510 : 000;
42511 : 000;
42512 : 000;
42513 : 000;
42514 : 000;
42515 : 000;
42516 : 000;
42517 : 000;
42518 : 000;
42519 : 000;
42520 : 000;
42521 : 000;
42522 : 000;
42523 : 000;
42524 : 000;
42525 : 000;
42526 : 001;
42527 : 000;
42528 : 010;
42529 : 000;
42530 : 100;
42531 : 001;
42532 : 110;
42533 : 001;
42534 : 000;
42535 : 010;
42536 : 000;
42537 : 010;
42538 : 000;
42539 : 000;
42540 : 010;
42541 : 000;
42542 : 100;
42543 : 000;
42544 : 000;
42545 : 010;
42546 : 000;
42547 : 000;
42548 : 000;
42549 : 010;
42550 : 100;
42551 : 000;
42552 : 000;
42553 : 000;
42554 : 000;
42555 : 000;
42556 : 000;
42557 : 100;
42558 : 000;
42559 : 000;
42560 : 110;
42561 : 000;
42562 : 110;
42563 : 100;
42564 : 000;
42565 : 000;
42566 : 000;
42567 : 000;
42568 : 000;
42569 : 000;
42570 : 000;
42571 : 000;
42572 : 000;
42573 : 000;
42574 : 100;
42575 : 000;
42576 : 100;
42577 : 000;
42578 : 000;
42579 : 000;
42580 : 000;
42581 : 100;
42582 : 000;
42583 : 010;
42584 : 000;
42585 : 000;
42586 : 111;
42587 : 000;
42588 : 000;
42589 : 000;
42590 : 000;
42591 : 000;
42592 : 000;
42593 : 000;
42594 : 000;
42595 : 100;
42596 : 010;
42597 : 100;
42598 : 000;
42599 : 000;
42600 : 000;
42601 : 000;
42602 : 000;
42603 : 001;
42604 : 000;
42605 : 000;
42606 : 000;
42607 : 100;
42608 : 001;
42609 : 000;
42610 : 000;
42611 : 000;
42612 : 000;
42613 : 000;
42614 : 000;
42615 : 001;
42616 : 000;
42617 : 000;
42618 : 000;
42619 : 000;
42620 : 000;
42621 : 000;
42622 : 000;
42623 : 000;
42624 : 101;
42625 : 000;
42626 : 000;
42627 : 000;
42628 : 000;
42629 : 000;
42630 : 000;
42631 : 000;
42632 : 000;
42633 : 010;
42634 : 000;
42635 : 000;
42636 : 000;
42637 : 000;
42638 : 000;
42639 : 000;
42640 : 000;
42641 : 000;
42642 : 000;
42643 : 000;
42644 : 000;
42645 : 110;
42646 : 101;
42647 : 110;
42648 : 111;
42649 : 011;
42650 : 100;
42651 : 111;
42652 : 001;
42653 : 100;
42654 : 000;
42655 : 000;
42656 : 000;
42657 : 000;
42658 : 000;
42659 : 000;
42660 : 000;
42661 : 000;
42662 : 000;
42663 : 000;
42664 : 000;
42665 : 101;
42666 : 000;
42667 : 100;
42668 : 000;
42669 : 000;
42670 : 000;
42671 : 000;
42672 : 000;
42673 : 000;
42674 : 000;
42675 : 000;
42676 : 000;
42677 : 000;
42678 : 000;
42679 : 010;
42680 : 100;
42681 : 110;
42682 : 001;
42683 : 110;
42684 : 001;
42685 : 110;
42686 : 100;
42687 : 010;
42688 : 101;
42689 : 100;
42690 : 110;
42691 : 100;
42692 : 101;
42693 : 110;
42694 : 001;
42695 : 110;
42696 : 000;
42697 : 110;
42698 : 100;
42699 : 011;
42700 : 110;
42701 : 101;
42702 : 110;
42703 : 001;
42704 : 110;
42705 : 100;
42706 : 001;
42707 : 110;
42708 : 000;
42709 : 101;
42710 : 010;
42711 : 100;
42712 : 011;
42713 : 100;
42714 : 000;
42715 : 111;
42716 : 000;
42717 : 111;
42718 : 100;
42719 : 011;
42720 : 100;
42721 : 111;
42722 : 000;
42723 : 110;
42724 : 001;
42725 : 110;
42726 : 000;
42727 : 101;
42728 : 010;
42729 : 101;
42730 : 010;
42731 : 100;
42732 : 011;
42733 : 100;
42734 : 010;
42735 : 100;
42736 : 010;
42737 : 100;
42738 : 000;
42739 : 001;
42740 : 100;
42741 : 010;
42742 : 000;
42743 : 110;
42744 : 001;
42745 : 000;
42746 : 110;
42747 : 000;
42748 : 111;
42749 : 000;
42750 : 110;
42751 : 001;
42752 : 000;
42753 : 000;
42754 : 000;
42755 : 000;
42756 : 000;
42757 : 000;
42758 : 001;
42759 : 000;
42760 : 000;
42761 : 000;
42762 : 000;
42763 : 000;
42764 : 000;
42765 : 000;
42766 : 000;
42767 : 000;
42768 : 000;
42769 : 000;
42770 : 000;
42771 : 000;
42772 : 000;
42773 : 000;
42774 : 000;
42775 : 000;
42776 : 000;
42777 : 000;
42778 : 000;
42779 : 000;
42780 : 000;
42781 : 000;
42782 : 000;
42783 : 000;
42784 : 000;
42785 : 000;
42786 : 000;
42787 : 000;
42788 : 000;
42789 : 000;
42790 : 000;
42791 : 001;
42792 : 000;
42793 : 000;
42794 : 100;
42795 : 001;
42796 : 110;
42797 : 000;
42798 : 100;
42799 : 011;
42800 : 100;
42801 : 000;
42802 : 100;
42803 : 000;
42804 : 000;
42805 : 000;
42806 : 000;
42807 : 000;
42808 : 000;
42809 : 000;
42810 : 010;
42811 : 000;
42812 : 000;
42813 : 000;
42814 : 000;
42815 : 000;
42816 : 010;
42817 : 000;
42818 : 000;
42819 : 000;
42820 : 001;
42821 : 000;
42822 : 000;
42823 : 000;
42824 : 000;
42825 : 000;
42826 : 000;
42827 : 000;
42828 : 000;
42829 : 000;
42830 : 000;
42831 : 000;
42832 : 000;
42833 : 000;
42834 : 000;
42835 : 000;
42836 : 000;
42837 : 000;
42838 : 000;
42839 : 000;
42840 : 000;
42841 : 000;
42842 : 100;
42843 : 010;
42844 : 000;
42845 : 000;
42846 : 000;
42847 : 000;
42848 : 100;
42849 : 000;
42850 : 000;
42851 : 010;
42852 : 000;
42853 : 100;
42854 : 000;
42855 : 101;
42856 : 000;
42857 : 101;
42858 : 000;
42859 : 100;
42860 : 001;
42861 : 010;
42862 : 000;
42863 : 000;
42864 : 001;
42865 : 000;
42866 : 000;
42867 : 000;
42868 : 100;
42869 : 000;
42870 : 000;
42871 : 000;
42872 : 000;
42873 : 000;
42874 : 011;
42875 : 000;
42876 : 000;
42877 : 010;
42878 : 000;
42879 : 000;
42880 : 100;
42881 : 010;
42882 : 100;
42883 : 011;
42884 : 000;
42885 : 000;
42886 : 000;
42887 : 000;
42888 : 000;
42889 : 010;
42890 : 000;
42891 : 000;
42892 : 000;
42893 : 000;
42894 : 000;
42895 : 010;
42896 : 101;
42897 : 010;
42898 : 101;
42899 : 010;
42900 : 000;
42901 : 000;
42902 : 000;
42903 : 100;
42904 : 000;
42905 : 000;
42906 : 100;
42907 : 000;
42908 : 000;
42909 : 000;
42910 : 000;
42911 : 000;
42912 : 000;
42913 : 000;
42914 : 000;
42915 : 011;
42916 : 100;
42917 : 001;
42918 : 010;
42919 : 100;
42920 : 001;
42921 : 100;
42922 : 010;
42923 : 000;
42924 : 000;
42925 : 000;
42926 : 000;
42927 : 000;
42928 : 000;
42929 : 010;
42930 : 000;
42931 : 111;
42932 : 000;
42933 : 101;
42934 : 000;
42935 : 010;
42936 : 000;
42937 : 000;
42938 : 010;
42939 : 000;
42940 : 101;
42941 : 000;
42942 : 010;
42943 : 101;
42944 : 000;
42945 : 100;
42946 : 010;
42947 : 001;
42948 : 100;
42949 : 001;
42950 : 100;
42951 : 011;
42952 : 000;
42953 : 101;
42954 : 000;
42955 : 001;
42956 : 000;
42957 : 110;
42958 : 001;
42959 : 100;
42960 : 010;
42961 : 001;
42962 : 000;
42963 : 000;
42964 : 000;
42965 : 000;
42966 : 000;
42967 : 011;
42968 : 100;
42969 : 111;
42970 : 000;
42971 : 111;
42972 : 010;
42973 : 000;
42974 : 001;
42975 : 000;
42976 : 000;
42977 : 001;
42978 : 000;
42979 : 111;
42980 : 000;
42981 : 100;
42982 : 010;
42983 : 001;
42984 : 010;
42985 : 000;
42986 : 010;
42987 : 001;
42988 : 000;
42989 : 011;
42990 : 100;
42991 : 011;
42992 : 000;
42993 : 111;
42994 : 000;
42995 : 000;
42996 : 011;
42997 : 000;
42998 : 000;
42999 : 101;
43000 : 000;
43001 : 101;
43002 : 010;
43003 : 100;
43004 : 000;
43005 : 101;
43006 : 010;
43007 : 101;
43008 : 010;
43009 : 101;
43010 : 000;
43011 : 011;
43012 : 000;
43013 : 100;
43014 : 011;
43015 : 100;
43016 : 001;
43017 : 000;
43018 : 111;
43019 : 000;
43020 : 000;
43021 : 000;
43022 : 111;
43023 : 000;
43024 : 000;
43025 : 010;
43026 : 100;
43027 : 001;
43028 : 110;
43029 : 000;
43030 : 101;
43031 : 010;
43032 : 100;
43033 : 000;
43034 : 011;
43035 : 100;
43036 : 000;
43037 : 110;
43038 : 001;
43039 : 110;
43040 : 001;
43041 : 110;
43042 : 101;
43043 : 010;
43044 : 100;
43045 : 001;
43046 : 110;
43047 : 000;
43048 : 101;
43049 : 010;
43050 : 101;
43051 : 000;
43052 : 100;
43053 : 011;
43054 : 000;
43055 : 101;
43056 : 000;
43057 : 001;
43058 : 110;
43059 : 000;
43060 : 000;
43061 : 101;
43062 : 000;
43063 : 001;
43064 : 110;
43065 : 000;
43066 : 001;
43067 : 100;
43068 : 000;
43069 : 100;
43070 : 000;
43071 : 100;
43072 : 010;
43073 : 100;
43074 : 000;
43075 : 000;
43076 : 000;
43077 : 000;
43078 : 000;
43079 : 000;
43080 : 000;
43081 : 000;
43082 : 001;
43083 : 000;
43084 : 010;
43085 : 000;
43086 : 001;
43087 : 000;
43088 : 010;
43089 : 000;
43090 : 000;
43091 : 000;
43092 : 000;
43093 : 000;
43094 : 001;
43095 : 100;
43096 : 000;
43097 : 000;
43098 : 000;
43099 : 000;
43100 : 000;
43101 : 010;
43102 : 000;
43103 : 000;
43104 : 000;
43105 : 000;
43106 : 000;
43107 : 000;
43108 : 001;
43109 : 000;
43110 : 000;
43111 : 000;
43112 : 000;
43113 : 000;
43114 : 000;
43115 : 110;
43116 : 000;
43117 : 101;
43118 : 010;
43119 : 100;
43120 : 000;
43121 : 010;
43122 : 000;
43123 : 000;
43124 : 000;
43125 : 000;
43126 : 000;
43127 : 000;
43128 : 000;
43129 : 000;
43130 : 000;
43131 : 000;
43132 : 000;
43133 : 000;
43134 : 001;
43135 : 000;
43136 : 000;
43137 : 000;
43138 : 001;
43139 : 000;
43140 : 000;
43141 : 100;
43142 : 010;
43143 : 000;
43144 : 100;
43145 : 001;
43146 : 000;
43147 : 000;
43148 : 000;
43149 : 000;
43150 : 000;
43151 : 000;
43152 : 000;
43153 : 000;
43154 : 100;
43155 : 000;
43156 : 000;
43157 : 000;
43158 : 000;
43159 : 000;
43160 : 000;
43161 : 000;
43162 : 001;
43163 : 000;
43164 : 000;
43165 : 000;
43166 : 000;
43167 : 000;
43168 : 000;
43169 : 000;
43170 : 001;
43171 : 100;
43172 : 000;
43173 : 000;
43174 : 000;
43175 : 000;
43176 : 000;
43177 : 000;
43178 : 010;
43179 : 000;
43180 : 000;
43181 : 000;
43182 : 001;
43183 : 000;
43184 : 000;
43185 : 000;
43186 : 000;
43187 : 000;
43188 : 001;
43189 : 000;
43190 : 000;
43191 : 000;
43192 : 010;
43193 : 000;
43194 : 100;
43195 : 000;
43196 : 000;
43197 : 001;
43198 : 000;
43199 : 000;
43200 : 010;
43201 : 100;
43202 : 010;
43203 : 100;
43204 : 110;
43205 : 000;
43206 : 100;
43207 : 110;
43208 : 111;
43209 : 100;
43210 : 110;
43211 : 000;
43212 : 000;
43213 : 000;
43214 : 101;
43215 : 000;
43216 : 000;
43217 : 000;
43218 : 110;
43219 : 000;
43220 : 000;
43221 : 100;
43222 : 000;
43223 : 011;
43224 : 000;
43225 : 000;
43226 : 011;
43227 : 000;
43228 : 000;
43229 : 000;
43230 : 000;
43231 : 000;
43232 : 000;
43233 : 000;
43234 : 100;
43235 : 000;
43236 : 000;
43237 : 000;
43238 : 000;
43239 : 000;
43240 : 000;
43241 : 000;
43242 : 000;
43243 : 000;
43244 : 000;
43245 : 101;
43246 : 000;
43247 : 010;
43248 : 000;
43249 : 101;
43250 : 010;
43251 : 100;
43252 : 011;
43253 : 000;
43254 : 110;
43255 : 001;
43256 : 110;
43257 : 101;
43258 : 000;
43259 : 111;
43260 : 000;
43261 : 010;
43262 : 101;
43263 : 000;
43264 : 010;
43265 : 001;
43266 : 100;
43267 : 010;
43268 : 000;
43269 : 010;
43270 : 001;
43271 : 100;
43272 : 000;
43273 : 010;
43274 : 000;
43275 : 110;
43276 : 001;
43277 : 000;
43278 : 000;
43279 : 011;
43280 : 000;
43281 : 100;
43282 : 010;
43283 : 101;
43284 : 000;
43285 : 011;
43286 : 100;
43287 : 000;
43288 : 000;
43289 : 000;
43290 : 000;
43291 : 000;
43292 : 000;
43293 : 101;
43294 : 010;
43295 : 000;
43296 : 110;
43297 : 000;
43298 : 000;
43299 : 000;
43300 : 001;
43301 : 000;
43302 : 000;
43303 : 000;
43304 : 100;
43305 : 001;
43306 : 000;
43307 : 100;
43308 : 000;
43309 : 000;
43310 : 000;
43311 : 000;
43312 : 000;
43313 : 000;
43314 : 000;
43315 : 100;
43316 : 000;
43317 : 000;
43318 : 010;
43319 : 000;
43320 : 000;
43321 : 000;
43322 : 000;
43323 : 001;
43324 : 000;
43325 : 000;
43326 : 000;
43327 : 000;
43328 : 000;
43329 : 000;
43330 : 000;
43331 : 000;
43332 : 000;
43333 : 000;
43334 : 000;
43335 : 000;
43336 : 000;
43337 : 000;
43338 : 000;
43339 : 000;
43340 : 001;
43341 : 000;
43342 : 000;
43343 : 000;
43344 : 000;
43345 : 001;
43346 : 000;
43347 : 110;
43348 : 001;
43349 : 110;
43350 : 000;
43351 : 100;
43352 : 011;
43353 : 100;
43354 : 000;
43355 : 110;
43356 : 001;
43357 : 000;
43358 : 100;
43359 : 011;
43360 : 100;
43361 : 000;
43362 : 010;
43363 : 101;
43364 : 000;
43365 : 110;
43366 : 001;
43367 : 110;
43368 : 000;
43369 : 100;
43370 : 010;
43371 : 101;
43372 : 010;
43373 : 100;
43374 : 000;
43375 : 010;
43376 : 100;
43377 : 010;
43378 : 000;
43379 : 101;
43380 : 010;
43381 : 100;
43382 : 010;
43383 : 100;
43384 : 001;
43385 : 110;
43386 : 000;
43387 : 111;
43388 : 000;
43389 : 010;
43390 : 100;
43391 : 000;
43392 : 000;
43393 : 000;
43394 : 000;
43395 : 000;
43396 : 001;
43397 : 000;
43398 : 100;
43399 : 000;
43400 : 000;
43401 : 000;
43402 : 010;
43403 : 000;
43404 : 100;
43405 : 000;
43406 : 000;
43407 : 000;
43408 : 000;
43409 : 000;
43410 : 000;
43411 : 000;
43412 : 000;
43413 : 000;
43414 : 000;
43415 : 000;
43416 : 000;
43417 : 000;
43418 : 000;
43419 : 000;
43420 : 000;
43421 : 001;
43422 : 000;
43423 : 000;
43424 : 000;
43425 : 000;
43426 : 001;
43427 : 000;
43428 : 000;
43429 : 000;
43430 : 000;
43431 : 000;
43432 : 000;
43433 : 000;
43434 : 000;
43435 : 000;
43436 : 000;
43437 : 100;
43438 : 001;
43439 : 010;
43440 : 101;
43441 : 000;
43442 : 000;
43443 : 000;
43444 : 000;
43445 : 000;
43446 : 000;
43447 : 000;
43448 : 000;
43449 : 000;
43450 : 000;
43451 : 100;
43452 : 000;
43453 : 000;
43454 : 000;
43455 : 000;
43456 : 000;
43457 : 000;
43458 : 000;
43459 : 100;
43460 : 000;
43461 : 000;
43462 : 000;
43463 : 111;
43464 : 000;
43465 : 000;
43466 : 000;
43467 : 000;
43468 : 000;
43469 : 000;
43470 : 000;
43471 : 000;
43472 : 000;
43473 : 000;
43474 : 000;
43475 : 000;
43476 : 000;
43477 : 000;
43478 : 000;
43479 : 000;
43480 : 000;
43481 : 000;
43482 : 000;
43483 : 000;
43484 : 000;
43485 : 101;
43486 : 010;
43487 : 000;
43488 : 001;
43489 : 000;
43490 : 000;
43491 : 000;
43492 : 000;
43493 : 001;
43494 : 010;
43495 : 000;
43496 : 000;
43497 : 000;
43498 : 000;
43499 : 000;
43500 : 000;
43501 : 000;
43502 : 000;
43503 : 000;
43504 : 000;
43505 : 000;
43506 : 100;
43507 : 010;
43508 : 000;
43509 : 000;
43510 : 000;
43511 : 001;
43512 : 000;
43513 : 000;
43514 : 000;
43515 : 000;
43516 : 000;
43517 : 000;
43518 : 000;
43519 : 000;
43520 : 100;
43521 : 010;
43522 : 100;
43523 : 010;
43524 : 101;
43525 : 110;
43526 : 111;
43527 : 000;
43528 : 110;
43529 : 111;
43530 : 110;
43531 : 000;
43532 : 101;
43533 : 010;
43534 : 000;
43535 : 000;
43536 : 110;
43537 : 000;
43538 : 101;
43539 : 000;
43540 : 000;
43541 : 010;
43542 : 000;
43543 : 000;
43544 : 000;
43545 : 000;
43546 : 100;
43547 : 000;
43548 : 100;
43549 : 000;
43550 : 000;
43551 : 000;
43552 : 000;
43553 : 011;
43554 : 000;
43555 : 110;
43556 : 001;
43557 : 000;
43558 : 000;
43559 : 000;
43560 : 010;
43561 : 000;
43562 : 000;
43563 : 001;
43564 : 000;
43565 : 000;
43566 : 000;
43567 : 000;
43568 : 000;
43569 : 000;
43570 : 000;
43571 : 000;
43572 : 000;
43573 : 000;
43574 : 000;
43575 : 000;
43576 : 000;
43577 : 000;
43578 : 000;
43579 : 000;
43580 : 000;
43581 : 000;
43582 : 000;
43583 : 000;
43584 : 000;
43585 : 000;
43586 : 000;
43587 : 000;
43588 : 000;
43589 : 000;
43590 : 000;
43591 : 000;
43592 : 000;
43593 : 000;
43594 : 001;
43595 : 000;
43596 : 000;
43597 : 000;
43598 : 000;
43599 : 000;
43600 : 000;
43601 : 000;
43602 : 000;
43603 : 000;
43604 : 000;
43605 : 000;
43606 : 000;
43607 : 000;
43608 : 000;
43609 : 000;
43610 : 001;
43611 : 000;
43612 : 000;
43613 : 000;
43614 : 000;
43615 : 000;
43616 : 000;
43617 : 000;
43618 : 001;
43619 : 000;
43620 : 010;
43621 : 000;
43622 : 000;
43623 : 000;
43624 : 000;
43625 : 000;
43626 : 000;
43627 : 000;
43628 : 000;
43629 : 000;
43630 : 000;
43631 : 000;
43632 : 000;
43633 : 000;
43634 : 001;
43635 : 000;
43636 : 000;
43637 : 000;
43638 : 001;
43639 : 000;
43640 : 000;
43641 : 000;
43642 : 000;
43643 : 000;
43644 : 000;
43645 : 000;
43646 : 000;
43647 : 000;
43648 : 000;
43649 : 000;
43650 : 000;
43651 : 000;
43652 : 000;
43653 : 000;
43654 : 000;
43655 : 000;
43656 : 000;
43657 : 000;
43658 : 000;
43659 : 000;
43660 : 000;
43661 : 000;
43662 : 000;
43663 : 000;
43664 : 000;
43665 : 000;
43666 : 000;
43667 : 000;
43668 : 110;
43669 : 001;
43670 : 110;
43671 : 000;
43672 : 100;
43673 : 011;
43674 : 100;
43675 : 000;
43676 : 110;
43677 : 001;
43678 : 110;
43679 : 000;
43680 : 111;
43681 : 000;
43682 : 101;
43683 : 010;
43684 : 100;
43685 : 001;
43686 : 100;
43687 : 000;
43688 : 111;
43689 : 000;
43690 : 111;
43691 : 000;
43692 : 001;
43693 : 110;
43694 : 001;
43695 : 100;
43696 : 001;
43697 : 100;
43698 : 010;
43699 : 100;
43700 : 001;
43701 : 010;
43702 : 101;
43703 : 010;
43704 : 000;
43705 : 101;
43706 : 000;
43707 : 000;
43708 : 100;
43709 : 000;
43710 : 001;
43711 : 100;
43712 : 000;
43713 : 000;
43714 : 000;
43715 : 000;
43716 : 000;
43717 : 000;
43718 : 000;
43719 : 000;
43720 : 000;
43721 : 000;
43722 : 000;
43723 : 000;
43724 : 000;
43725 : 000;
43726 : 000;
43727 : 000;
43728 : 000;
43729 : 000;
43730 : 001;
43731 : 000;
43732 : 000;
43733 : 000;
43734 : 000;
43735 : 010;
43736 : 000;
43737 : 000;
43738 : 000;
43739 : 000;
43740 : 000;
43741 : 000;
43742 : 000;
43743 : 000;
43744 : 000;
43745 : 000;
43746 : 000;
43747 : 010;
43748 : 000;
43749 : 000;
43750 : 000;
43751 : 000;
43752 : 000;
43753 : 000;
43754 : 000;
43755 : 000;
43756 : 000;
43757 : 010;
43758 : 100;
43759 : 000;
43760 : 000;
43761 : 000;
43762 : 000;
43763 : 000;
43764 : 000;
43765 : 000;
43766 : 000;
43767 : 000;
43768 : 000;
43769 : 000;
43770 : 000;
43771 : 000;
43772 : 000;
43773 : 000;
43774 : 000;
43775 : 000;
43776 : 000;
43777 : 000;
43778 : 000;
43779 : 000;
43780 : 000;
43781 : 000;
43782 : 000;
43783 : 001;
43784 : 010;
43785 : 000;
43786 : 000;
43787 : 000;
43788 : 000;
43789 : 000;
43790 : 000;
43791 : 000;
43792 : 001;
43793 : 010;
43794 : 000;
43795 : 000;
43796 : 000;
43797 : 000;
43798 : 000;
43799 : 001;
43800 : 000;
43801 : 000;
43802 : 110;
43803 : 000;
43804 : 000;
43805 : 000;
43806 : 000;
43807 : 000;
43808 : 000;
43809 : 000;
43810 : 010;
43811 : 000;
43812 : 000;
43813 : 000;
43814 : 000;
43815 : 000;
43816 : 000;
43817 : 000;
43818 : 001;
43819 : 000;
43820 : 000;
43821 : 100;
43822 : 000;
43823 : 000;
43824 : 110;
43825 : 000;
43826 : 000;
43827 : 000;
43828 : 000;
43829 : 000;
43830 : 000;
43831 : 000;
43832 : 000;
43833 : 000;
43834 : 000;
43835 : 001;
43836 : 000;
43837 : 000;
43838 : 100;
43839 : 000;
43840 : 010;
43841 : 100;
43842 : 000;
43843 : 000;
43844 : 110;
43845 : 100;
43846 : 010;
43847 : 110;
43848 : 100;
43849 : 010;
43850 : 100;
43851 : 110;
43852 : 000;
43853 : 000;
43854 : 000;
43855 : 000;
43856 : 000;
43857 : 000;
43858 : 010;
43859 : 000;
43860 : 100;
43861 : 001;
43862 : 000;
43863 : 100;
43864 : 000;
43865 : 000;
43866 : 111;
43867 : 000;
43868 : 010;
43869 : 000;
43870 : 000;
43871 : 000;
43872 : 110;
43873 : 000;
43874 : 000;
43875 : 100;
43876 : 000;
43877 : 010;
43878 : 100;
43879 : 000;
43880 : 001;
43881 : 000;
43882 : 000;
43883 : 100;
43884 : 000;
43885 : 010;
43886 : 000;
43887 : 000;
43888 : 100;
43889 : 000;
43890 : 000;
43891 : 000;
43892 : 100;
43893 : 000;
43894 : 000;
43895 : 000;
43896 : 000;
43897 : 000;
43898 : 000;
43899 : 000;
43900 : 100;
43901 : 000;
43902 : 000;
43903 : 100;
43904 : 000;
43905 : 000;
43906 : 000;
43907 : 000;
43908 : 101;
43909 : 000;
43910 : 000;
43911 : 000;
43912 : 000;
43913 : 100;
43914 : 000;
43915 : 000;
43916 : 000;
43917 : 000;
43918 : 100;
43919 : 000;
43920 : 000;
43921 : 000;
43922 : 000;
43923 : 000;
43924 : 000;
43925 : 000;
43926 : 000;
43927 : 001;
43928 : 000;
43929 : 000;
43930 : 010;
43931 : 100;
43932 : 000;
43933 : 000;
43934 : 000;
43935 : 000;
43936 : 001;
43937 : 000;
43938 : 100;
43939 : 000;
43940 : 000;
43941 : 100;
43942 : 000;
43943 : 001;
43944 : 000;
43945 : 000;
43946 : 010;
43947 : 000;
43948 : 001;
43949 : 110;
43950 : 000;
43951 : 001;
43952 : 100;
43953 : 000;
43954 : 010;
43955 : 000;
43956 : 000;
43957 : 100;
43958 : 000;
43959 : 000;
43960 : 000;
43961 : 010;
43962 : 000;
43963 : 000;
43964 : 010;
43965 : 000;
43966 : 000;
43967 : 000;
43968 : 000;
43969 : 000;
43970 : 000;
43971 : 011;
43972 : 100;
43973 : 000;
43974 : 000;
43975 : 011;
43976 : 000;
43977 : 100;
43978 : 000;
43979 : 010;
43980 : 100;
43981 : 000;
43982 : 000;
43983 : 100;
43984 : 000;
43985 : 000;
43986 : 000;
43987 : 101;
43988 : 000;
43989 : 100;
43990 : 001;
43991 : 110;
43992 : 001;
43993 : 100;
43994 : 010;
43995 : 101;
43996 : 000;
43997 : 100;
43998 : 001;
43999 : 100;
44000 : 000;
44001 : 110;
44002 : 000;
44003 : 101;
44004 : 010;
44005 : 100;
44006 : 011;
44007 : 100;
44008 : 011;
44009 : 000;
44010 : 100;
44011 : 010;
44012 : 100;
44013 : 000;
44014 : 110;
44015 : 000;
44016 : 010;
44017 : 101;
44018 : 000;
44019 : 011;
44020 : 100;
44021 : 000;
44022 : 100;
44023 : 001;
44024 : 110;
44025 : 000;
44026 : 110;
44027 : 000;
44028 : 110;
44029 : 000;
44030 : 110;
44031 : 000;
44032 : 000;
44033 : 000;
44034 : 000;
44035 : 000;
44036 : 010;
44037 : 000;
44038 : 000;
44039 : 000;
44040 : 000;
44041 : 000;
44042 : 000;
44043 : 000;
44044 : 000;
44045 : 000;
44046 : 000;
44047 : 000;
44048 : 000;
44049 : 000;
44050 : 000;
44051 : 000;
44052 : 000;
44053 : 000;
44054 : 000;
44055 : 000;
44056 : 000;
44057 : 000;
44058 : 000;
44059 : 000;
44060 : 000;
44061 : 000;
44062 : 000;
44063 : 000;
44064 : 000;
44065 : 000;
44066 : 000;
44067 : 000;
44068 : 000;
44069 : 000;
44070 : 000;
44071 : 000;
44072 : 000;
44073 : 000;
44074 : 000;
44075 : 000;
44076 : 000;
44077 : 000;
44078 : 000;
44079 : 101;
44080 : 000;
44081 : 000;
44082 : 000;
44083 : 000;
44084 : 000;
44085 : 000;
44086 : 000;
44087 : 001;
44088 : 000;
44089 : 000;
44090 : 000;
44091 : 001;
44092 : 000;
44093 : 000;
44094 : 000;
44095 : 000;
44096 : 000;
44097 : 000;
44098 : 000;
44099 : 000;
44100 : 000;
44101 : 000;
44102 : 000;
44103 : 110;
44104 : 001;
44105 : 100;
44106 : 000;
44107 : 000;
44108 : 000;
44109 : 000;
44110 : 000;
44111 : 000;
44112 : 000;
44113 : 000;
44114 : 000;
44115 : 000;
44116 : 000;
44117 : 000;
44118 : 000;
44119 : 000;
44120 : 000;
44121 : 000;
44122 : 000;
44123 : 001;
44124 : 000;
44125 : 000;
44126 : 000;
44127 : 000;
44128 : 100;
44129 : 000;
44130 : 000;
44131 : 000;
44132 : 000;
44133 : 100;
44134 : 001;
44135 : 000;
44136 : 010;
44137 : 100;
44138 : 000;
44139 : 010;
44140 : 001;
44141 : 000;
44142 : 010;
44143 : 001;
44144 : 000;
44145 : 000;
44146 : 000;
44147 : 001;
44148 : 000;
44149 : 000;
44150 : 000;
44151 : 100;
44152 : 000;
44153 : 000;
44154 : 000;
44155 : 000;
44156 : 100;
44157 : 000;
44158 : 000;
44159 : 000;
44160 : 110;
44161 : 001;
44162 : 110;
44163 : 000;
44164 : 000;
44165 : 010;
44166 : 100;
44167 : 010;
44168 : 100;
44169 : 110;
44170 : 000;
44171 : 000;
44172 : 000;
44173 : 100;
44174 : 010;
44175 : 100;
44176 : 000;
44177 : 000;
44178 : 101;
44179 : 000;
44180 : 000;
44181 : 000;
44182 : 000;
44183 : 010;
44184 : 000;
44185 : 000;
44186 : 110;
44187 : 000;
44188 : 000;
44189 : 000;
44190 : 000;
44191 : 000;
44192 : 100;
44193 : 000;
44194 : 000;
44195 : 111;
44196 : 000;
44197 : 000;
44198 : 001;
44199 : 000;
44200 : 000;
44201 : 100;
44202 : 000;
44203 : 000;
44204 : 000;
44205 : 000;
44206 : 000;
44207 : 001;
44208 : 010;
44209 : 000;
44210 : 101;
44211 : 000;
44212 : 000;
44213 : 000;
44214 : 100;
44215 : 000;
44216 : 100;
44217 : 000;
44218 : 100;
44219 : 000;
44220 : 000;
44221 : 000;
44222 : 000;
44223 : 010;
44224 : 000;
44225 : 000;
44226 : 101;
44227 : 000;
44228 : 000;
44229 : 000;
44230 : 010;
44231 : 100;
44232 : 000;
44233 : 000;
44234 : 000;
44235 : 000;
44236 : 100;
44237 : 010;
44238 : 000;
44239 : 000;
44240 : 000;
44241 : 101;
44242 : 000;
44243 : 000;
44244 : 110;
44245 : 001;
44246 : 000;
44247 : 000;
44248 : 110;
44249 : 000;
44250 : 000;
44251 : 000;
44252 : 000;
44253 : 000;
44254 : 011;
44255 : 100;
44256 : 000;
44257 : 000;
44258 : 010;
44259 : 000;
44260 : 000;
44261 : 000;
44262 : 000;
44263 : 000;
44264 : 010;
44265 : 100;
44266 : 000;
44267 : 000;
44268 : 000;
44269 : 000;
44270 : 000;
44271 : 000;
44272 : 000;
44273 : 000;
44274 : 000;
44275 : 000;
44276 : 000;
44277 : 000;
44278 : 010;
44279 : 000;
44280 : 101;
44281 : 000;
44282 : 000;
44283 : 000;
44284 : 101;
44285 : 000;
44286 : 000;
44287 : 001;
44288 : 110;
44289 : 000;
44290 : 000;
44291 : 000;
44292 : 000;
44293 : 000;
44294 : 000;
44295 : 000;
44296 : 000;
44297 : 000;
44298 : 001;
44299 : 000;
44300 : 000;
44301 : 000;
44302 : 000;
44303 : 010;
44304 : 000;
44305 : 000;
44306 : 000;
44307 : 010;
44308 : 100;
44309 : 010;
44310 : 100;
44311 : 000;
44312 : 110;
44313 : 000;
44314 : 001;
44315 : 110;
44316 : 000;
44317 : 011;
44318 : 100;
44319 : 010;
44320 : 101;
44321 : 000;
44322 : 111;
44323 : 000;
44324 : 000;
44325 : 111;
44326 : 000;
44327 : 000;
44328 : 100;
44329 : 011;
44330 : 000;
44331 : 101;
44332 : 000;
44333 : 011;
44334 : 100;
44335 : 001;
44336 : 100;
44337 : 010;
44338 : 101;
44339 : 000;
44340 : 110;
44341 : 001;
44342 : 110;
44343 : 000;
44344 : 000;
44345 : 101;
44346 : 000;
44347 : 000;
44348 : 101;
44349 : 000;
44350 : 000;
44351 : 100;
44352 : 000;
44353 : 001;
44354 : 010;
44355 : 000;
44356 : 000;
44357 : 000;
44358 : 000;
44359 : 000;
44360 : 001;
44361 : 000;
44362 : 100;
44363 : 000;
44364 : 001;
44365 : 000;
44366 : 000;
44367 : 000;
44368 : 000;
44369 : 100;
44370 : 000;
44371 : 000;
44372 : 000;
44373 : 000;
44374 : 000;
44375 : 000;
44376 : 000;
44377 : 000;
44378 : 000;
44379 : 000;
44380 : 000;
44381 : 000;
44382 : 000;
44383 : 100;
44384 : 000;
44385 : 000;
44386 : 000;
44387 : 000;
44388 : 000;
44389 : 100;
44390 : 000;
44391 : 000;
44392 : 000;
44393 : 000;
44394 : 000;
44395 : 000;
44396 : 000;
44397 : 000;
44398 : 000;
44399 : 000;
44400 : 000;
44401 : 000;
44402 : 000;
44403 : 000;
44404 : 000;
44405 : 000;
44406 : 000;
44407 : 000;
44408 : 000;
44409 : 000;
44410 : 000;
44411 : 000;
44412 : 000;
44413 : 000;
44414 : 000;
44415 : 000;
44416 : 000;
44417 : 000;
44418 : 000;
44419 : 000;
44420 : 000;
44421 : 000;
44422 : 000;
44423 : 000;
44424 : 000;
44425 : 000;
44426 : 000;
44427 : 000;
44428 : 000;
44429 : 000;
44430 : 000;
44431 : 000;
44432 : 000;
44433 : 000;
44434 : 000;
44435 : 000;
44436 : 000;
44437 : 000;
44438 : 000;
44439 : 000;
44440 : 000;
44441 : 000;
44442 : 000;
44443 : 100;
44444 : 000;
44445 : 010;
44446 : 000;
44447 : 000;
44448 : 000;
44449 : 000;
44450 : 111;
44451 : 000;
44452 : 000;
44453 : 011;
44454 : 000;
44455 : 100;
44456 : 001;
44457 : 010;
44458 : 000;
44459 : 101;
44460 : 000;
44461 : 100;
44462 : 001;
44463 : 100;
44464 : 000;
44465 : 000;
44466 : 000;
44467 : 000;
44468 : 000;
44469 : 000;
44470 : 010;
44471 : 001;
44472 : 000;
44473 : 000;
44474 : 010;
44475 : 000;
44476 : 000;
44477 : 010;
44478 : 000;
44479 : 000;
44480 : 100;
44481 : 110;
44482 : 000;
44483 : 110;
44484 : 000;
44485 : 100;
44486 : 000;
44487 : 110;
44488 : 000;
44489 : 000;
44490 : 000;
44491 : 111;
44492 : 110;
44493 : 111;
44494 : 100;
44495 : 010;
44496 : 101;
44497 : 010;
44498 : 110;
44499 : 100;
44500 : 110;
44501 : 110;
44502 : 000;
44503 : 101;
44504 : 000;
44505 : 000;
44506 : 101;
44507 : 000;
44508 : 000;
44509 : 000;
44510 : 000;
44511 : 000;
44512 : 001;
44513 : 000;
44514 : 000;
44515 : 000;
44516 : 100;
44517 : 000;
44518 : 000;
44519 : 000;
44520 : 000;
44521 : 000;
44522 : 010;
44523 : 000;
44524 : 001;
44525 : 000;
44526 : 000;
44527 : 000;
44528 : 100;
44529 : 000;
44530 : 000;
44531 : 010;
44532 : 000;
44533 : 001;
44534 : 010;
44535 : 000;
44536 : 001;
44537 : 010;
44538 : 000;
44539 : 001;
44540 : 010;
44541 : 000;
44542 : 001;
44543 : 000;
44544 : 100;
44545 : 000;
44546 : 010;
44547 : 000;
44548 : 000;
44549 : 000;
44550 : 000;
44551 : 000;
44552 : 001;
44553 : 010;
44554 : 000;
44555 : 000;
44556 : 001;
44557 : 000;
44558 : 000;
44559 : 001;
44560 : 010;
44561 : 000;
44562 : 000;
44563 : 000;
44564 : 000;
44565 : 000;
44566 : 000;
44567 : 000;
44568 : 000;
44569 : 000;
44570 : 000;
44571 : 001;
44572 : 000;
44573 : 000;
44574 : 000;
44575 : 000;
44576 : 000;
44577 : 000;
44578 : 000;
44579 : 000;
44580 : 000;
44581 : 001;
44582 : 000;
44583 : 000;
44584 : 000;
44585 : 000;
44586 : 001;
44587 : 000;
44588 : 000;
44589 : 000;
44590 : 000;
44591 : 000;
44592 : 010;
44593 : 000;
44594 : 100;
44595 : 001;
44596 : 000;
44597 : 000;
44598 : 001;
44599 : 000;
44600 : 000;
44601 : 000;
44602 : 000;
44603 : 000;
44604 : 000;
44605 : 000;
44606 : 000;
44607 : 000;
44608 : 000;
44609 : 000;
44610 : 000;
44611 : 000;
44612 : 000;
44613 : 000;
44614 : 000;
44615 : 100;
44616 : 000;
44617 : 000;
44618 : 000;
44619 : 000;
44620 : 000;
44621 : 000;
44622 : 001;
44623 : 000;
44624 : 000;
44625 : 101;
44626 : 000;
44627 : 000;
44628 : 101;
44629 : 010;
44630 : 101;
44631 : 010;
44632 : 001;
44633 : 110;
44634 : 000;
44635 : 100;
44636 : 011;
44637 : 100;
44638 : 010;
44639 : 101;
44640 : 010;
44641 : 000;
44642 : 100;
44643 : 011;
44644 : 100;
44645 : 000;
44646 : 110;
44647 : 001;
44648 : 110;
44649 : 000;
44650 : 100;
44651 : 010;
44652 : 100;
44653 : 000;
44654 : 001;
44655 : 110;
44656 : 000;
44657 : 001;
44658 : 110;
44659 : 000;
44660 : 000;
44661 : 110;
44662 : 001;
44663 : 000;
44664 : 110;
44665 : 000;
44666 : 110;
44667 : 000;
44668 : 000;
44669 : 110;
44670 : 000;
44671 : 000;
44672 : 000;
44673 : 000;
44674 : 000;
44675 : 000;
44676 : 000;
44677 : 000;
44678 : 000;
44679 : 000;
44680 : 000;
44681 : 010;
44682 : 000;
44683 : 000;
44684 : 000;
44685 : 000;
44686 : 000;
44687 : 000;
44688 : 000;
44689 : 000;
44690 : 000;
44691 : 000;
44692 : 000;
44693 : 000;
44694 : 000;
44695 : 000;
44696 : 000;
44697 : 001;
44698 : 000;
44699 : 000;
44700 : 000;
44701 : 000;
44702 : 000;
44703 : 001;
44704 : 000;
44705 : 000;
44706 : 000;
44707 : 000;
44708 : 000;
44709 : 000;
44710 : 000;
44711 : 000;
44712 : 000;
44713 : 000;
44714 : 000;
44715 : 000;
44716 : 000;
44717 : 000;
44718 : 000;
44719 : 000;
44720 : 000;
44721 : 000;
44722 : 000;
44723 : 000;
44724 : 000;
44725 : 000;
44726 : 000;
44727 : 000;
44728 : 000;
44729 : 100;
44730 : 000;
44731 : 000;
44732 : 000;
44733 : 000;
44734 : 000;
44735 : 000;
44736 : 000;
44737 : 000;
44738 : 000;
44739 : 000;
44740 : 000;
44741 : 000;
44742 : 000;
44743 : 000;
44744 : 000;
44745 : 000;
44746 : 000;
44747 : 000;
44748 : 000;
44749 : 000;
44750 : 000;
44751 : 100;
44752 : 000;
44753 : 000;
44754 : 000;
44755 : 000;
44756 : 000;
44757 : 000;
44758 : 000;
44759 : 000;
44760 : 000;
44761 : 000;
44762 : 000;
44763 : 010;
44764 : 000;
44765 : 000;
44766 : 101;
44767 : 000;
44768 : 010;
44769 : 000;
44770 : 000;
44771 : 001;
44772 : 000;
44773 : 100;
44774 : 000;
44775 : 010;
44776 : 000;
44777 : 000;
44778 : 000;
44779 : 000;
44780 : 010;
44781 : 000;
44782 : 000;
44783 : 010;
44784 : 000;
44785 : 000;
44786 : 000;
44787 : 000;
44788 : 000;
44789 : 100;
44790 : 000;
44791 : 000;
44792 : 000;
44793 : 000;
44794 : 100;
44795 : 001;
44796 : 000;
44797 : 000;
44798 : 000;
44799 : 000;
44800 : 000;
44801 : 001;
44802 : 000;
44803 : 101;
44804 : 010;
44805 : 100;
44806 : 010;
44807 : 000;
44808 : 110;
44809 : 101;
44810 : 110;
44811 : 000;
44812 : 111;
44813 : 110;
44814 : 101;
44815 : 010;
44816 : 100;
44817 : 000;
44818 : 110;
44819 : 011;
44820 : 110;
44821 : 101;
44822 : 110;
44823 : 000;
44824 : 110;
44825 : 000;
44826 : 110;
44827 : 000;
44828 : 000;
44829 : 000;
44830 : 000;
44831 : 110;
44832 : 000;
44833 : 000;
44834 : 100;
44835 : 011;
44836 : 000;
44837 : 000;
44838 : 000;
44839 : 110;
44840 : 000;
44841 : 000;
44842 : 001;
44843 : 000;
44844 : 000;
44845 : 000;
44846 : 000;
44847 : 000;
44848 : 000;
44849 : 000;
44850 : 000;
44851 : 100;
44852 : 000;
44853 : 000;
44854 : 000;
44855 : 000;
44856 : 000;
44857 : 000;
44858 : 000;
44859 : 000;
44860 : 100;
44861 : 000;
44862 : 100;
44863 : 000;
44864 : 000;
44865 : 000;
44866 : 000;
44867 : 000;
44868 : 100;
44869 : 000;
44870 : 001;
44871 : 000;
44872 : 000;
44873 : 100;
44874 : 000;
44875 : 000;
44876 : 000;
44877 : 000;
44878 : 000;
44879 : 100;
44880 : 000;
44881 : 000;
44882 : 000;
44883 : 000;
44884 : 000;
44885 : 000;
44886 : 100;
44887 : 000;
44888 : 000;
44889 : 001;
44890 : 000;
44891 : 000;
44892 : 110;
44893 : 000;
44894 : 000;
44895 : 000;
44896 : 000;
44897 : 000;
44898 : 000;
44899 : 100;
44900 : 000;
44901 : 000;
44902 : 010;
44903 : 100;
44904 : 000;
44905 : 000;
44906 : 000;
44907 : 100;
44908 : 000;
44909 : 000;
44910 : 101;
44911 : 000;
44912 : 000;
44913 : 001;
44914 : 000;
44915 : 000;
44916 : 010;
44917 : 100;
44918 : 000;
44919 : 000;
44920 : 000;
44921 : 000;
44922 : 000;
44923 : 000;
44924 : 000;
44925 : 000;
44926 : 010;
44927 : 000;
44928 : 000;
44929 : 000;
44930 : 001;
44931 : 100;
44932 : 000;
44933 : 000;
44934 : 011;
44935 : 000;
44936 : 000;
44937 : 000;
44938 : 010;
44939 : 000;
44940 : 100;
44941 : 000;
44942 : 000;
44943 : 000;
44944 : 000;
44945 : 000;
44946 : 000;
44947 : 000;
44948 : 010;
44949 : 100;
44950 : 001;
44951 : 100;
44952 : 000;
44953 : 101;
44954 : 010;
44955 : 100;
44956 : 000;
44957 : 100;
44958 : 001;
44959 : 000;
44960 : 100;
44961 : 011;
44962 : 100;
44963 : 000;
44964 : 010;
44965 : 101;
44966 : 000;
44967 : 000;
44968 : 100;
44969 : 001;
44970 : 010;
44971 : 101;
44972 : 000;
44973 : 110;
44974 : 000;
44975 : 001;
44976 : 110;
44977 : 000;
44978 : 000;
44979 : 101;
44980 : 000;
44981 : 000;
44982 : 100;
44983 : 011;
44984 : 000;
44985 : 101;
44986 : 000;
44987 : 110;
44988 : 000;
44989 : 001;
44990 : 000;
44991 : 000;
44992 : 000;
44993 : 000;
44994 : 000;
44995 : 000;
44996 : 000;
44997 : 000;
44998 : 001;
44999 : 100;
45000 : 000;
45001 : 000;
45002 : 000;
45003 : 000;
45004 : 000;
45005 : 000;
45006 : 000;
45007 : 000;
45008 : 001;
45009 : 000;
45010 : 000;
45011 : 010;
45012 : 000;
45013 : 000;
45014 : 000;
45015 : 000;
45016 : 000;
45017 : 000;
45018 : 000;
45019 : 000;
45020 : 000;
45021 : 000;
45022 : 000;
45023 : 000;
45024 : 010;
45025 : 000;
45026 : 000;
45027 : 000;
45028 : 000;
45029 : 000;
45030 : 000;
45031 : 000;
45032 : 000;
45033 : 010;
45034 : 000;
45035 : 000;
45036 : 001;
45037 : 000;
45038 : 000;
45039 : 000;
45040 : 000;
45041 : 000;
45042 : 000;
45043 : 000;
45044 : 000;
45045 : 000;
45046 : 000;
45047 : 000;
45048 : 010;
45049 : 000;
45050 : 000;
45051 : 000;
45052 : 000;
45053 : 000;
45054 : 010;
45055 : 000;
45056 : 001;
45057 : 000;
45058 : 000;
45059 : 000;
45060 : 001;
45061 : 000;
45062 : 000;
45063 : 000;
45064 : 000;
45065 : 000;
45066 : 000;
45067 : 000;
45068 : 000;
45069 : 001;
45070 : 000;
45071 : 000;
45072 : 000;
45073 : 000;
45074 : 000;
45075 : 000;
45076 : 000;
45077 : 000;
45078 : 000;
45079 : 000;
45080 : 000;
45081 : 000;
45082 : 101;
45083 : 000;
45084 : 000;
45085 : 000;
45086 : 000;
45087 : 000;
45088 : 000;
45089 : 001;
45090 : 000;
45091 : 000;
45092 : 000;
45093 : 000;
45094 : 000;
45095 : 000;
45096 : 000;
45097 : 001;
45098 : 000;
45099 : 000;
45100 : 000;
45101 : 000;
45102 : 000;
45103 : 000;
45104 : 001;
45105 : 000;
45106 : 000;
45107 : 010;
45108 : 001;
45109 : 000;
45110 : 000;
45111 : 000;
45112 : 000;
45113 : 000;
45114 : 000;
45115 : 000;
45116 : 000;
45117 : 000;
45118 : 001;
45119 : 000;
45120 : 000;
45121 : 010;
45122 : 000;
45123 : 000;
45124 : 110;
45125 : 111;
45126 : 110;
45127 : 101;
45128 : 111;
45129 : 111;
45130 : 110;
45131 : 111;
45132 : 100;
45133 : 110;
45134 : 000;
45135 : 110;
45136 : 000;
45137 : 110;
45138 : 000;
45139 : 100;
45140 : 000;
45141 : 110;
45142 : 000;
45143 : 000;
45144 : 000;
45145 : 000;
45146 : 101;
45147 : 000;
45148 : 000;
45149 : 000;
45150 : 101;
45151 : 000;
45152 : 000;
45153 : 000;
45154 : 010;
45155 : 100;
45156 : 000;
45157 : 000;
45158 : 101;
45159 : 000;
45160 : 000;
45161 : 000;
45162 : 000;
45163 : 000;
45164 : 000;
45165 : 000;
45166 : 000;
45167 : 000;
45168 : 001;
45169 : 110;
45170 : 000;
45171 : 001;
45172 : 000;
45173 : 100;
45174 : 000;
45175 : 100;
45176 : 000;
45177 : 100;
45178 : 000;
45179 : 000;
45180 : 000;
45181 : 000;
45182 : 010;
45183 : 000;
45184 : 000;
45185 : 001;
45186 : 100;
45187 : 000;
45188 : 010;
45189 : 000;
45190 : 100;
45191 : 010;
45192 : 000;
45193 : 000;
45194 : 000;
45195 : 010;
45196 : 100;
45197 : 000;
45198 : 000;
45199 : 000;
45200 : 000;
45201 : 000;
45202 : 010;
45203 : 101;
45204 : 000;
45205 : 010;
45206 : 000;
45207 : 001;
45208 : 000;
45209 : 010;
45210 : 100;
45211 : 000;
45212 : 000;
45213 : 000;
45214 : 000;
45215 : 000;
45216 : 110;
45217 : 001;
45218 : 000;
45219 : 000;
45220 : 010;
45221 : 000;
45222 : 000;
45223 : 000;
45224 : 001;
45225 : 000;
45226 : 000;
45227 : 000;
45228 : 010;
45229 : 000;
45230 : 000;
45231 : 000;
45232 : 000;
45233 : 000;
45234 : 000;
45235 : 000;
45236 : 000;
45237 : 000;
45238 : 000;
45239 : 000;
45240 : 000;
45241 : 110;
45242 : 001;
45243 : 000;
45244 : 100;
45245 : 000;
45246 : 000;
45247 : 101;
45248 : 000;
45249 : 000;
45250 : 000;
45251 : 000;
45252 : 010;
45253 : 000;
45254 : 000;
45255 : 000;
45256 : 000;
45257 : 000;
45258 : 100;
45259 : 001;
45260 : 000;
45261 : 000;
45262 : 010;
45263 : 000;
45264 : 000;
45265 : 000;
45266 : 010;
45267 : 000;
45268 : 000;
45269 : 111;
45270 : 000;
45271 : 110;
45272 : 011;
45273 : 100;
45274 : 000;
45275 : 111;
45276 : 000;
45277 : 111;
45278 : 000;
45279 : 110;
45280 : 000;
45281 : 100;
45282 : 011;
45283 : 100;
45284 : 001;
45285 : 110;
45286 : 000;
45287 : 111;
45288 : 000;
45289 : 110;
45290 : 001;
45291 : 000;
45292 : 111;
45293 : 000;
45294 : 111;
45295 : 000;
45296 : 100;
45297 : 001;
45298 : 110;
45299 : 000;
45300 : 110;
45301 : 001;
45302 : 110;
45303 : 000;
45304 : 101;
45305 : 010;
45306 : 000;
45307 : 100;
45308 : 000;
45309 : 000;
45310 : 000;
45311 : 000;
45312 : 000;
45313 : 000;
45314 : 000;
45315 : 000;
45316 : 001;
45317 : 100;
45318 : 000;
45319 : 000;
45320 : 000;
45321 : 000;
45322 : 000;
45323 : 000;
45324 : 000;
45325 : 000;
45326 : 000;
45327 : 100;
45328 : 010;
45329 : 000;
45330 : 000;
45331 : 000;
45332 : 000;
45333 : 000;
45334 : 000;
45335 : 000;
45336 : 100;
45337 : 000;
45338 : 000;
45339 : 000;
45340 : 000;
45341 : 000;
45342 : 000;
45343 : 000;
45344 : 000;
45345 : 000;
45346 : 000;
45347 : 000;
45348 : 000;
45349 : 000;
45350 : 000;
45351 : 000;
45352 : 000;
45353 : 001;
45354 : 000;
45355 : 100;
45356 : 000;
45357 : 000;
45358 : 000;
45359 : 000;
45360 : 000;
45361 : 010;
45362 : 000;
45363 : 000;
45364 : 001;
45365 : 000;
45366 : 000;
45367 : 000;
45368 : 000;
45369 : 000;
45370 : 000;
45371 : 000;
45372 : 000;
45373 : 000;
45374 : 000;
45375 : 000;
45376 : 000;
45377 : 100;
45378 : 000;
45379 : 000;
45380 : 010;
45381 : 000;
45382 : 000;
45383 : 000;
45384 : 000;
45385 : 001;
45386 : 000;
45387 : 000;
45388 : 000;
45389 : 000;
45390 : 000;
45391 : 000;
45392 : 000;
45393 : 000;
45394 : 000;
45395 : 000;
45396 : 000;
45397 : 000;
45398 : 000;
45399 : 000;
45400 : 001;
45401 : 000;
45402 : 000;
45403 : 000;
45404 : 000;
45405 : 000;
45406 : 000;
45407 : 000;
45408 : 000;
45409 : 000;
45410 : 100;
45411 : 000;
45412 : 000;
45413 : 010;
45414 : 000;
45415 : 001;
45416 : 000;
45417 : 100;
45418 : 000;
45419 : 000;
45420 : 000;
45421 : 001;
45422 : 000;
45423 : 000;
45424 : 000;
45425 : 000;
45426 : 100;
45427 : 000;
45428 : 000;
45429 : 000;
45430 : 000;
45431 : 000;
45432 : 001;
45433 : 000;
45434 : 000;
45435 : 000;
45436 : 000;
45437 : 000;
45438 : 000;
45439 : 000;
45440 : 000;
45441 : 100;
45442 : 000;
45443 : 000;
45444 : 000;
45445 : 110;
45446 : 101;
45447 : 110;
45448 : 110;
45449 : 111;
45450 : 100;
45451 : 010;
45452 : 100;
45453 : 010;
45454 : 100;
45455 : 000;
45456 : 000;
45457 : 000;
45458 : 111;
45459 : 000;
45460 : 000;
45461 : 000;
45462 : 000;
45463 : 110;
45464 : 000;
45465 : 000;
45466 : 010;
45467 : 000;
45468 : 000;
45469 : 100;
45470 : 010;
45471 : 100;
45472 : 000;
45473 : 001;
45474 : 100;
45475 : 011;
45476 : 100;
45477 : 010;
45478 : 000;
45479 : 000;
45480 : 000;
45481 : 000;
45482 : 000;
45483 : 000;
45484 : 000;
45485 : 100;
45486 : 010;
45487 : 000;
45488 : 000;
45489 : 000;
45490 : 000;
45491 : 000;
45492 : 010;
45493 : 000;
45494 : 000;
45495 : 010;
45496 : 000;
45497 : 001;
45498 : 010;
45499 : 100;
45500 : 000;
45501 : 000;
45502 : 001;
45503 : 000;
45504 : 100;
45505 : 010;
45506 : 000;
45507 : 000;
45508 : 001;
45509 : 000;
45510 : 000;
45511 : 000;
45512 : 000;
45513 : 000;
45514 : 101;
45515 : 000;
45516 : 000;
45517 : 000;
45518 : 011;
45519 : 000;
45520 : 000;
45521 : 100;
45522 : 000;
45523 : 000;
45524 : 000;
45525 : 000;
45526 : 000;
45527 : 000;
45528 : 100;
45529 : 000;
45530 : 000;
45531 : 000;
45532 : 000;
45533 : 000;
45534 : 001;
45535 : 000;
45536 : 000;
45537 : 000;
45538 : 000;
45539 : 000;
45540 : 001;
45541 : 000;
45542 : 100;
45543 : 000;
45544 : 000;
45545 : 000;
45546 : 010;
45547 : 000;
45548 : 001;
45549 : 000;
45550 : 000;
45551 : 000;
45552 : 110;
45553 : 000;
45554 : 000;
45555 : 100;
45556 : 000;
45557 : 000;
45558 : 000;
45559 : 000;
45560 : 001;
45561 : 000;
45562 : 000;
45563 : 000;
45564 : 010;
45565 : 001;
45566 : 000;
45567 : 000;
45568 : 000;
45569 : 000;
45570 : 010;
45571 : 000;
45572 : 000;
45573 : 000;
45574 : 100;
45575 : 000;
45576 : 000;
45577 : 001;
45578 : 000;
45579 : 000;
45580 : 000;
45581 : 000;
45582 : 000;
45583 : 100;
45584 : 000;
45585 : 000;
45586 : 100;
45587 : 000;
45588 : 000;
45589 : 100;
45590 : 011;
45591 : 100;
45592 : 100;
45593 : 011;
45594 : 100;
45595 : 000;
45596 : 110;
45597 : 000;
45598 : 100;
45599 : 011;
45600 : 101;
45601 : 010;
45602 : 100;
45603 : 011;
45604 : 100;
45605 : 011;
45606 : 100;
45607 : 011;
45608 : 100;
45609 : 001;
45610 : 110;
45611 : 000;
45612 : 100;
45613 : 000;
45614 : 000;
45615 : 110;
45616 : 000;
45617 : 000;
45618 : 000;
45619 : 011;
45620 : 100;
45621 : 000;
45622 : 001;
45623 : 110;
45624 : 000;
45625 : 100;
45626 : 000;
45627 : 011;
45628 : 100;
45629 : 000;
45630 : 000;
45631 : 000;
45632 : 010;
45633 : 000;
45634 : 001;
45635 : 000;
45636 : 000;
45637 : 000;
45638 : 000;
45639 : 000;
45640 : 000;
45641 : 000;
45642 : 000;
45643 : 001;
45644 : 000;
45645 : 000;
45646 : 010;
45647 : 000;
45648 : 000;
45649 : 000;
45650 : 000;
45651 : 000;
45652 : 000;
45653 : 000;
45654 : 000;
45655 : 000;
45656 : 000;
45657 : 000;
45658 : 000;
45659 : 000;
45660 : 000;
45661 : 000;
45662 : 000;
45663 : 000;
45664 : 000;
45665 : 000;
45666 : 000;
45667 : 000;
45668 : 000;
45669 : 001;
45670 : 000;
45671 : 000;
45672 : 000;
45673 : 000;
45674 : 000;
45675 : 000;
45676 : 000;
45677 : 000;
45678 : 000;
45679 : 000;
45680 : 000;
45681 : 000;
45682 : 000;
45683 : 000;
45684 : 000;
45685 : 000;
45686 : 000;
45687 : 000;
45688 : 000;
45689 : 000;
45690 : 001;
45691 : 000;
45692 : 000;
45693 : 000;
45694 : 000;
45695 : 000;
45696 : 000;
45697 : 000;
45698 : 000;
45699 : 000;
45700 : 000;
45701 : 000;
45702 : 000;
45703 : 000;
45704 : 000;
45705 : 000;
45706 : 000;
45707 : 000;
45708 : 000;
45709 : 000;
45710 : 000;
45711 : 000;
45712 : 000;
45713 : 000;
45714 : 000;
45715 : 000;
45716 : 000;
45717 : 000;
45718 : 001;
45719 : 000;
45720 : 000;
45721 : 000;
45722 : 010;
45723 : 000;
45724 : 000;
45725 : 101;
45726 : 000;
45727 : 000;
45728 : 000;
45729 : 000;
45730 : 000;
45731 : 010;
45732 : 000;
45733 : 000;
45734 : 000;
45735 : 100;
45736 : 000;
45737 : 000;
45738 : 000;
45739 : 000;
45740 : 100;
45741 : 000;
45742 : 000;
45743 : 100;
45744 : 000;
45745 : 000;
45746 : 000;
45747 : 000;
45748 : 000;
45749 : 000;
45750 : 000;
45751 : 010;
45752 : 000;
45753 : 000;
45754 : 010;
45755 : 000;
45756 : 000;
45757 : 100;
45758 : 000;
45759 : 000;
45760 : 000;
45761 : 000;
45762 : 010;
45763 : 100;
45764 : 000;
45765 : 100;
45766 : 010;
45767 : 000;
45768 : 100;
45769 : 000;
45770 : 010;
45771 : 000;
45772 : 000;
45773 : 000;
45774 : 000;
45775 : 000;
45776 : 000;
45777 : 000;
45778 : 100;
45779 : 000;
45780 : 000;
45781 : 100;
45782 : 000;
45783 : 001;
45784 : 000;
45785 : 000;
45786 : 101;
45787 : 000;
45788 : 000;
45789 : 111;
45790 : 000;
45791 : 000;
45792 : 000;
45793 : 110;
45794 : 000;
45795 : 100;
45796 : 000;
45797 : 000;
45798 : 000;
45799 : 001;
45800 : 000;
45801 : 000;
45802 : 001;
45803 : 110;
45804 : 000;
45805 : 000;
45806 : 001;
45807 : 000;
45808 : 000;
45809 : 000;
45810 : 110;
45811 : 000;
45812 : 100;
45813 : 000;
45814 : 000;
45815 : 101;
45816 : 000;
45817 : 000;
45818 : 000;
45819 : 000;
45820 : 001;
45821 : 110;
45822 : 000;
45823 : 000;
45824 : 000;
45825 : 000;
45826 : 000;
45827 : 000;
45828 : 100;
45829 : 000;
45830 : 000;
45831 : 000;
45832 : 100;
45833 : 000;
45834 : 000;
45835 : 000;
45836 : 000;
45837 : 000;
45838 : 100;
45839 : 000;
45840 : 000;
45841 : 000;
45842 : 000;
45843 : 000;
45844 : 000;
45845 : 000;
45846 : 100;
45847 : 000;
45848 : 000;
45849 : 000;
45850 : 000;
45851 : 000;
45852 : 001;
45853 : 000;
45854 : 110;
45855 : 000;
45856 : 000;
45857 : 000;
45858 : 000;
45859 : 100;
45860 : 000;
45861 : 000;
45862 : 000;
45863 : 000;
45864 : 000;
45865 : 100;
45866 : 000;
45867 : 000;
45868 : 100;
45869 : 000;
45870 : 000;
45871 : 000;
45872 : 000;
45873 : 000;
45874 : 000;
45875 : 001;
45876 : 000;
45877 : 010;
45878 : 001;
45879 : 100;
45880 : 000;
45881 : 000;
45882 : 000;
45883 : 000;
45884 : 000;
45885 : 000;
45886 : 000;
45887 : 000;
45888 : 000;
45889 : 000;
45890 : 100;
45891 : 000;
45892 : 001;
45893 : 000;
45894 : 000;
45895 : 000;
45896 : 000;
45897 : 000;
45898 : 000;
45899 : 010;
45900 : 000;
45901 : 000;
45902 : 000;
45903 : 001;
45904 : 000;
45905 : 000;
45906 : 000;
45907 : 001;
45908 : 000;
45909 : 000;
45910 : 110;
45911 : 001;
45912 : 110;
45913 : 001;
45914 : 110;
45915 : 001;
45916 : 100;
45917 : 011;
45918 : 000;
45919 : 100;
45920 : 010;
45921 : 101;
45922 : 000;
45923 : 100;
45924 : 010;
45925 : 100;
45926 : 001;
45927 : 100;
45928 : 010;
45929 : 100;
45930 : 001;
45931 : 110;
45932 : 001;
45933 : 110;
45934 : 001;
45935 : 000;
45936 : 111;
45937 : 000;
45938 : 110;
45939 : 000;
45940 : 101;
45941 : 010;
45942 : 100;
45943 : 001;
45944 : 010;
45945 : 000;
45946 : 100;
45947 : 000;
45948 : 000;
45949 : 000;
45950 : 000;
45951 : 000;
45952 : 001;
45953 : 000;
45954 : 100;
45955 : 000;
45956 : 000;
45957 : 000;
45958 : 000;
45959 : 000;
45960 : 000;
45961 : 000;
45962 : 000;
45963 : 000;
45964 : 000;
45965 : 000;
45966 : 000;
45967 : 000;
45968 : 000;
45969 : 000;
45970 : 000;
45971 : 000;
45972 : 000;
45973 : 000;
45974 : 000;
45975 : 000;
45976 : 000;
45977 : 000;
45978 : 000;
45979 : 000;
45980 : 000;
45981 : 000;
45982 : 000;
45983 : 000;
45984 : 000;
45985 : 000;
45986 : 000;
45987 : 101;
45988 : 000;
45989 : 000;
45990 : 000;
45991 : 000;
45992 : 000;
45993 : 000;
45994 : 000;
45995 : 000;
45996 : 000;
45997 : 000;
45998 : 000;
45999 : 000;
46000 : 000;
46001 : 000;
46002 : 001;
46003 : 000;
46004 : 000;
46005 : 000;
46006 : 000;
46007 : 000;
46008 : 000;
46009 : 000;
46010 : 000;
46011 : 000;
46012 : 000;
46013 : 000;
46014 : 000;
46015 : 000;
46016 : 000;
46017 : 000;
46018 : 000;
46019 : 000;
46020 : 000;
46021 : 000;
46022 : 000;
46023 : 000;
46024 : 000;
46025 : 000;
46026 : 000;
46027 : 000;
46028 : 000;
46029 : 000;
46030 : 000;
46031 : 010;
46032 : 000;
46033 : 000;
46034 : 000;
46035 : 000;
46036 : 000;
46037 : 000;
46038 : 000;
46039 : 000;
46040 : 000;
46041 : 000;
46042 : 100;
46043 : 000;
46044 : 000;
46045 : 010;
46046 : 000;
46047 : 000;
46048 : 010;
46049 : 000;
46050 : 101;
46051 : 000;
46052 : 001;
46053 : 100;
46054 : 000;
46055 : 001;
46056 : 010;
46057 : 000;
46058 : 000;
46059 : 011;
46060 : 000;
46061 : 010;
46062 : 001;
46063 : 010;
46064 : 000;
46065 : 000;
46066 : 001;
46067 : 000;
46068 : 000;
46069 : 000;
46070 : 001;
46071 : 100;
46072 : 000;
46073 : 000;
46074 : 100;
46075 : 001;
46076 : 000;
46077 : 000;
46078 : 000;
46079 : 000;
46080 : 000;
46081 : 000;
46082 : 000;
46083 : 000;
46084 : 010;
46085 : 000;
46086 : 100;
46087 : 000;
46088 : 010;
46089 : 000;
46090 : 100;
46091 : 110;
46092 : 100;
46093 : 010;
46094 : 100;
46095 : 000;
46096 : 000;
46097 : 000;
46098 : 111;
46099 : 000;
46100 : 000;
46101 : 011;
46102 : 000;
46103 : 100;
46104 : 000;
46105 : 000;
46106 : 110;
46107 : 000;
46108 : 100;
46109 : 000;
46110 : 110;
46111 : 001;
46112 : 000;
46113 : 101;
46114 : 000;
46115 : 000;
46116 : 000;
46117 : 001;
46118 : 000;
46119 : 000;
46120 : 010;
46121 : 000;
46122 : 000;
46123 : 000;
46124 : 000;
46125 : 000;
46126 : 000;
46127 : 000;
46128 : 000;
46129 : 000;
46130 : 001;
46131 : 000;
46132 : 000;
46133 : 000;
46134 : 000;
46135 : 000;
46136 : 000;
46137 : 100;
46138 : 000;
46139 : 010;
46140 : 000;
46141 : 000;
46142 : 000;
46143 : 100;
46144 : 000;
46145 : 000;
46146 : 100;
46147 : 010;
46148 : 000;
46149 : 000;
46150 : 010;
46151 : 001;
46152 : 000;
46153 : 010;
46154 : 000;
46155 : 000;
46156 : 110;
46157 : 000;
46158 : 000;
46159 : 000;
46160 : 010;
46161 : 001;
46162 : 000;
46163 : 000;
46164 : 111;
46165 : 000;
46166 : 000;
46167 : 010;
46168 : 000;
46169 : 000;
46170 : 001;
46171 : 010;
46172 : 000;
46173 : 000;
46174 : 000;
46175 : 000;
46176 : 000;
46177 : 100;
46178 : 000;
46179 : 010;
46180 : 000;
46181 : 000;
46182 : 000;
46183 : 011;
46184 : 000;
46185 : 000;
46186 : 000;
46187 : 000;
46188 : 000;
46189 : 000;
46190 : 010;
46191 : 001;
46192 : 000;
46193 : 000;
46194 : 000;
46195 : 010;
46196 : 000;
46197 : 000;
46198 : 000;
46199 : 000;
46200 : 000;
46201 : 000;
46202 : 000;
46203 : 000;
46204 : 000;
46205 : 000;
46206 : 000;
46207 : 000;
46208 : 110;
46209 : 000;
46210 : 001;
46211 : 000;
46212 : 000;
46213 : 000;
46214 : 000;
46215 : 000;
46216 : 010;
46217 : 100;
46218 : 000;
46219 : 000;
46220 : 000;
46221 : 100;
46222 : 000;
46223 : 000;
46224 : 010;
46225 : 000;
46226 : 000;
46227 : 000;
46228 : 000;
46229 : 100;
46230 : 011;
46231 : 100;
46232 : 111;
46233 : 100;
46234 : 011;
46235 : 110;
46236 : 101;
46237 : 010;
46238 : 101;
46239 : 010;
46240 : 100;
46241 : 000;
46242 : 011;
46243 : 100;
46244 : 001;
46245 : 010;
46246 : 100;
46247 : 011;
46248 : 000;
46249 : 100;
46250 : 010;
46251 : 000;
46252 : 000;
46253 : 000;
46254 : 110;
46255 : 000;
46256 : 100;
46257 : 001;
46258 : 100;
46259 : 010;
46260 : 000;
46261 : 101;
46262 : 010;
46263 : 100;
46264 : 001;
46265 : 110;
46266 : 000;
46267 : 100;
46268 : 000;
46269 : 000;
46270 : 000;
46271 : 000;
46272 : 000;
46273 : 000;
46274 : 000;
46275 : 000;
46276 : 000;
46277 : 010;
46278 : 000;
46279 : 000;
46280 : 000;
46281 : 010;
46282 : 000;
46283 : 000;
46284 : 100;
46285 : 000;
46286 : 000;
46287 : 001;
46288 : 000;
46289 : 000;
46290 : 000;
46291 : 000;
46292 : 001;
46293 : 000;
46294 : 000;
46295 : 000;
46296 : 000;
46297 : 000;
46298 : 000;
46299 : 000;
46300 : 000;
46301 : 000;
46302 : 000;
46303 : 000;
46304 : 000;
46305 : 000;
46306 : 000;
46307 : 000;
46308 : 000;
46309 : 000;
46310 : 000;
46311 : 000;
46312 : 000;
46313 : 000;
46314 : 000;
46315 : 000;
46316 : 000;
46317 : 000;
46318 : 000;
46319 : 000;
46320 : 000;
46321 : 000;
46322 : 000;
46323 : 000;
46324 : 100;
46325 : 000;
46326 : 000;
46327 : 000;
46328 : 000;
46329 : 000;
46330 : 000;
46331 : 000;
46332 : 000;
46333 : 000;
46334 : 000;
46335 : 000;
46336 : 000;
46337 : 000;
46338 : 000;
46339 : 000;
46340 : 000;
46341 : 000;
46342 : 000;
46343 : 000;
46344 : 000;
46345 : 000;
46346 : 000;
46347 : 000;
46348 : 000;
46349 : 000;
46350 : 000;
46351 : 000;
46352 : 000;
46353 : 000;
46354 : 000;
46355 : 000;
46356 : 000;
46357 : 000;
46358 : 000;
46359 : 000;
46360 : 100;
46361 : 000;
46362 : 000;
46363 : 000;
46364 : 000;
46365 : 000;
46366 : 000;
46367 : 001;
46368 : 100;
46369 : 000;
46370 : 000;
46371 : 010;
46372 : 000;
46373 : 001;
46374 : 010;
46375 : 000;
46376 : 100;
46377 : 011;
46378 : 100;
46379 : 000;
46380 : 101;
46381 : 000;
46382 : 100;
46383 : 000;
46384 : 001;
46385 : 000;
46386 : 010;
46387 : 000;
46388 : 000;
46389 : 100;
46390 : 000;
46391 : 000;
46392 : 000;
46393 : 000;
46394 : 000;
46395 : 000;
46396 : 000;
46397 : 000;
46398 : 010;
46399 : 000;
46400 : 000;
46401 : 110;
46402 : 000;
46403 : 110;
46404 : 100;
46405 : 010;
46406 : 000;
46407 : 000;
46408 : 100;
46409 : 010;
46410 : 000;
46411 : 010;
46412 : 100;
46413 : 010;
46414 : 110;
46415 : 111;
46416 : 000;
46417 : 000;
46418 : 110;
46419 : 000;
46420 : 000;
46421 : 100;
46422 : 000;
46423 : 000;
46424 : 000;
46425 : 000;
46426 : 000;
46427 : 111;
46428 : 000;
46429 : 000;
46430 : 000;
46431 : 000;
46432 : 110;
46433 : 000;
46434 : 000;
46435 : 000;
46436 : 000;
46437 : 000;
46438 : 000;
46439 : 000;
46440 : 100;
46441 : 000;
46442 : 000;
46443 : 000;
46444 : 000;
46445 : 001;
46446 : 000;
46447 : 000;
46448 : 000;
46449 : 000;
46450 : 100;
46451 : 000;
46452 : 000;
46453 : 111;
46454 : 000;
46455 : 100;
46456 : 010;
46457 : 000;
46458 : 000;
46459 : 100;
46460 : 000;
46461 : 000;
46462 : 000;
46463 : 000;
46464 : 010;
46465 : 001;
46466 : 000;
46467 : 000;
46468 : 000;
46469 : 001;
46470 : 100;
46471 : 000;
46472 : 000;
46473 : 000;
46474 : 100;
46475 : 001;
46476 : 000;
46477 : 000;
46478 : 001;
46479 : 000;
46480 : 100;
46481 : 000;
46482 : 000;
46483 : 000;
46484 : 000;
46485 : 000;
46486 : 000;
46487 : 001;
46488 : 000;
46489 : 000;
46490 : 000;
46491 : 100;
46492 : 000;
46493 : 000;
46494 : 000;
46495 : 000;
46496 : 000;
46497 : 011;
46498 : 000;
46499 : 000;
46500 : 001;
46501 : 000;
46502 : 000;
46503 : 100;
46504 : 000;
46505 : 000;
46506 : 001;
46507 : 000;
46508 : 010;
46509 : 001;
46510 : 100;
46511 : 000;
46512 : 000;
46513 : 100;
46514 : 000;
46515 : 000;
46516 : 000;
46517 : 100;
46518 : 000;
46519 : 000;
46520 : 010;
46521 : 000;
46522 : 100;
46523 : 000;
46524 : 000;
46525 : 100;
46526 : 010;
46527 : 000;
46528 : 001;
46529 : 000;
46530 : 000;
46531 : 000;
46532 : 000;
46533 : 100;
46534 : 000;
46535 : 001;
46536 : 000;
46537 : 000;
46538 : 000;
46539 : 000;
46540 : 000;
46541 : 001;
46542 : 000;
46543 : 000;
46544 : 000;
46545 : 100;
46546 : 000;
46547 : 000;
46548 : 010;
46549 : 000;
46550 : 100;
46551 : 000;
46552 : 010;
46553 : 100;
46554 : 100;
46555 : 011;
46556 : 100;
46557 : 000;
46558 : 110;
46559 : 001;
46560 : 100;
46561 : 011;
46562 : 100;
46563 : 010;
46564 : 100;
46565 : 001;
46566 : 110;
46567 : 000;
46568 : 101;
46569 : 010;
46570 : 101;
46571 : 000;
46572 : 111;
46573 : 000;
46574 : 101;
46575 : 000;
46576 : 011;
46577 : 100;
46578 : 010;
46579 : 101;
46580 : 010;
46581 : 100;
46582 : 001;
46583 : 010;
46584 : 100;
46585 : 000;
46586 : 101;
46587 : 010;
46588 : 000;
46589 : 000;
46590 : 000;
46591 : 000;
46592 : 000;
46593 : 000;
46594 : 000;
46595 : 000;
46596 : 000;
46597 : 000;
46598 : 000;
46599 : 000;
46600 : 000;
46601 : 001;
46602 : 000;
46603 : 000;
46604 : 000;
46605 : 000;
46606 : 000;
46607 : 000;
46608 : 000;
46609 : 000;
46610 : 000;
46611 : 000;
46612 : 000;
46613 : 000;
46614 : 000;
46615 : 000;
46616 : 000;
46617 : 000;
46618 : 000;
46619 : 001;
46620 : 010;
46621 : 000;
46622 : 000;
46623 : 000;
46624 : 000;
46625 : 000;
46626 : 000;
46627 : 000;
46628 : 000;
46629 : 000;
46630 : 000;
46631 : 000;
46632 : 000;
46633 : 000;
46634 : 000;
46635 : 000;
46636 : 000;
46637 : 000;
46638 : 000;
46639 : 000;
46640 : 000;
46641 : 100;
46642 : 000;
46643 : 000;
46644 : 000;
46645 : 000;
46646 : 000;
46647 : 000;
46648 : 000;
46649 : 000;
46650 : 000;
46651 : 000;
46652 : 000;
46653 : 000;
46654 : 000;
46655 : 001;
46656 : 000;
46657 : 000;
46658 : 000;
46659 : 001;
46660 : 000;
46661 : 000;
46662 : 000;
46663 : 100;
46664 : 000;
46665 : 000;
46666 : 000;
46667 : 000;
46668 : 000;
46669 : 000;
46670 : 000;
46671 : 000;
46672 : 000;
46673 : 000;
46674 : 000;
46675 : 000;
46676 : 000;
46677 : 000;
46678 : 000;
46679 : 000;
46680 : 000;
46681 : 000;
46682 : 010;
46683 : 001;
46684 : 000;
46685 : 000;
46686 : 100;
46687 : 000;
46688 : 000;
46689 : 000;
46690 : 000;
46691 : 001;
46692 : 100;
46693 : 000;
46694 : 000;
46695 : 000;
46696 : 000;
46697 : 000;
46698 : 000;
46699 : 000;
46700 : 000;
46701 : 000;
46702 : 010;
46703 : 000;
46704 : 000;
46705 : 000;
46706 : 000;
46707 : 100;
46708 : 000;
46709 : 000;
46710 : 010;
46711 : 000;
46712 : 000;
46713 : 000;
46714 : 000;
46715 : 000;
46716 : 000;
46717 : 001;
46718 : 000;
46719 : 000;
46720 : 000;
46721 : 000;
46722 : 100;
46723 : 011;
46724 : 100;
46725 : 000;
46726 : 110;
46727 : 000;
46728 : 000;
46729 : 000;
46730 : 100;
46731 : 000;
46732 : 000;
46733 : 100;
46734 : 000;
46735 : 110;
46736 : 000;
46737 : 000;
46738 : 101;
46739 : 000;
46740 : 000;
46741 : 000;
46742 : 000;
46743 : 010;
46744 : 000;
46745 : 000;
46746 : 110;
46747 : 000;
46748 : 000;
46749 : 111;
46750 : 000;
46751 : 000;
46752 : 000;
46753 : 000;
46754 : 000;
46755 : 010;
46756 : 000;
46757 : 000;
46758 : 000;
46759 : 000;
46760 : 000;
46761 : 000;
46762 : 001;
46763 : 000;
46764 : 000;
46765 : 000;
46766 : 000;
46767 : 000;
46768 : 100;
46769 : 000;
46770 : 000;
46771 : 011;
46772 : 100;
46773 : 000;
46774 : 000;
46775 : 000;
46776 : 000;
46777 : 000;
46778 : 001;
46779 : 000;
46780 : 100;
46781 : 000;
46782 : 110;
46783 : 001;
46784 : 000;
46785 : 100;
46786 : 000;
46787 : 000;
46788 : 100;
46789 : 000;
46790 : 000;
46791 : 000;
46792 : 100;
46793 : 000;
46794 : 000;
46795 : 000;
46796 : 000;
46797 : 000;
46798 : 000;
46799 : 000;
46800 : 000;
46801 : 000;
46802 : 010;
46803 : 100;
46804 : 000;
46805 : 000;
46806 : 000;
46807 : 000;
46808 : 100;
46809 : 000;
46810 : 000;
46811 : 000;
46812 : 000;
46813 : 000;
46814 : 100;
46815 : 001;
46816 : 000;
46817 : 000;
46818 : 000;
46819 : 000;
46820 : 000;
46821 : 100;
46822 : 000;
46823 : 000;
46824 : 000;
46825 : 010;
46826 : 000;
46827 : 100;
46828 : 001;
46829 : 000;
46830 : 000;
46831 : 000;
46832 : 000;
46833 : 000;
46834 : 001;
46835 : 110;
46836 : 000;
46837 : 011;
46838 : 100;
46839 : 001;
46840 : 000;
46841 : 000;
46842 : 000;
46843 : 011;
46844 : 000;
46845 : 000;
46846 : 001;
46847 : 000;
46848 : 000;
46849 : 000;
46850 : 000;
46851 : 000;
46852 : 000;
46853 : 010;
46854 : 000;
46855 : 000;
46856 : 000;
46857 : 000;
46858 : 000;
46859 : 001;
46860 : 000;
46861 : 010;
46862 : 000;
46863 : 000;
46864 : 000;
46865 : 000;
46866 : 001;
46867 : 000;
46868 : 100;
46869 : 000;
46870 : 011;
46871 : 100;
46872 : 111;
46873 : 001;
46874 : 010;
46875 : 100;
46876 : 011;
46877 : 100;
46878 : 001;
46879 : 110;
46880 : 000;
46881 : 100;
46882 : 000;
46883 : 101;
46884 : 010;
46885 : 100;
46886 : 000;
46887 : 001;
46888 : 110;
46889 : 000;
46890 : 000;
46891 : 111;
46892 : 000;
46893 : 100;
46894 : 010;
46895 : 101;
46896 : 000;
46897 : 010;
46898 : 101;
46899 : 000;
46900 : 101;
46901 : 010;
46902 : 100;
46903 : 000;
46904 : 000;
46905 : 110;
46906 : 000;
46907 : 000;
46908 : 000;
46909 : 000;
46910 : 001;
46911 : 000;
46912 : 000;
46913 : 000;
46914 : 000;
46915 : 000;
46916 : 000;
46917 : 000;
46918 : 000;
46919 : 001;
46920 : 000;
46921 : 000;
46922 : 000;
46923 : 000;
46924 : 000;
46925 : 000;
46926 : 000;
46927 : 000;
46928 : 000;
46929 : 000;
46930 : 000;
46931 : 100;
46932 : 000;
46933 : 000;
46934 : 000;
46935 : 000;
46936 : 000;
46937 : 000;
46938 : 000;
46939 : 000;
46940 : 000;
46941 : 000;
46942 : 000;
46943 : 000;
46944 : 000;
46945 : 000;
46946 : 000;
46947 : 000;
46948 : 000;
46949 : 000;
46950 : 010;
46951 : 000;
46952 : 000;
46953 : 000;
46954 : 000;
46955 : 000;
46956 : 000;
46957 : 000;
46958 : 000;
46959 : 000;
46960 : 011;
46961 : 000;
46962 : 000;
46963 : 000;
46964 : 000;
46965 : 000;
46966 : 000;
46967 : 000;
46968 : 000;
46969 : 000;
46970 : 000;
46971 : 000;
46972 : 000;
46973 : 000;
46974 : 000;
46975 : 000;
46976 : 000;
46977 : 000;
46978 : 000;
46979 : 000;
46980 : 000;
46981 : 000;
46982 : 000;
46983 : 000;
46984 : 000;
46985 : 000;
46986 : 000;
46987 : 000;
46988 : 000;
46989 : 000;
46990 : 000;
46991 : 000;
46992 : 000;
46993 : 001;
46994 : 000;
46995 : 000;
46996 : 000;
46997 : 000;
46998 : 000;
46999 : 000;
47000 : 000;
47001 : 000;
47002 : 000;
47003 : 000;
47004 : 100;
47005 : 000;
47006 : 000;
47007 : 000;
47008 : 000;
47009 : 000;
47010 : 000;
47011 : 000;
47012 : 000;
47013 : 000;
47014 : 000;
47015 : 000;
47016 : 000;
47017 : 000;
47018 : 000;
47019 : 000;
47020 : 000;
47021 : 000;
47022 : 000;
47023 : 000;
47024 : 000;
47025 : 100;
47026 : 000;
47027 : 000;
47028 : 000;
47029 : 001;
47030 : 000;
47031 : 000;
47032 : 000;
47033 : 001;
47034 : 000;
47035 : 000;
47036 : 010;
47037 : 000;
47038 : 000;
47039 : 000;
47040 : 000;
47041 : 010;
47042 : 000;
47043 : 100;
47044 : 010;
47045 : 101;
47046 : 000;
47047 : 010;
47048 : 100;
47049 : 000;
47050 : 010;
47051 : 000;
47052 : 010;
47053 : 000;
47054 : 110;
47055 : 000;
47056 : 100;
47057 : 010;
47058 : 100;
47059 : 000;
47060 : 000;
47061 : 011;
47062 : 000;
47063 : 100;
47064 : 000;
47065 : 001;
47066 : 100;
47067 : 000;
47068 : 000;
47069 : 000;
47070 : 100;
47071 : 000;
47072 : 000;
47073 : 000;
47074 : 001;
47075 : 000;
47076 : 000;
47077 : 100;
47078 : 011;
47079 : 000;
47080 : 000;
47081 : 000;
47082 : 000;
47083 : 000;
47084 : 000;
47085 : 010;
47086 : 100;
47087 : 000;
47088 : 001;
47089 : 010;
47090 : 000;
47091 : 000;
47092 : 000;
47093 : 000;
47094 : 000;
47095 : 110;
47096 : 001;
47097 : 100;
47098 : 010;
47099 : 000;
47100 : 000;
47101 : 000;
47102 : 000;
47103 : 000;
47104 : 000;
47105 : 000;
47106 : 000;
47107 : 010;
47108 : 000;
47109 : 000;
47110 : 010;
47111 : 000;
47112 : 000;
47113 : 010;
47114 : 000;
47115 : 000;
47116 : 010;
47117 : 100;
47118 : 000;
47119 : 010;
47120 : 000;
47121 : 100;
47122 : 000;
47123 : 000;
47124 : 000;
47125 : 001;
47126 : 100;
47127 : 010;
47128 : 000;
47129 : 000;
47130 : 010;
47131 : 000;
47132 : 000;
47133 : 000;
47134 : 010;
47135 : 000;
47136 : 000;
47137 : 000;
47138 : 100;
47139 : 000;
47140 : 000;
47141 : 000;
47142 : 000;
47143 : 000;
47144 : 001;
47145 : 110;
47146 : 000;
47147 : 001;
47148 : 110;
47149 : 000;
47150 : 000;
47151 : 000;
47152 : 011;
47153 : 000;
47154 : 110;
47155 : 000;
47156 : 000;
47157 : 101;
47158 : 000;
47159 : 010;
47160 : 000;
47161 : 000;
47162 : 000;
47163 : 000;
47164 : 000;
47165 : 000;
47166 : 000;
47167 : 000;
47168 : 000;
47169 : 000;
47170 : 000;
47171 : 100;
47172 : 000;
47173 : 000;
47174 : 000;
47175 : 000;
47176 : 100;
47177 : 000;
47178 : 000;
47179 : 110;
47180 : 000;
47181 : 000;
47182 : 100;
47183 : 000;
47184 : 000;
47185 : 000;
47186 : 010;
47187 : 000;
47188 : 000;
47189 : 000;
47190 : 100;
47191 : 000;
47192 : 111;
47193 : 100;
47194 : 111;
47195 : 000;
47196 : 100;
47197 : 010;
47198 : 100;
47199 : 001;
47200 : 110;
47201 : 001;
47202 : 110;
47203 : 000;
47204 : 001;
47205 : 110;
47206 : 001;
47207 : 110;
47208 : 000;
47209 : 101;
47210 : 010;
47211 : 100;
47212 : 001;
47213 : 110;
47214 : 001;
47215 : 010;
47216 : 100;
47217 : 000;
47218 : 000;
47219 : 010;
47220 : 000;
47221 : 001;
47222 : 110;
47223 : 001;
47224 : 100;
47225 : 000;
47226 : 000;
47227 : 000;
47228 : 000;
47229 : 000;
47230 : 000;
47231 : 000;
47232 : 000;
47233 : 000;
47234 : 000;
47235 : 000;
47236 : 000;
47237 : 000;
47238 : 000;
47239 : 000;
47240 : 100;
47241 : 000;
47242 : 000;
47243 : 000;
47244 : 000;
47245 : 000;
47246 : 000;
47247 : 000;
47248 : 000;
47249 : 000;
47250 : 000;
47251 : 000;
47252 : 000;
47253 : 000;
47254 : 000;
47255 : 000;
47256 : 000;
47257 : 000;
47258 : 000;
47259 : 000;
47260 : 000;
47261 : 000;
47262 : 000;
47263 : 000;
47264 : 000;
47265 : 000;
47266 : 000;
47267 : 000;
47268 : 000;
47269 : 000;
47270 : 000;
47271 : 000;
47272 : 000;
47273 : 000;
47274 : 000;
47275 : 000;
47276 : 000;
47277 : 000;
47278 : 000;
47279 : 000;
47280 : 000;
47281 : 000;
47282 : 000;
47283 : 000;
47284 : 000;
47285 : 000;
47286 : 000;
47287 : 010;
47288 : 001;
47289 : 000;
47290 : 000;
47291 : 100;
47292 : 001;
47293 : 000;
47294 : 000;
47295 : 000;
47296 : 000;
47297 : 010;
47298 : 000;
47299 : 000;
47300 : 000;
47301 : 000;
47302 : 000;
47303 : 000;
47304 : 000;
47305 : 000;
47306 : 000;
47307 : 000;
47308 : 010;
47309 : 000;
47310 : 000;
47311 : 000;
47312 : 000;
47313 : 000;
47314 : 000;
47315 : 000;
47316 : 000;
47317 : 000;
47318 : 000;
47319 : 000;
47320 : 000;
47321 : 000;
47322 : 000;
47323 : 000;
47324 : 000;
47325 : 010;
47326 : 001;
47327 : 000;
47328 : 010;
47329 : 000;
47330 : 000;
47331 : 000;
47332 : 000;
47333 : 000;
47334 : 000;
47335 : 000;
47336 : 000;
47337 : 000;
47338 : 000;
47339 : 000;
47340 : 000;
47341 : 001;
47342 : 000;
47343 : 000;
47344 : 000;
47345 : 000;
47346 : 000;
47347 : 001;
47348 : 000;
47349 : 000;
47350 : 000;
47351 : 000;
47352 : 000;
47353 : 000;
47354 : 010;
47355 : 000;
47356 : 000;
47357 : 100;
47358 : 000;
47359 : 000;
47360 : 000;
47361 : 100;
47362 : 000;
47363 : 011;
47364 : 000;
47365 : 010;
47366 : 100;
47367 : 000;
47368 : 000;
47369 : 000;
47370 : 000;
47371 : 000;
47372 : 100;
47373 : 000;
47374 : 000;
47375 : 110;
47376 : 000;
47377 : 000;
47378 : 111;
47379 : 000;
47380 : 000;
47381 : 100;
47382 : 000;
47383 : 000;
47384 : 100;
47385 : 010;
47386 : 000;
47387 : 001;
47388 : 000;
47389 : 110;
47390 : 001;
47391 : 010;
47392 : 101;
47393 : 000;
47394 : 000;
47395 : 000;
47396 : 000;
47397 : 000;
47398 : 000;
47399 : 000;
47400 : 000;
47401 : 010;
47402 : 100;
47403 : 000;
47404 : 000;
47405 : 001;
47406 : 000;
47407 : 000;
47408 : 000;
47409 : 000;
47410 : 000;
47411 : 000;
47412 : 100;
47413 : 010;
47414 : 000;
47415 : 000;
47416 : 000;
47417 : 000;
47418 : 000;
47419 : 100;
47420 : 000;
47421 : 011;
47422 : 100;
47423 : 000;
47424 : 000;
47425 : 110;
47426 : 000;
47427 : 001;
47428 : 100;
47429 : 000;
47430 : 000;
47431 : 100;
47432 : 001;
47433 : 000;
47434 : 000;
47435 : 101;
47436 : 000;
47437 : 000;
47438 : 000;
47439 : 100;
47440 : 001;
47441 : 000;
47442 : 000;
47443 : 001;
47444 : 000;
47445 : 010;
47446 : 000;
47447 : 000;
47448 : 000;
47449 : 000;
47450 : 001;
47451 : 100;
47452 : 000;
47453 : 001;
47454 : 000;
47455 : 000;
47456 : 100;
47457 : 000;
47458 : 000;
47459 : 000;
47460 : 010;
47461 : 000;
47462 : 001;
47463 : 000;
47464 : 000;
47465 : 000;
47466 : 111;
47467 : 000;
47468 : 000;
47469 : 000;
47470 : 100;
47471 : 000;
47472 : 100;
47473 : 000;
47474 : 001;
47475 : 000;
47476 : 000;
47477 : 000;
47478 : 000;
47479 : 000;
47480 : 100;
47481 : 000;
47482 : 000;
47483 : 000;
47484 : 100;
47485 : 000;
47486 : 000;
47487 : 000;
47488 : 100;
47489 : 000;
47490 : 000;
47491 : 010;
47492 : 000;
47493 : 001;
47494 : 000;
47495 : 000;
47496 : 000;
47497 : 010;
47498 : 000;
47499 : 000;
47500 : 000;
47501 : 000;
47502 : 000;
47503 : 000;
47504 : 000;
47505 : 100;
47506 : 000;
47507 : 000;
47508 : 000;
47509 : 000;
47510 : 011;
47511 : 100;
47512 : 010;
47513 : 101;
47514 : 010;
47515 : 101;
47516 : 111;
47517 : 000;
47518 : 111;
47519 : 000;
47520 : 100;
47521 : 010;
47522 : 001;
47523 : 110;
47524 : 000;
47525 : 101;
47526 : 010;
47527 : 100;
47528 : 001;
47529 : 110;
47530 : 001;
47531 : 100;
47532 : 010;
47533 : 000;
47534 : 100;
47535 : 000;
47536 : 101;
47537 : 010;
47538 : 101;
47539 : 100;
47540 : 010;
47541 : 100;
47542 : 001;
47543 : 110;
47544 : 000;
47545 : 000;
47546 : 000;
47547 : 000;
47548 : 000;
47549 : 000;
47550 : 000;
47551 : 000;
47552 : 110;
47553 : 000;
47554 : 000;
47555 : 000;
47556 : 001;
47557 : 000;
47558 : 000;
47559 : 000;
47560 : 000;
47561 : 000;
47562 : 000;
47563 : 000;
47564 : 000;
47565 : 011;
47566 : 000;
47567 : 000;
47568 : 100;
47569 : 000;
47570 : 000;
47571 : 000;
47572 : 000;
47573 : 000;
47574 : 000;
47575 : 000;
47576 : 100;
47577 : 000;
47578 : 000;
47579 : 000;
47580 : 000;
47581 : 000;
47582 : 000;
47583 : 000;
47584 : 000;
47585 : 000;
47586 : 000;
47587 : 000;
47588 : 000;
47589 : 000;
47590 : 000;
47591 : 001;
47592 : 100;
47593 : 000;
47594 : 000;
47595 : 001;
47596 : 010;
47597 : 000;
47598 : 000;
47599 : 000;
47600 : 000;
47601 : 000;
47602 : 000;
47603 : 000;
47604 : 000;
47605 : 000;
47606 : 000;
47607 : 000;
47608 : 000;
47609 : 000;
47610 : 000;
47611 : 000;
47612 : 000;
47613 : 010;
47614 : 000;
47615 : 000;
47616 : 100;
47617 : 000;
47618 : 000;
47619 : 000;
47620 : 000;
47621 : 000;
47622 : 000;
47623 : 000;
47624 : 000;
47625 : 001;
47626 : 000;
47627 : 000;
47628 : 000;
47629 : 000;
47630 : 000;
47631 : 100;
47632 : 000;
47633 : 000;
47634 : 000;
47635 : 000;
47636 : 000;
47637 : 000;
47638 : 000;
47639 : 000;
47640 : 000;
47641 : 000;
47642 : 111;
47643 : 000;
47644 : 000;
47645 : 000;
47646 : 000;
47647 : 000;
47648 : 000;
47649 : 001;
47650 : 100;
47651 : 010;
47652 : 001;
47653 : 000;
47654 : 110;
47655 : 001;
47656 : 000;
47657 : 111;
47658 : 000;
47659 : 001;
47660 : 010;
47661 : 100;
47662 : 000;
47663 : 000;
47664 : 001;
47665 : 000;
47666 : 010;
47667 : 000;
47668 : 000;
47669 : 000;
47670 : 000;
47671 : 000;
47672 : 000;
47673 : 000;
47674 : 100;
47675 : 000;
47676 : 000;
47677 : 000;
47678 : 000;
47679 : 000;
47680 : 000;
47681 : 000;
47682 : 000;
47683 : 100;
47684 : 000;
47685 : 000;
47686 : 000;
47687 : 000;
47688 : 000;
47689 : 000;
47690 : 110;
47691 : 000;
47692 : 110;
47693 : 000;
47694 : 110;
47695 : 000;
47696 : 110;
47697 : 000;
47698 : 010;
47699 : 000;
47700 : 000;
47701 : 000;
47702 : 000;
47703 : 010;
47704 : 101;
47705 : 000;
47706 : 000;
47707 : 100;
47708 : 000;
47709 : 000;
47710 : 100;
47711 : 000;
47712 : 000;
47713 : 110;
47714 : 000;
47715 : 111;
47716 : 000;
47717 : 000;
47718 : 100;
47719 : 000;
47720 : 001;
47721 : 000;
47722 : 000;
47723 : 001;
47724 : 000;
47725 : 000;
47726 : 000;
47727 : 000;
47728 : 000;
47729 : 000;
47730 : 000;
47731 : 000;
47732 : 001;
47733 : 100;
47734 : 000;
47735 : 100;
47736 : 000;
47737 : 000;
47738 : 100;
47739 : 010;
47740 : 000;
47741 : 000;
47742 : 000;
47743 : 000;
47744 : 000;
47745 : 000;
47746 : 000;
47747 : 000;
47748 : 000;
47749 : 000;
47750 : 001;
47751 : 000;
47752 : 000;
47753 : 100;
47754 : 000;
47755 : 000;
47756 : 000;
47757 : 000;
47758 : 000;
47759 : 000;
47760 : 000;
47761 : 000;
47762 : 000;
47763 : 010;
47764 : 100;
47765 : 000;
47766 : 000;
47767 : 000;
47768 : 000;
47769 : 000;
47770 : 000;
47771 : 000;
47772 : 000;
47773 : 000;
47774 : 000;
47775 : 000;
47776 : 000;
47777 : 010;
47778 : 000;
47779 : 001;
47780 : 000;
47781 : 000;
47782 : 000;
47783 : 000;
47784 : 110;
47785 : 000;
47786 : 000;
47787 : 000;
47788 : 000;
47789 : 011;
47790 : 000;
47791 : 011;
47792 : 000;
47793 : 000;
47794 : 000;
47795 : 000;
47796 : 000;
47797 : 000;
47798 : 000;
47799 : 000;
47800 : 001;
47801 : 000;
47802 : 000;
47803 : 000;
47804 : 001;
47805 : 000;
47806 : 000;
47807 : 000;
47808 : 010;
47809 : 000;
47810 : 000;
47811 : 001;
47812 : 000;
47813 : 000;
47814 : 000;
47815 : 000;
47816 : 000;
47817 : 001;
47818 : 000;
47819 : 000;
47820 : 000;
47821 : 000;
47822 : 000;
47823 : 001;
47824 : 010;
47825 : 000;
47826 : 000;
47827 : 001;
47828 : 100;
47829 : 000;
47830 : 000;
47831 : 100;
47832 : 000;
47833 : 000;
47834 : 000;
47835 : 000;
47836 : 110;
47837 : 001;
47838 : 100;
47839 : 011;
47840 : 100;
47841 : 011;
47842 : 100;
47843 : 001;
47844 : 110;
47845 : 000;
47846 : 100;
47847 : 011;
47848 : 100;
47849 : 000;
47850 : 010;
47851 : 100;
47852 : 001;
47853 : 110;
47854 : 001;
47855 : 110;
47856 : 000;
47857 : 100;
47858 : 010;
47859 : 001;
47860 : 100;
47861 : 011;
47862 : 100;
47863 : 000;
47864 : 000;
47865 : 000;
47866 : 001;
47867 : 000;
47868 : 000;
47869 : 001;
47870 : 110;
47871 : 000;
47872 : 000;
47873 : 001;
47874 : 000;
47875 : 000;
47876 : 110;
47877 : 000;
47878 : 000;
47879 : 000;
47880 : 000;
47881 : 000;
47882 : 000;
47883 : 000;
47884 : 000;
47885 : 000;
47886 : 100;
47887 : 000;
47888 : 000;
47889 : 000;
47890 : 001;
47891 : 000;
47892 : 000;
47893 : 000;
47894 : 010;
47895 : 101;
47896 : 010;
47897 : 000;
47898 : 000;
47899 : 000;
47900 : 000;
47901 : 000;
47902 : 000;
47903 : 000;
47904 : 000;
47905 : 000;
47906 : 000;
47907 : 000;
47908 : 000;
47909 : 001;
47910 : 000;
47911 : 000;
47912 : 000;
47913 : 000;
47914 : 000;
47915 : 000;
47916 : 000;
47917 : 000;
47918 : 000;
47919 : 100;
47920 : 000;
47921 : 000;
47922 : 000;
47923 : 000;
47924 : 000;
47925 : 000;
47926 : 000;
47927 : 000;
47928 : 000;
47929 : 000;
47930 : 000;
47931 : 000;
47932 : 000;
47933 : 000;
47934 : 000;
47935 : 000;
47936 : 000;
47937 : 000;
47938 : 000;
47939 : 000;
47940 : 000;
47941 : 000;
47942 : 000;
47943 : 000;
47944 : 000;
47945 : 000;
47946 : 000;
47947 : 000;
47948 : 000;
47949 : 000;
47950 : 000;
47951 : 000;
47952 : 000;
47953 : 000;
47954 : 000;
47955 : 000;
47956 : 000;
47957 : 000;
47958 : 000;
47959 : 000;
47960 : 001;
47961 : 000;
47962 : 000;
47963 : 000;
47964 : 000;
47965 : 000;
47966 : 000;
47967 : 000;
47968 : 100;
47969 : 000;
47970 : 000;
47971 : 000;
47972 : 100;
47973 : 010;
47974 : 001;
47975 : 000;
47976 : 000;
47977 : 000;
47978 : 000;
47979 : 100;
47980 : 000;
47981 : 011;
47982 : 100;
47983 : 010;
47984 : 000;
47985 : 000;
47986 : 000;
47987 : 000;
47988 : 000;
47989 : 000;
47990 : 010;
47991 : 000;
47992 : 100;
47993 : 001;
47994 : 000;
47995 : 000;
47996 : 001;
47997 : 000;
47998 : 000;
47999 : 000;
48000 : 000;
48001 : 000;
48002 : 000;
48003 : 010;
48004 : 000;
48005 : 100;
48006 : 010;
48007 : 000;
48008 : 110;
48009 : 000;
48010 : 000;
48011 : 000;
48012 : 000;
48013 : 100;
48014 : 000;
48015 : 000;
48016 : 000;
48017 : 000;
48018 : 100;
48019 : 000;
48020 : 000;
48021 : 111;
48022 : 100;
48023 : 000;
48024 : 000;
48025 : 000;
48026 : 000;
48027 : 000;
48028 : 000;
48029 : 111;
48030 : 000;
48031 : 000;
48032 : 010;
48033 : 101;
48034 : 000;
48035 : 000;
48036 : 000;
48037 : 000;
48038 : 001;
48039 : 010;
48040 : 000;
48041 : 000;
48042 : 000;
48043 : 000;
48044 : 000;
48045 : 000;
48046 : 000;
48047 : 000;
48048 : 000;
48049 : 001;
48050 : 000;
48051 : 000;
48052 : 000;
48053 : 010;
48054 : 000;
48055 : 001;
48056 : 010;
48057 : 100;
48058 : 000;
48059 : 001;
48060 : 000;
48061 : 100;
48062 : 000;
48063 : 100;
48064 : 000;
48065 : 001;
48066 : 100;
48067 : 000;
48068 : 010;
48069 : 100;
48070 : 000;
48071 : 010;
48072 : 000;
48073 : 000;
48074 : 010;
48075 : 000;
48076 : 000;
48077 : 110;
48078 : 001;
48079 : 000;
48080 : 010;
48081 : 000;
48082 : 100;
48083 : 000;
48084 : 000;
48085 : 000;
48086 : 000;
48087 : 000;
48088 : 100;
48089 : 000;
48090 : 000;
48091 : 000;
48092 : 010;
48093 : 100;
48094 : 000;
48095 : 000;
48096 : 000;
48097 : 000;
48098 : 000;
48099 : 000;
48100 : 000;
48101 : 100;
48102 : 000;
48103 : 000;
48104 : 001;
48105 : 000;
48106 : 000;
48107 : 000;
48108 : 000;
48109 : 100;
48110 : 000;
48111 : 000;
48112 : 000;
48113 : 000;
48114 : 000;
48115 : 100;
48116 : 010;
48117 : 000;
48118 : 000;
48119 : 000;
48120 : 000;
48121 : 010;
48122 : 000;
48123 : 111;
48124 : 000;
48125 : 000;
48126 : 010;
48127 : 000;
48128 : 000;
48129 : 001;
48130 : 000;
48131 : 000;
48132 : 000;
48133 : 100;
48134 : 000;
48135 : 000;
48136 : 000;
48137 : 100;
48138 : 000;
48139 : 000;
48140 : 000;
48141 : 101;
48142 : 000;
48143 : 000;
48144 : 000;
48145 : 000;
48146 : 000;
48147 : 000;
48148 : 000;
48149 : 000;
48150 : 000;
48151 : 011;
48152 : 000;
48153 : 000;
48154 : 000;
48155 : 000;
48156 : 000;
48157 : 000;
48158 : 110;
48159 : 000;
48160 : 111;
48161 : 100;
48162 : 010;
48163 : 100;
48164 : 011;
48165 : 100;
48166 : 011;
48167 : 100;
48168 : 010;
48169 : 101;
48170 : 000;
48171 : 111;
48172 : 000;
48173 : 000;
48174 : 100;
48175 : 001;
48176 : 010;
48177 : 001;
48178 : 100;
48179 : 010;
48180 : 101;
48181 : 000;
48182 : 000;
48183 : 000;
48184 : 000;
48185 : 000;
48186 : 000;
48187 : 010;
48188 : 000;
48189 : 000;
48190 : 000;
48191 : 000;
48192 : 000;
48193 : 000;
48194 : 000;
48195 : 000;
48196 : 000;
48197 : 111;
48198 : 100;
48199 : 000;
48200 : 000;
48201 : 000;
48202 : 000;
48203 : 000;
48204 : 000;
48205 : 000;
48206 : 000;
48207 : 000;
48208 : 000;
48209 : 000;
48210 : 000;
48211 : 000;
48212 : 000;
48213 : 000;
48214 : 000;
48215 : 000;
48216 : 000;
48217 : 000;
48218 : 000;
48219 : 000;
48220 : 000;
48221 : 000;
48222 : 000;
48223 : 000;
48224 : 000;
48225 : 000;
48226 : 000;
48227 : 000;
48228 : 000;
48229 : 000;
48230 : 000;
48231 : 000;
48232 : 000;
48233 : 000;
48234 : 000;
48235 : 000;
48236 : 000;
48237 : 100;
48238 : 000;
48239 : 000;
48240 : 000;
48241 : 000;
48242 : 000;
48243 : 001;
48244 : 010;
48245 : 000;
48246 : 000;
48247 : 000;
48248 : 000;
48249 : 000;
48250 : 000;
48251 : 000;
48252 : 000;
48253 : 000;
48254 : 000;
48255 : 000;
48256 : 000;
48257 : 000;
48258 : 000;
48259 : 000;
48260 : 000;
48261 : 000;
48262 : 000;
48263 : 000;
48264 : 000;
48265 : 010;
48266 : 000;
48267 : 000;
48268 : 000;
48269 : 000;
48270 : 000;
48271 : 000;
48272 : 000;
48273 : 000;
48274 : 000;
48275 : 000;
48276 : 000;
48277 : 000;
48278 : 000;
48279 : 000;
48280 : 000;
48281 : 000;
48282 : 000;
48283 : 000;
48284 : 000;
48285 : 100;
48286 : 001;
48287 : 000;
48288 : 000;
48289 : 000;
48290 : 011;
48291 : 000;
48292 : 001;
48293 : 000;
48294 : 100;
48295 : 000;
48296 : 000;
48297 : 110;
48298 : 001;
48299 : 000;
48300 : 000;
48301 : 000;
48302 : 000;
48303 : 000;
48304 : 000;
48305 : 000;
48306 : 000;
48307 : 000;
48308 : 000;
48309 : 100;
48310 : 000;
48311 : 001;
48312 : 000;
48313 : 000;
48314 : 000;
48315 : 000;
48316 : 000;
48317 : 000;
48318 : 000;
48319 : 000;
48320 : 000;
48321 : 000;
48322 : 000;
48323 : 100;
48324 : 000;
48325 : 010;
48326 : 100;
48327 : 100;
48328 : 000;
48329 : 110;
48330 : 000;
48331 : 110;
48332 : 000;
48333 : 000;
48334 : 000;
48335 : 000;
48336 : 000;
48337 : 000;
48338 : 001;
48339 : 110;
48340 : 000;
48341 : 000;
48342 : 000;
48343 : 110;
48344 : 000;
48345 : 000;
48346 : 000;
48347 : 000;
48348 : 000;
48349 : 000;
48350 : 000;
48351 : 101;
48352 : 000;
48353 : 000;
48354 : 000;
48355 : 000;
48356 : 000;
48357 : 000;
48358 : 000;
48359 : 100;
48360 : 000;
48361 : 000;
48362 : 000;
48363 : 000;
48364 : 000;
48365 : 010;
48366 : 000;
48367 : 000;
48368 : 000;
48369 : 000;
48370 : 010;
48371 : 000;
48372 : 000;
48373 : 100;
48374 : 000;
48375 : 100;
48376 : 000;
48377 : 000;
48378 : 000;
48379 : 000;
48380 : 000;
48381 : 000;
48382 : 010;
48383 : 001;
48384 : 000;
48385 : 010;
48386 : 000;
48387 : 000;
48388 : 000;
48389 : 000;
48390 : 000;
48391 : 100;
48392 : 000;
48393 : 000;
48394 : 000;
48395 : 100;
48396 : 001;
48397 : 000;
48398 : 000;
48399 : 000;
48400 : 100;
48401 : 000;
48402 : 000;
48403 : 000;
48404 : 000;
48405 : 000;
48406 : 000;
48407 : 001;
48408 : 000;
48409 : 010;
48410 : 000;
48411 : 100;
48412 : 000;
48413 : 000;
48414 : 000;
48415 : 000;
48416 : 001;
48417 : 000;
48418 : 100;
48419 : 000;
48420 : 000;
48421 : 000;
48422 : 010;
48423 : 000;
48424 : 100;
48425 : 010;
48426 : 000;
48427 : 000;
48428 : 000;
48429 : 000;
48430 : 000;
48431 : 000;
48432 : 100;
48433 : 010;
48434 : 001;
48435 : 000;
48436 : 000;
48437 : 000;
48438 : 001;
48439 : 110;
48440 : 000;
48441 : 000;
48442 : 101;
48443 : 000;
48444 : 000;
48445 : 000;
48446 : 000;
48447 : 100;
48448 : 000;
48449 : 000;
48450 : 000;
48451 : 100;
48452 : 000;
48453 : 000;
48454 : 000;
48455 : 010;
48456 : 000;
48457 : 000;
48458 : 000;
48459 : 000;
48460 : 000;
48461 : 010;
48462 : 000;
48463 : 000;
48464 : 100;
48465 : 000;
48466 : 000;
48467 : 000;
48468 : 010;
48469 : 000;
48470 : 000;
48471 : 100;
48472 : 000;
48473 : 000;
48474 : 000;
48475 : 000;
48476 : 000;
48477 : 000;
48478 : 000;
48479 : 000;
48480 : 000;
48481 : 000;
48482 : 101;
48483 : 010;
48484 : 101;
48485 : 110;
48486 : 000;
48487 : 101;
48488 : 010;
48489 : 100;
48490 : 010;
48491 : 100;
48492 : 000;
48493 : 111;
48494 : 000;
48495 : 110;
48496 : 101;
48497 : 010;
48498 : 101;
48499 : 000;
48500 : 010;
48501 : 000;
48502 : 000;
48503 : 000;
48504 : 010;
48505 : 100;
48506 : 000;
48507 : 000;
48508 : 100;
48509 : 000;
48510 : 000;
48511 : 000;
48512 : 000;
48513 : 000;
48514 : 000;
48515 : 000;
48516 : 111;
48517 : 000;
48518 : 010;
48519 : 000;
48520 : 000;
48521 : 000;
48522 : 000;
48523 : 000;
48524 : 000;
48525 : 000;
48526 : 000;
48527 : 000;
48528 : 000;
48529 : 000;
48530 : 000;
48531 : 000;
48532 : 000;
48533 : 000;
48534 : 100;
48535 : 000;
48536 : 000;
48537 : 000;
48538 : 000;
48539 : 000;
48540 : 000;
48541 : 000;
48542 : 000;
48543 : 000;
48544 : 000;
48545 : 000;
48546 : 000;
48547 : 000;
48548 : 000;
48549 : 000;
48550 : 000;
48551 : 000;
48552 : 000;
48553 : 000;
48554 : 000;
48555 : 000;
48556 : 000;
48557 : 000;
48558 : 000;
48559 : 000;
48560 : 001;
48561 : 000;
48562 : 000;
48563 : 000;
48564 : 000;
48565 : 000;
48566 : 000;
48567 : 000;
48568 : 000;
48569 : 000;
48570 : 000;
48571 : 000;
48572 : 000;
48573 : 000;
48574 : 000;
48575 : 000;
48576 : 000;
48577 : 000;
48578 : 000;
48579 : 000;
48580 : 000;
48581 : 000;
48582 : 000;
48583 : 000;
48584 : 000;
48585 : 000;
48586 : 000;
48587 : 000;
48588 : 000;
48589 : 000;
48590 : 000;
48591 : 001;
48592 : 000;
48593 : 000;
48594 : 000;
48595 : 000;
48596 : 000;
48597 : 000;
48598 : 000;
48599 : 000;
48600 : 000;
48601 : 000;
48602 : 000;
48603 : 110;
48604 : 000;
48605 : 000;
48606 : 000;
48607 : 010;
48608 : 000;
48609 : 000;
48610 : 000;
48611 : 000;
48612 : 000;
48613 : 000;
48614 : 000;
48615 : 000;
48616 : 000;
48617 : 000;
48618 : 000;
48619 : 000;
48620 : 000;
48621 : 000;
48622 : 000;
48623 : 000;
48624 : 000;
48625 : 000;
48626 : 101;
48627 : 000;
48628 : 000;
48629 : 000;
48630 : 000;
48631 : 000;
48632 : 000;
48633 : 000;
48634 : 000;
48635 : 000;
48636 : 000;
48637 : 000;
48638 : 000;
48639 : 000;
48640 : 000;
48641 : 110;
48642 : 000;
48643 : 000;
48644 : 110;
48645 : 100;
48646 : 011;
48647 : 110;
48648 : 000;
48649 : 000;
48650 : 110;
48651 : 000;
48652 : 000;
48653 : 000;
48654 : 000;
48655 : 000;
48656 : 000;
48657 : 000;
48658 : 110;
48659 : 000;
48660 : 000;
48661 : 100;
48662 : 001;
48663 : 000;
48664 : 000;
48665 : 000;
48666 : 000;
48667 : 000;
48668 : 010;
48669 : 100;
48670 : 010;
48671 : 000;
48672 : 000;
48673 : 000;
48674 : 000;
48675 : 000;
48676 : 000;
48677 : 110;
48678 : 000;
48679 : 000;
48680 : 000;
48681 : 000;
48682 : 000;
48683 : 000;
48684 : 100;
48685 : 000;
48686 : 000;
48687 : 001;
48688 : 100;
48689 : 000;
48690 : 000;
48691 : 000;
48692 : 000;
48693 : 001;
48694 : 000;
48695 : 010;
48696 : 000;
48697 : 100;
48698 : 000;
48699 : 110;
48700 : 000;
48701 : 100;
48702 : 000;
48703 : 000;
48704 : 100;
48705 : 000;
48706 : 100;
48707 : 000;
48708 : 100;
48709 : 000;
48710 : 000;
48711 : 000;
48712 : 000;
48713 : 101;
48714 : 000;
48715 : 000;
48716 : 000;
48717 : 000;
48718 : 000;
48719 : 000;
48720 : 000;
48721 : 000;
48722 : 001;
48723 : 000;
48724 : 000;
48725 : 100;
48726 : 010;
48727 : 000;
48728 : 000;
48729 : 100;
48730 : 001;
48731 : 000;
48732 : 000;
48733 : 000;
48734 : 001;
48735 : 010;
48736 : 100;
48737 : 000;
48738 : 000;
48739 : 000;
48740 : 010;
48741 : 000;
48742 : 000;
48743 : 000;
48744 : 000;
48745 : 000;
48746 : 000;
48747 : 001;
48748 : 000;
48749 : 000;
48750 : 100;
48751 : 011;
48752 : 000;
48753 : 000;
48754 : 100;
48755 : 000;
48756 : 001;
48757 : 000;
48758 : 100;
48759 : 000;
48760 : 001;
48761 : 000;
48762 : 010;
48763 : 000;
48764 : 000;
48765 : 100;
48766 : 000;
48767 : 001;
48768 : 000;
48769 : 000;
48770 : 000;
48771 : 000;
48772 : 000;
48773 : 010;
48774 : 000;
48775 : 000;
48776 : 000;
48777 : 000;
48778 : 000;
48779 : 001;
48780 : 000;
48781 : 000;
48782 : 000;
48783 : 000;
48784 : 000;
48785 : 000;
48786 : 011;
48787 : 100;
48788 : 000;
48789 : 000;
48790 : 001;
48791 : 000;
48792 : 110;
48793 : 000;
48794 : 000;
48795 : 000;
48796 : 000;
48797 : 000;
48798 : 000;
48799 : 000;
48800 : 000;
48801 : 000;
48802 : 000;
48803 : 000;
48804 : 000;
48805 : 000;
48806 : 111;
48807 : 000;
48808 : 101;
48809 : 010;
48810 : 101;
48811 : 000;
48812 : 111;
48813 : 000;
48814 : 000;
48815 : 000;
48816 : 000;
48817 : 000;
48818 : 000;
48819 : 000;
48820 : 000;
48821 : 000;
48822 : 100;
48823 : 001;
48824 : 000;
48825 : 000;
48826 : 001;
48827 : 000;
48828 : 000;
48829 : 000;
48830 : 001;
48831 : 100;
48832 : 010;
48833 : 101;
48834 : 000;
48835 : 000;
48836 : 000;
48837 : 000;
48838 : 000;
48839 : 111;
48840 : 000;
48841 : 000;
48842 : 001;
48843 : 000;
48844 : 000;
48845 : 000;
48846 : 000;
48847 : 000;
48848 : 000;
48849 : 000;
48850 : 000;
48851 : 000;
48852 : 000;
48853 : 010;
48854 : 000;
48855 : 000;
48856 : 000;
48857 : 000;
48858 : 000;
48859 : 000;
48860 : 000;
48861 : 000;
48862 : 000;
48863 : 000;
48864 : 100;
48865 : 001;
48866 : 000;
48867 : 000;
48868 : 000;
48869 : 000;
48870 : 000;
48871 : 000;
48872 : 000;
48873 : 000;
48874 : 000;
48875 : 000;
48876 : 000;
48877 : 000;
48878 : 000;
48879 : 000;
48880 : 000;
48881 : 000;
48882 : 000;
48883 : 000;
48884 : 000;
48885 : 000;
48886 : 000;
48887 : 000;
48888 : 000;
48889 : 000;
48890 : 001;
48891 : 000;
48892 : 000;
48893 : 000;
48894 : 000;
48895 : 000;
48896 : 001;
48897 : 000;
48898 : 000;
48899 : 000;
48900 : 000;
48901 : 001;
48902 : 000;
48903 : 000;
48904 : 000;
48905 : 000;
48906 : 000;
48907 : 000;
48908 : 000;
48909 : 000;
48910 : 000;
48911 : 000;
48912 : 000;
48913 : 000;
48914 : 000;
48915 : 000;
48916 : 000;
48917 : 000;
48918 : 000;
48919 : 000;
48920 : 000;
48921 : 000;
48922 : 000;
48923 : 000;
48924 : 001;
48925 : 000;
48926 : 000;
48927 : 000;
48928 : 000;
48929 : 000;
48930 : 000;
48931 : 000;
48932 : 000;
48933 : 000;
48934 : 000;
48935 : 000;
48936 : 000;
48937 : 000;
48938 : 000;
48939 : 000;
48940 : 000;
48941 : 010;
48942 : 001;
48943 : 000;
48944 : 100;
48945 : 000;
48946 : 000;
48947 : 000;
48948 : 000;
48949 : 000;
48950 : 000;
48951 : 000;
48952 : 000;
48953 : 010;
48954 : 000;
48955 : 000;
48956 : 000;
48957 : 010;
48958 : 000;
48959 : 000;
48960 : 000;
48961 : 000;
48962 : 000;
48963 : 000;
48964 : 000;
48965 : 010;
48966 : 100;
48967 : 000;
48968 : 000;
48969 : 100;
48970 : 000;
48971 : 000;
48972 : 100;
48973 : 000;
48974 : 000;
48975 : 000;
48976 : 000;
48977 : 111;
48978 : 000;
48979 : 000;
48980 : 000;
48981 : 000;
48982 : 000;
48983 : 000;
48984 : 000;
48985 : 000;
48986 : 000;
48987 : 000;
48988 : 001;
48989 : 100;
48990 : 000;
48991 : 000;
48992 : 000;
48993 : 000;
48994 : 000;
48995 : 000;
48996 : 000;
48997 : 000;
48998 : 000;
48999 : 000;
49000 : 000;
49001 : 000;
49002 : 000;
49003 : 001;
49004 : 000;
49005 : 000;
49006 : 000;
49007 : 000;
49008 : 000;
49009 : 000;
49010 : 000;
49011 : 000;
49012 : 000;
49013 : 110;
49014 : 000;
49015 : 100;
49016 : 000;
49017 : 001;
49018 : 000;
49019 : 000;
49020 : 000;
49021 : 001;
49022 : 000;
49023 : 000;
49024 : 000;
49025 : 000;
49026 : 000;
49027 : 000;
49028 : 011;
49029 : 000;
49030 : 000;
49031 : 111;
49032 : 000;
49033 : 000;
49034 : 010;
49035 : 000;
49036 : 000;
49037 : 010;
49038 : 100;
49039 : 000;
49040 : 000;
49041 : 010;
49042 : 000;
49043 : 100;
49044 : 010;
49045 : 000;
49046 : 000;
49047 : 000;
49048 : 000;
49049 : 000;
49050 : 000;
49051 : 000;
49052 : 000;
49053 : 000;
49054 : 000;
49055 : 000;
49056 : 000;
49057 : 000;
49058 : 000;
49059 : 000;
49060 : 001;
49061 : 000;
49062 : 000;
49063 : 000;
49064 : 001;
49065 : 000;
49066 : 000;
49067 : 100;
49068 : 000;
49069 : 010;
49070 : 000;
49071 : 000;
49072 : 000;
49073 : 000;
49074 : 011;
49075 : 100;
49076 : 010;
49077 : 000;
49078 : 010;
49079 : 001;
49080 : 100;
49081 : 000;
49082 : 000;
49083 : 000;
49084 : 000;
49085 : 000;
49086 : 000;
49087 : 000;
49088 : 000;
49089 : 000;
49090 : 000;
49091 : 000;
49092 : 000;
49093 : 000;
49094 : 000;
49095 : 001;
49096 : 100;
49097 : 000;
49098 : 000;
49099 : 110;
49100 : 000;
49101 : 000;
49102 : 000;
49103 : 000;
49104 : 000;
49105 : 000;
49106 : 000;
49107 : 000;
49108 : 000;
49109 : 100;
49110 : 000;
49111 : 000;
49112 : 101;
49113 : 000;
49114 : 000;
49115 : 100;
49116 : 000;
49117 : 000;
49118 : 000;
49119 : 000;
49120 : 000;
49121 : 000;
49122 : 000;
49123 : 000;
49124 : 000;
49125 : 000;
49126 : 000;
49127 : 000;
49128 : 000;
49129 : 000;
49130 : 000;
49131 : 000;
49132 : 000;
49133 : 000;
49134 : 000;
49135 : 000;
49136 : 000;
49137 : 000;
49138 : 000;
49139 : 000;
49140 : 000;
49141 : 000;
49142 : 000;
49143 : 000;
49144 : 000;
49145 : 100;
49146 : 000;
49147 : 010;
49148 : 101;
49149 : 110;
49150 : 110;
49151 : 101;
49152 : 010;
49153 : 100;
49154 : 110;
49155 : 001;
49156 : 100;
49157 : 000;
49158 : 000;
49159 : 101;
49160 : 000;
49161 : 000;
49162 : 010;
49163 : 000;
49164 : 000;
49165 : 000;
49166 : 000;
49167 : 000;
49168 : 010;
49169 : 000;
49170 : 000;
49171 : 000;
49172 : 000;
49173 : 000;
49174 : 000;
49175 : 001;
49176 : 100;
49177 : 000;
49178 : 000;
49179 : 000;
49180 : 000;
49181 : 000;
49182 : 000;
49183 : 000;
49184 : 000;
49185 : 000;
49186 : 000;
49187 : 000;
49188 : 000;
49189 : 000;
49190 : 000;
49191 : 000;
49192 : 000;
49193 : 000;
49194 : 000;
49195 : 000;
49196 : 000;
49197 : 000;
49198 : 000;
49199 : 000;
49200 : 000;
49201 : 000;
49202 : 000;
49203 : 000;
49204 : 000;
49205 : 000;
49206 : 000;
49207 : 000;
49208 : 101;
49209 : 000;
49210 : 000;
49211 : 000;
49212 : 000;
49213 : 000;
49214 : 000;
49215 : 000;
49216 : 000;
49217 : 000;
49218 : 000;
49219 : 000;
49220 : 000;
49221 : 000;
49222 : 000;
49223 : 000;
49224 : 000;
49225 : 000;
49226 : 000;
49227 : 000;
49228 : 000;
49229 : 000;
49230 : 000;
49231 : 000;
49232 : 000;
49233 : 000;
49234 : 000;
49235 : 000;
49236 : 000;
49237 : 000;
49238 : 000;
49239 : 000;
49240 : 000;
49241 : 000;
49242 : 000;
49243 : 000;
49244 : 000;
49245 : 000;
49246 : 000;
49247 : 000;
49248 : 000;
49249 : 100;
49250 : 000;
49251 : 000;
49252 : 000;
49253 : 000;
49254 : 010;
49255 : 000;
49256 : 001;
49257 : 000;
49258 : 000;
49259 : 010;
49260 : 000;
49261 : 000;
49262 : 100;
49263 : 000;
49264 : 000;
49265 : 000;
49266 : 000;
49267 : 010;
49268 : 000;
49269 : 001;
49270 : 000;
49271 : 010;
49272 : 000;
49273 : 000;
49274 : 000;
49275 : 000;
49276 : 001;
49277 : 100;
49278 : 000;
49279 : 000;
49280 : 000;
49281 : 000;
49282 : 110;
49283 : 000;
49284 : 100;
49285 : 000;
49286 : 110;
49287 : 000;
49288 : 110;
49289 : 000;
49290 : 000;
49291 : 000;
49292 : 000;
49293 : 000;
49294 : 000;
49295 : 000;
49296 : 000;
49297 : 100;
49298 : 000;
49299 : 001;
49300 : 000;
49301 : 010;
49302 : 000;
49303 : 000;
49304 : 000;
49305 : 000;
49306 : 000;
49307 : 000;
49308 : 000;
49309 : 010;
49310 : 000;
49311 : 000;
49312 : 000;
49313 : 000;
49314 : 111;
49315 : 000;
49316 : 000;
49317 : 000;
49318 : 000;
49319 : 001;
49320 : 000;
49321 : 000;
49322 : 000;
49323 : 010;
49324 : 100;
49325 : 001;
49326 : 000;
49327 : 010;
49328 : 000;
49329 : 000;
49330 : 000;
49331 : 001;
49332 : 000;
49333 : 000;
49334 : 000;
49335 : 000;
49336 : 000;
49337 : 110;
49338 : 000;
49339 : 000;
49340 : 100;
49341 : 010;
49342 : 000;
49343 : 100;
49344 : 010;
49345 : 000;
49346 : 100;
49347 : 000;
49348 : 000;
49349 : 100;
49350 : 000;
49351 : 000;
49352 : 000;
49353 : 000;
49354 : 000;
49355 : 000;
49356 : 100;
49357 : 000;
49358 : 000;
49359 : 000;
49360 : 001;
49361 : 100;
49362 : 000;
49363 : 000;
49364 : 000;
49365 : 001;
49366 : 000;
49367 : 100;
49368 : 000;
49369 : 000;
49370 : 000;
49371 : 000;
49372 : 000;
49373 : 010;
49374 : 000;
49375 : 000;
49376 : 000;
49377 : 000;
49378 : 000;
49379 : 000;
49380 : 000;
49381 : 000;
49382 : 100;
49383 : 000;
49384 : 000;
49385 : 000;
49386 : 000;
49387 : 000;
49388 : 000;
49389 : 000;
49390 : 000;
49391 : 101;
49392 : 010;
49393 : 000;
49394 : 000;
49395 : 000;
49396 : 000;
49397 : 101;
49398 : 000;
49399 : 000;
49400 : 000;
49401 : 000;
49402 : 000;
49403 : 000;
49404 : 111;
49405 : 000;
49406 : 000;
49407 : 000;
49408 : 000;
49409 : 000;
49410 : 010;
49411 : 000;
49412 : 000;
49413 : 001;
49414 : 100;
49415 : 000;
49416 : 000;
49417 : 000;
49418 : 000;
49419 : 000;
49420 : 000;
49421 : 000;
49422 : 100;
49423 : 000;
49424 : 011;
49425 : 100;
49426 : 000;
49427 : 000;
49428 : 000;
49429 : 000;
49430 : 010;
49431 : 000;
49432 : 110;
49433 : 000;
49434 : 000;
49435 : 000;
49436 : 000;
49437 : 000;
49438 : 000;
49439 : 000;
49440 : 000;
49441 : 000;
49442 : 000;
49443 : 000;
49444 : 000;
49445 : 000;
49446 : 000;
49447 : 000;
49448 : 000;
49449 : 000;
49450 : 000;
49451 : 000;
49452 : 000;
49453 : 000;
49454 : 000;
49455 : 000;
49456 : 000;
49457 : 000;
49458 : 000;
49459 : 000;
49460 : 100;
49461 : 000;
49462 : 010;
49463 : 100;
49464 : 000;
49465 : 010;
49466 : 101;
49467 : 100;
49468 : 010;
49469 : 101;
49470 : 110;
49471 : 001;
49472 : 110;
49473 : 101;
49474 : 010;
49475 : 100;
49476 : 111;
49477 : 000;
49478 : 000;
49479 : 010;
49480 : 100;
49481 : 000;
49482 : 000;
49483 : 000;
49484 : 000;
49485 : 000;
49486 : 000;
49487 : 000;
49488 : 001;
49489 : 000;
49490 : 000;
49491 : 000;
49492 : 000;
49493 : 000;
49494 : 100;
49495 : 000;
49496 : 010;
49497 : 000;
49498 : 000;
49499 : 000;
49500 : 000;
49501 : 000;
49502 : 000;
49503 : 000;
49504 : 000;
49505 : 000;
49506 : 000;
49507 : 000;
49508 : 000;
49509 : 000;
49510 : 000;
49511 : 000;
49512 : 000;
49513 : 100;
49514 : 000;
49515 : 000;
49516 : 000;
49517 : 000;
49518 : 000;
49519 : 000;
49520 : 000;
49521 : 000;
49522 : 000;
49523 : 000;
49524 : 000;
49525 : 000;
49526 : 100;
49527 : 000;
49528 : 000;
49529 : 000;
49530 : 000;
49531 : 000;
49532 : 000;
49533 : 000;
49534 : 100;
49535 : 000;
49536 : 000;
49537 : 000;
49538 : 000;
49539 : 000;
49540 : 000;
49541 : 000;
49542 : 000;
49543 : 000;
49544 : 000;
49545 : 000;
49546 : 000;
49547 : 100;
49548 : 000;
49549 : 000;
49550 : 000;
49551 : 000;
49552 : 000;
49553 : 000;
49554 : 000;
49555 : 000;
49556 : 000;
49557 : 000;
49558 : 000;
49559 : 000;
49560 : 000;
49561 : 000;
49562 : 110;
49563 : 000;
49564 : 000;
49565 : 000;
49566 : 110;
49567 : 001;
49568 : 000;
49569 : 000;
49570 : 011;
49571 : 100;
49572 : 011;
49573 : 100;
49574 : 001;
49575 : 100;
49576 : 010;
49577 : 000;
49578 : 000;
49579 : 000;
49580 : 100;
49581 : 000;
49582 : 000;
49583 : 000;
49584 : 000;
49585 : 000;
49586 : 000;
49587 : 001;
49588 : 000;
49589 : 000;
49590 : 000;
49591 : 000;
49592 : 000;
49593 : 001;
49594 : 100;
49595 : 000;
49596 : 000;
49597 : 000;
49598 : 000;
49599 : 000;
49600 : 000;
49601 : 000;
49602 : 000;
49603 : 110;
49604 : 000;
49605 : 110;
49606 : 000;
49607 : 000;
49608 : 010;
49609 : 100;
49610 : 000;
49611 : 000;
49612 : 000;
49613 : 000;
49614 : 011;
49615 : 000;
49616 : 110;
49617 : 001;
49618 : 110;
49619 : 000;
49620 : 100;
49621 : 000;
49622 : 000;
49623 : 000;
49624 : 000;
49625 : 000;
49626 : 001;
49627 : 000;
49628 : 100;
49629 : 000;
49630 : 000;
49631 : 001;
49632 : 100;
49633 : 000;
49634 : 000;
49635 : 000;
49636 : 000;
49637 : 000;
49638 : 000;
49639 : 000;
49640 : 000;
49641 : 000;
49642 : 100;
49643 : 000;
49644 : 000;
49645 : 000;
49646 : 000;
49647 : 000;
49648 : 000;
49649 : 000;
49650 : 000;
49651 : 000;
49652 : 000;
49653 : 000;
49654 : 101;
49655 : 010;
49656 : 000;
49657 : 000;
49658 : 000;
49659 : 000;
49660 : 000;
49661 : 000;
49662 : 100;
49663 : 000;
49664 : 000;
49665 : 001;
49666 : 000;
49667 : 000;
49668 : 000;
49669 : 000;
49670 : 000;
49671 : 000;
49672 : 000;
49673 : 100;
49674 : 000;
49675 : 000;
49676 : 000;
49677 : 001;
49678 : 000;
49679 : 010;
49680 : 000;
49681 : 000;
49682 : 000;
49683 : 000;
49684 : 000;
49685 : 000;
49686 : 000;
49687 : 000;
49688 : 000;
49689 : 000;
49690 : 010;
49691 : 100;
49692 : 001;
49693 : 000;
49694 : 100;
49695 : 000;
49696 : 000;
49697 : 000;
49698 : 010;
49699 : 000;
49700 : 100;
49701 : 000;
49702 : 000;
49703 : 000;
49704 : 000;
49705 : 000;
49706 : 000;
49707 : 000;
49708 : 000;
49709 : 001;
49710 : 000;
49711 : 000;
49712 : 000;
49713 : 000;
49714 : 000;
49715 : 000;
49716 : 000;
49717 : 000;
49718 : 000;
49719 : 000;
49720 : 000;
49721 : 000;
49722 : 000;
49723 : 000;
49724 : 000;
49725 : 000;
49726 : 000;
49727 : 000;
49728 : 010;
49729 : 000;
49730 : 100;
49731 : 000;
49732 : 000;
49733 : 000;
49734 : 000;
49735 : 000;
49736 : 000;
49737 : 000;
49738 : 000;
49739 : 000;
49740 : 000;
49741 : 000;
49742 : 001;
49743 : 000;
49744 : 000;
49745 : 000;
49746 : 000;
49747 : 000;
49748 : 001;
49749 : 000;
49750 : 100;
49751 : 000;
49752 : 001;
49753 : 110;
49754 : 000;
49755 : 000;
49756 : 000;
49757 : 000;
49758 : 000;
49759 : 000;
49760 : 000;
49761 : 100;
49762 : 000;
49763 : 000;
49764 : 000;
49765 : 000;
49766 : 000;
49767 : 000;
49768 : 000;
49769 : 000;
49770 : 000;
49771 : 000;
49772 : 000;
49773 : 000;
49774 : 000;
49775 : 000;
49776 : 000;
49777 : 000;
49778 : 000;
49779 : 000;
49780 : 000;
49781 : 001;
49782 : 000;
49783 : 000;
49784 : 001;
49785 : 110;
49786 : 100;
49787 : 111;
49788 : 100;
49789 : 010;
49790 : 101;
49791 : 110;
49792 : 101;
49793 : 010;
49794 : 101;
49795 : 110;
49796 : 000;
49797 : 110;
49798 : 000;
49799 : 001;
49800 : 010;
49801 : 000;
49802 : 000;
49803 : 100;
49804 : 000;
49805 : 000;
49806 : 000;
49807 : 000;
49808 : 000;
49809 : 000;
49810 : 000;
49811 : 000;
49812 : 000;
49813 : 000;
49814 : 000;
49815 : 000;
49816 : 000;
49817 : 000;
49818 : 000;
49819 : 000;
49820 : 000;
49821 : 000;
49822 : 000;
49823 : 000;
49824 : 000;
49825 : 000;
49826 : 000;
49827 : 000;
49828 : 000;
49829 : 000;
49830 : 000;
49831 : 000;
49832 : 110;
49833 : 011;
49834 : 110;
49835 : 111;
49836 : 000;
49837 : 000;
49838 : 000;
49839 : 000;
49840 : 010;
49841 : 000;
49842 : 000;
49843 : 000;
49844 : 000;
49845 : 000;
49846 : 000;
49847 : 000;
49848 : 000;
49849 : 000;
49850 : 000;
49851 : 000;
49852 : 000;
49853 : 000;
49854 : 000;
49855 : 000;
49856 : 000;
49857 : 000;
49858 : 000;
49859 : 000;
49860 : 000;
49861 : 000;
49862 : 000;
49863 : 000;
49864 : 100;
49865 : 000;
49866 : 000;
49867 : 000;
49868 : 000;
49869 : 000;
49870 : 000;
49871 : 000;
49872 : 000;
49873 : 000;
49874 : 000;
49875 : 000;
49876 : 000;
49877 : 100;
49878 : 010;
49879 : 101;
49880 : 010;
49881 : 100;
49882 : 001;
49883 : 000;
49884 : 000;
49885 : 000;
49886 : 000;
49887 : 000;
49888 : 000;
49889 : 000;
49890 : 000;
49891 : 000;
49892 : 000;
49893 : 000;
49894 : 000;
49895 : 000;
49896 : 000;
49897 : 000;
49898 : 000;
49899 : 001;
49900 : 000;
49901 : 000;
49902 : 000;
49903 : 001;
49904 : 000;
49905 : 000;
49906 : 000;
49907 : 000;
49908 : 000;
49909 : 000;
49910 : 000;
49911 : 100;
49912 : 000;
49913 : 000;
49914 : 000;
49915 : 000;
49916 : 000;
49917 : 000;
49918 : 000;
49919 : 000;
49920 : 000;
49921 : 100;
49922 : 010;
49923 : 101;
49924 : 110;
49925 : 001;
49926 : 000;
49927 : 000;
49928 : 100;
49929 : 010;
49930 : 000;
49931 : 000;
49932 : 000;
49933 : 000;
49934 : 000;
49935 : 000;
49936 : 111;
49937 : 000;
49938 : 000;
49939 : 000;
49940 : 000;
49941 : 000;
49942 : 000;
49943 : 000;
49944 : 001;
49945 : 000;
49946 : 110;
49947 : 000;
49948 : 000;
49949 : 000;
49950 : 000;
49951 : 000;
49952 : 000;
49953 : 000;
49954 : 000;
49955 : 000;
49956 : 000;
49957 : 000;
49958 : 000;
49959 : 000;
49960 : 000;
49961 : 010;
49962 : 001;
49963 : 000;
49964 : 000;
49965 : 000;
49966 : 000;
49967 : 000;
49968 : 000;
49969 : 000;
49970 : 100;
49971 : 000;
49972 : 000;
49973 : 000;
49974 : 000;
49975 : 100;
49976 : 000;
49977 : 100;
49978 : 001;
49979 : 110;
49980 : 000;
49981 : 000;
49982 : 000;
49983 : 001;
49984 : 100;
49985 : 010;
49986 : 000;
49987 : 100;
49988 : 010;
49989 : 000;
49990 : 000;
49991 : 110;
49992 : 000;
49993 : 000;
49994 : 000;
49995 : 011;
49996 : 000;
49997 : 100;
49998 : 000;
49999 : 000;
50000 : 100;
50001 : 000;
50002 : 000;
50003 : 000;
50004 : 100;
50005 : 000;
50006 : 000;
50007 : 010;
50008 : 001;
50009 : 100;
50010 : 000;
50011 : 000;
50012 : 000;
50013 : 000;
50014 : 000;
50015 : 000;
50016 : 000;
50017 : 000;
50018 : 101;
50019 : 000;
50020 : 000;
50021 : 000;
50022 : 000;
50023 : 000;
50024 : 010;
50025 : 000;
50026 : 100;
50027 : 000;
50028 : 000;
50029 : 000;
50030 : 000;
50031 : 000;
50032 : 100;
50033 : 000;
50034 : 000;
50035 : 000;
50036 : 000;
50037 : 000;
50038 : 000;
50039 : 000;
50040 : 000;
50041 : 110;
50042 : 000;
50043 : 000;
50044 : 111;
50045 : 000;
50046 : 000;
50047 : 000;
50048 : 100;
50049 : 001;
50050 : 000;
50051 : 000;
50052 : 000;
50053 : 000;
50054 : 000;
50055 : 000;
50056 : 010;
50057 : 000;
50058 : 000;
50059 : 000;
50060 : 001;
50061 : 000;
50062 : 010;
50063 : 000;
50064 : 000;
50065 : 000;
50066 : 000;
50067 : 100;
50068 : 000;
50069 : 000;
50070 : 000;
50071 : 000;
50072 : 000;
50073 : 000;
50074 : 000;
50075 : 000;
50076 : 000;
50077 : 000;
50078 : 000;
50079 : 000;
50080 : 001;
50081 : 000;
50082 : 010;
50083 : 000;
50084 : 000;
50085 : 100;
50086 : 000;
50087 : 000;
50088 : 000;
50089 : 000;
50090 : 000;
50091 : 000;
50092 : 000;
50093 : 000;
50094 : 000;
50095 : 000;
50096 : 000;
50097 : 000;
50098 : 100;
50099 : 000;
50100 : 010;
50101 : 000;
50102 : 000;
50103 : 000;
50104 : 110;
50105 : 101;
50106 : 010;
50107 : 100;
50108 : 111;
50109 : 100;
50110 : 111;
50111 : 000;
50112 : 110;
50113 : 101;
50114 : 110;
50115 : 101;
50116 : 000;
50117 : 000;
50118 : 000;
50119 : 000;
50120 : 101;
50121 : 100;
50122 : 000;
50123 : 001;
50124 : 000;
50125 : 000;
50126 : 000;
50127 : 000;
50128 : 000;
50129 : 100;
50130 : 010;
50131 : 100;
50132 : 000;
50133 : 000;
50134 : 011;
50135 : 000;
50136 : 000;
50137 : 000;
50138 : 000;
50139 : 000;
50140 : 000;
50141 : 000;
50142 : 000;
50143 : 000;
50144 : 000;
50145 : 000;
50146 : 000;
50147 : 000;
50148 : 000;
50149 : 000;
50150 : 000;
50151 : 000;
50152 : 000;
50153 : 000;
50154 : 000;
50155 : 000;
50156 : 100;
50157 : 011;
50158 : 100;
50159 : 011;
50160 : 100;
50161 : 001;
50162 : 110;
50163 : 101;
50164 : 010;
50165 : 101;
50166 : 000;
50167 : 010;
50168 : 000;
50169 : 000;
50170 : 010;
50171 : 000;
50172 : 100;
50173 : 011;
50174 : 000;
50175 : 000;
50176 : 000;
50177 : 000;
50178 : 000;
50179 : 000;
50180 : 000;
50181 : 000;
50182 : 000;
50183 : 000;
50184 : 000;
50185 : 000;
50186 : 000;
50187 : 000;
50188 : 001;
50189 : 000;
50190 : 110;
50191 : 000;
50192 : 101;
50193 : 010;
50194 : 101;
50195 : 110;
50196 : 001;
50197 : 110;
50198 : 001;
50199 : 100;
50200 : 000;
50201 : 110;
50202 : 000;
50203 : 000;
50204 : 000;
50205 : 000;
50206 : 000;
50207 : 000;
50208 : 000;
50209 : 000;
50210 : 000;
50211 : 000;
50212 : 000;
50213 : 000;
50214 : 000;
50215 : 000;
50216 : 000;
50217 : 000;
50218 : 000;
50219 : 000;
50220 : 000;
50221 : 000;
50222 : 000;
50223 : 000;
50224 : 000;
50225 : 010;
50226 : 000;
50227 : 000;
50228 : 000;
50229 : 100;
50230 : 000;
50231 : 000;
50232 : 000;
50233 : 000;
50234 : 000;
50235 : 000;
50236 : 000;
50237 : 000;
50238 : 000;
50239 : 000;
50240 : 000;
50241 : 000;
50242 : 110;
50243 : 101;
50244 : 010;
50245 : 100;
50246 : 000;
50247 : 000;
50248 : 000;
50249 : 100;
50250 : 010;
50251 : 000;
50252 : 000;
50253 : 000;
50254 : 100;
50255 : 110;
50256 : 000;
50257 : 000;
50258 : 000;
50259 : 000;
50260 : 000;
50261 : 000;
50262 : 101;
50263 : 000;
50264 : 000;
50265 : 000;
50266 : 000;
50267 : 000;
50268 : 110;
50269 : 001;
50270 : 000;
50271 : 000;
50272 : 010;
50273 : 000;
50274 : 000;
50275 : 000;
50276 : 000;
50277 : 000;
50278 : 000;
50279 : 001;
50280 : 000;
50281 : 000;
50282 : 000;
50283 : 000;
50284 : 010;
50285 : 000;
50286 : 000;
50287 : 000;
50288 : 000;
50289 : 001;
50290 : 010;
50291 : 000;
50292 : 000;
50293 : 010;
50294 : 000;
50295 : 001;
50296 : 000;
50297 : 010;
50298 : 000;
50299 : 000;
50300 : 100;
50301 : 001;
50302 : 010;
50303 : 000;
50304 : 000;
50305 : 000;
50306 : 000;
50307 : 000;
50308 : 000;
50309 : 101;
50310 : 000;
50311 : 000;
50312 : 000;
50313 : 001;
50314 : 000;
50315 : 100;
50316 : 000;
50317 : 000;
50318 : 000;
50319 : 000;
50320 : 000;
50321 : 000;
50322 : 110;
50323 : 001;
50324 : 000;
50325 : 010;
50326 : 000;
50327 : 100;
50328 : 000;
50329 : 000;
50330 : 000;
50331 : 000;
50332 : 000;
50333 : 000;
50334 : 000;
50335 : 000;
50336 : 001;
50337 : 000;
50338 : 000;
50339 : 000;
50340 : 000;
50341 : 000;
50342 : 011;
50343 : 000;
50344 : 000;
50345 : 000;
50346 : 001;
50347 : 000;
50348 : 010;
50349 : 100;
50350 : 000;
50351 : 000;
50352 : 000;
50353 : 000;
50354 : 011;
50355 : 100;
50356 : 000;
50357 : 000;
50358 : 000;
50359 : 010;
50360 : 000;
50361 : 001;
50362 : 100;
50363 : 000;
50364 : 000;
50365 : 011;
50366 : 100;
50367 : 000;
50368 : 000;
50369 : 000;
50370 : 000;
50371 : 000;
50372 : 000;
50373 : 000;
50374 : 000;
50375 : 000;
50376 : 000;
50377 : 000;
50378 : 101;
50379 : 010;
50380 : 100;
50381 : 000;
50382 : 000;
50383 : 000;
50384 : 100;
50385 : 000;
50386 : 000;
50387 : 010;
50388 : 000;
50389 : 000;
50390 : 000;
50391 : 011;
50392 : 100;
50393 : 011;
50394 : 100;
50395 : 000;
50396 : 000;
50397 : 011;
50398 : 000;
50399 : 000;
50400 : 000;
50401 : 000;
50402 : 000;
50403 : 000;
50404 : 000;
50405 : 000;
50406 : 000;
50407 : 000;
50408 : 000;
50409 : 000;
50410 : 000;
50411 : 000;
50412 : 000;
50413 : 000;
50414 : 000;
50415 : 000;
50416 : 000;
50417 : 000;
50418 : 010;
50419 : 000;
50420 : 000;
50421 : 000;
50422 : 000;
50423 : 100;
50424 : 111;
50425 : 000;
50426 : 111;
50427 : 100;
50428 : 011;
50429 : 100;
50430 : 010;
50431 : 101;
50432 : 110;
50433 : 000;
50434 : 111;
50435 : 100;
50436 : 111;
50437 : 000;
50438 : 000;
50439 : 000;
50440 : 000;
50441 : 111;
50442 : 010;
50443 : 000;
50444 : 000;
50445 : 000;
50446 : 000;
50447 : 000;
50448 : 000;
50449 : 000;
50450 : 000;
50451 : 001;
50452 : 000;
50453 : 000;
50454 : 000;
50455 : 100;
50456 : 000;
50457 : 000;
50458 : 000;
50459 : 000;
50460 : 000;
50461 : 000;
50462 : 000;
50463 : 000;
50464 : 000;
50465 : 000;
50466 : 000;
50467 : 000;
50468 : 000;
50469 : 000;
50470 : 000;
50471 : 000;
50472 : 000;
50473 : 100;
50474 : 001;
50475 : 000;
50476 : 010;
50477 : 100;
50478 : 000;
50479 : 100;
50480 : 000;
50481 : 100;
50482 : 000;
50483 : 010;
50484 : 000;
50485 : 100;
50486 : 010;
50487 : 001;
50488 : 100;
50489 : 001;
50490 : 100;
50491 : 000;
50492 : 011;
50493 : 000;
50494 : 000;
50495 : 000;
50496 : 000;
50497 : 000;
50498 : 000;
50499 : 000;
50500 : 000;
50501 : 000;
50502 : 000;
50503 : 000;
50504 : 010;
50505 : 101;
50506 : 010;
50507 : 100;
50508 : 110;
50509 : 000;
50510 : 100;
50511 : 000;
50512 : 110;
50513 : 000;
50514 : 100;
50515 : 010;
50516 : 100;
50517 : 000;
50518 : 110;
50519 : 000;
50520 : 100;
50521 : 000;
50522 : 110;
50523 : 000;
50524 : 001;
50525 : 000;
50526 : 000;
50527 : 000;
50528 : 000;
50529 : 000;
50530 : 000;
50531 : 000;
50532 : 000;
50533 : 000;
50534 : 000;
50535 : 000;
50536 : 000;
50537 : 000;
50538 : 000;
50539 : 000;
50540 : 000;
50541 : 000;
50542 : 000;
50543 : 000;
50544 : 000;
50545 : 000;
50546 : 000;
50547 : 000;
50548 : 000;
50549 : 000;
50550 : 000;
50551 : 000;
50552 : 000;
50553 : 000;
50554 : 000;
50555 : 000;
50556 : 010;
50557 : 000;
50558 : 000;
50559 : 000;
50560 : 000;
50561 : 110;
50562 : 111;
50563 : 110;
50564 : 111;
50565 : 100;
50566 : 111;
50567 : 110;
50568 : 111;
50569 : 110;
50570 : 101;
50571 : 111;
50572 : 111;
50573 : 110;
50574 : 111;
50575 : 000;
50576 : 100;
50577 : 000;
50578 : 000;
50579 : 000;
50580 : 000;
50581 : 000;
50582 : 010;
50583 : 000;
50584 : 000;
50585 : 000;
50586 : 000;
50587 : 000;
50588 : 000;
50589 : 000;
50590 : 000;
50591 : 000;
50592 : 000;
50593 : 101;
50594 : 000;
50595 : 000;
50596 : 000;
50597 : 001;
50598 : 010;
50599 : 100;
50600 : 000;
50601 : 000;
50602 : 000;
50603 : 100;
50604 : 001;
50605 : 000;
50606 : 000;
50607 : 000;
50608 : 000;
50609 : 000;
50610 : 000;
50611 : 000;
50612 : 001;
50613 : 000;
50614 : 000;
50615 : 100;
50616 : 000;
50617 : 100;
50618 : 000;
50619 : 000;
50620 : 000;
50621 : 000;
50622 : 100;
50623 : 000;
50624 : 100;
50625 : 000;
50626 : 100;
50627 : 000;
50628 : 000;
50629 : 000;
50630 : 000;
50631 : 000;
50632 : 000;
50633 : 110;
50634 : 000;
50635 : 000;
50636 : 000;
50637 : 010;
50638 : 100;
50639 : 000;
50640 : 010;
50641 : 001;
50642 : 000;
50643 : 000;
50644 : 000;
50645 : 000;
50646 : 000;
50647 : 000;
50648 : 000;
50649 : 000;
50650 : 000;
50651 : 000;
50652 : 000;
50653 : 000;
50654 : 000;
50655 : 110;
50656 : 000;
50657 : 000;
50658 : 000;
50659 : 000;
50660 : 010;
50661 : 000;
50662 : 000;
50663 : 100;
50664 : 000;
50665 : 000;
50666 : 000;
50667 : 000;
50668 : 000;
50669 : 000;
50670 : 000;
50671 : 000;
50672 : 010;
50673 : 000;
50674 : 000;
50675 : 001;
50676 : 000;
50677 : 110;
50678 : 000;
50679 : 101;
50680 : 000;
50681 : 000;
50682 : 011;
50683 : 000;
50684 : 000;
50685 : 000;
50686 : 000;
50687 : 000;
50688 : 000;
50689 : 000;
50690 : 000;
50691 : 001;
50692 : 110;
50693 : 000;
50694 : 000;
50695 : 000;
50696 : 101;
50697 : 010;
50698 : 000;
50699 : 000;
50700 : 000;
50701 : 000;
50702 : 000;
50703 : 000;
50704 : 000;
50705 : 000;
50706 : 000;
50707 : 000;
50708 : 001;
50709 : 100;
50710 : 000;
50711 : 000;
50712 : 000;
50713 : 000;
50714 : 000;
50715 : 000;
50716 : 000;
50717 : 000;
50718 : 100;
50719 : 000;
50720 : 000;
50721 : 000;
50722 : 000;
50723 : 000;
50724 : 000;
50725 : 000;
50726 : 000;
50727 : 000;
50728 : 000;
50729 : 000;
50730 : 000;
50731 : 000;
50732 : 000;
50733 : 000;
50734 : 000;
50735 : 000;
50736 : 000;
50737 : 000;
50738 : 000;
50739 : 001;
50740 : 000;
50741 : 000;
50742 : 000;
50743 : 000;
50744 : 110;
50745 : 101;
50746 : 110;
50747 : 101;
50748 : 110;
50749 : 001;
50750 : 100;
50751 : 010;
50752 : 101;
50753 : 110;
50754 : 000;
50755 : 110;
50756 : 100;
50757 : 111;
50758 : 100;
50759 : 000;
50760 : 000;
50761 : 000;
50762 : 100;
50763 : 110;
50764 : 001;
50765 : 110;
50766 : 000;
50767 : 000;
50768 : 000;
50769 : 000;
50770 : 000;
50771 : 100;
50772 : 000;
50773 : 000;
50774 : 000;
50775 : 000;
50776 : 000;
50777 : 000;
50778 : 000;
50779 : 000;
50780 : 000;
50781 : 000;
50782 : 000;
50783 : 000;
50784 : 000;
50785 : 000;
50786 : 000;
50787 : 000;
50788 : 000;
50789 : 000;
50790 : 000;
50791 : 000;
50792 : 101;
50793 : 010;
50794 : 100;
50795 : 100;
50796 : 000;
50797 : 000;
50798 : 001;
50799 : 000;
50800 : 010;
50801 : 000;
50802 : 001;
50803 : 000;
50804 : 000;
50805 : 000;
50806 : 001;
50807 : 100;
50808 : 010;
50809 : 000;
50810 : 000;
50811 : 000;
50812 : 100;
50813 : 000;
50814 : 000;
50815 : 000;
50816 : 000;
50817 : 000;
50818 : 000;
50819 : 000;
50820 : 000;
50821 : 000;
50822 : 110;
50823 : 101;
50824 : 110;
50825 : 100;
50826 : 000;
50827 : 111;
50828 : 000;
50829 : 110;
50830 : 100;
50831 : 011;
50832 : 100;
50833 : 110;
50834 : 100;
50835 : 110;
50836 : 100;
50837 : 110;
50838 : 000;
50839 : 100;
50840 : 000;
50841 : 000;
50842 : 101;
50843 : 000;
50844 : 000;
50845 : 100;
50846 : 010;
50847 : 001;
50848 : 100;
50849 : 000;
50850 : 011;
50851 : 000;
50852 : 100;
50853 : 000;
50854 : 000;
50855 : 001;
50856 : 000;
50857 : 100;
50858 : 001;
50859 : 010;
50860 : 100;
50861 : 000;
50862 : 010;
50863 : 100;
50864 : 001;
50865 : 000;
50866 : 100;
50867 : 000;
50868 : 011;
50869 : 000;
50870 : 010;
50871 : 001;
50872 : 100;
50873 : 010;
50874 : 001;
50875 : 100;
50876 : 000;
50877 : 001;
50878 : 100;
50879 : 000;
50880 : 000;
50881 : 100;
50882 : 111;
50883 : 100;
50884 : 110;
50885 : 000;
50886 : 110;
50887 : 101;
50888 : 110;
50889 : 111;
50890 : 110;
50891 : 111;
50892 : 110;
50893 : 111;
50894 : 111;
50895 : 110;
50896 : 111;
50897 : 000;
50898 : 000;
50899 : 000;
50900 : 000;
50901 : 000;
50902 : 000;
50903 : 000;
50904 : 000;
50905 : 000;
50906 : 000;
50907 : 100;
50908 : 000;
50909 : 000;
50910 : 000;
50911 : 000;
50912 : 000;
50913 : 000;
50914 : 000;
50915 : 000;
50916 : 000;
50917 : 000;
50918 : 000;
50919 : 000;
50920 : 000;
50921 : 000;
50922 : 000;
50923 : 000;
50924 : 000;
50925 : 000;
50926 : 000;
50927 : 000;
50928 : 101;
50929 : 000;
50930 : 000;
50931 : 000;
50932 : 100;
50933 : 000;
50934 : 000;
50935 : 010;
50936 : 000;
50937 : 000;
50938 : 110;
50939 : 000;
50940 : 100;
50941 : 010;
50942 : 000;
50943 : 000;
50944 : 000;
50945 : 010;
50946 : 000;
50947 : 000;
50948 : 010;
50949 : 100;
50950 : 000;
50951 : 000;
50952 : 000;
50953 : 000;
50954 : 000;
50955 : 000;
50956 : 000;
50957 : 000;
50958 : 000;
50959 : 000;
50960 : 100;
50961 : 000;
50962 : 000;
50963 : 000;
50964 : 100;
50965 : 000;
50966 : 000;
50967 : 000;
50968 : 000;
50969 : 000;
50970 : 000;
50971 : 001;
50972 : 110;
50973 : 000;
50974 : 000;
50975 : 000;
50976 : 000;
50977 : 000;
50978 : 000;
50979 : 100;
50980 : 000;
50981 : 000;
50982 : 000;
50983 : 000;
50984 : 000;
50985 : 000;
50986 : 000;
50987 : 000;
50988 : 000;
50989 : 000;
50990 : 000;
50991 : 000;
50992 : 001;
50993 : 000;
50994 : 000;
50995 : 100;
50996 : 000;
50997 : 001;
50998 : 000;
50999 : 010;
51000 : 000;
51001 : 000;
51002 : 000;
51003 : 000;
51004 : 000;
51005 : 000;
51006 : 000;
51007 : 000;
51008 : 000;
51009 : 000;
51010 : 000;
51011 : 000;
51012 : 000;
51013 : 001;
51014 : 110;
51015 : 000;
51016 : 000;
51017 : 101;
51018 : 000;
51019 : 000;
51020 : 011;
51021 : 100;
51022 : 000;
51023 : 000;
51024 : 000;
51025 : 001;
51026 : 000;
51027 : 100;
51028 : 000;
51029 : 000;
51030 : 000;
51031 : 000;
51032 : 000;
51033 : 100;
51034 : 111;
51035 : 000;
51036 : 000;
51037 : 000;
51038 : 000;
51039 : 000;
51040 : 000;
51041 : 000;
51042 : 000;
51043 : 000;
51044 : 000;
51045 : 000;
51046 : 000;
51047 : 000;
51048 : 000;
51049 : 000;
51050 : 000;
51051 : 000;
51052 : 000;
51053 : 000;
51054 : 000;
51055 : 100;
51056 : 000;
51057 : 000;
51058 : 000;
51059 : 000;
51060 : 000;
51061 : 000;
51062 : 100;
51063 : 111;
51064 : 000;
51065 : 100;
51066 : 011;
51067 : 100;
51068 : 110;
51069 : 111;
51070 : 100;
51071 : 000;
51072 : 111;
51073 : 100;
51074 : 111;
51075 : 001;
51076 : 110;
51077 : 101;
51078 : 110;
51079 : 000;
51080 : 000;
51081 : 000;
51082 : 000;
51083 : 101;
51084 : 110;
51085 : 100;
51086 : 011;
51087 : 100;
51088 : 000;
51089 : 000;
51090 : 000;
51091 : 000;
51092 : 000;
51093 : 000;
51094 : 110;
51095 : 000;
51096 : 000;
51097 : 111;
51098 : 000;
51099 : 000;
51100 : 000;
51101 : 000;
51102 : 000;
51103 : 000;
51104 : 000;
51105 : 000;
51106 : 000;
51107 : 000;
51108 : 000;
51109 : 000;
51110 : 000;
51111 : 000;
51112 : 000;
51113 : 000;
51114 : 000;
51115 : 000;
51116 : 011;
51117 : 000;
51118 : 000;
51119 : 000;
51120 : 000;
51121 : 000;
51122 : 000;
51123 : 000;
51124 : 000;
51125 : 000;
51126 : 000;
51127 : 000;
51128 : 000;
51129 : 000;
51130 : 000;
51131 : 011;
51132 : 000;
51133 : 000;
51134 : 100;
51135 : 000;
51136 : 000;
51137 : 000;
51138 : 000;
51139 : 000;
51140 : 000;
51141 : 000;
51142 : 000;
51143 : 000;
51144 : 000;
51145 : 000;
51146 : 000;
51147 : 000;
51148 : 000;
51149 : 000;
51150 : 000;
51151 : 100;
51152 : 110;
51153 : 000;
51154 : 000;
51155 : 000;
51156 : 001;
51157 : 000;
51158 : 000;
51159 : 000;
51160 : 000;
51161 : 010;
51162 : 000;
51163 : 000;
51164 : 000;
51165 : 000;
51166 : 000;
51167 : 000;
51168 : 000;
51169 : 000;
51170 : 000;
51171 : 000;
51172 : 000;
51173 : 000;
51174 : 000;
51175 : 000;
51176 : 010;
51177 : 000;
51178 : 000;
51179 : 000;
51180 : 000;
51181 : 001;
51182 : 000;
51183 : 000;
51184 : 000;
51185 : 010;
51186 : 001;
51187 : 100;
51188 : 000;
51189 : 100;
51190 : 100;
51191 : 010;
51192 : 101;
51193 : 000;
51194 : 110;
51195 : 000;
51196 : 110;
51197 : 000;
51198 : 010;
51199 : 100;
51200 : 100;
51201 : 010;
51202 : 000;
51203 : 101;
51204 : 000;
51205 : 111;
51206 : 000;
51207 : 100;
51208 : 000;
51209 : 100;
51210 : 000;
51211 : 110;
51212 : 101;
51213 : 110;
51214 : 111;
51215 : 100;
51216 : 000;
51217 : 000;
51218 : 000;
51219 : 000;
51220 : 000;
51221 : 000;
51222 : 000;
51223 : 000;
51224 : 000;
51225 : 100;
51226 : 010;
51227 : 001;
51228 : 000;
51229 : 000;
51230 : 100;
51231 : 000;
51232 : 000;
51233 : 000;
51234 : 000;
51235 : 000;
51236 : 010;
51237 : 100;
51238 : 000;
51239 : 000;
51240 : 000;
51241 : 000;
51242 : 001;
51243 : 010;
51244 : 000;
51245 : 000;
51246 : 000;
51247 : 000;
51248 : 000;
51249 : 000;
51250 : 000;
51251 : 000;
51252 : 000;
51253 : 000;
51254 : 000;
51255 : 001;
51256 : 100;
51257 : 000;
51258 : 001;
51259 : 000;
51260 : 000;
51261 : 000;
51262 : 100;
51263 : 000;
51264 : 000;
51265 : 000;
51266 : 101;
51267 : 000;
51268 : 000;
51269 : 000;
51270 : 000;
51271 : 110;
51272 : 000;
51273 : 000;
51274 : 100;
51275 : 000;
51276 : 100;
51277 : 000;
51278 : 000;
51279 : 001;
51280 : 000;
51281 : 000;
51282 : 100;
51283 : 000;
51284 : 000;
51285 : 000;
51286 : 000;
51287 : 101;
51288 : 000;
51289 : 010;
51290 : 100;
51291 : 000;
51292 : 000;
51293 : 000;
51294 : 000;
51295 : 000;
51296 : 000;
51297 : 100;
51298 : 010;
51299 : 001;
51300 : 000;
51301 : 000;
51302 : 000;
51303 : 001;
51304 : 000;
51305 : 000;
51306 : 000;
51307 : 100;
51308 : 000;
51309 : 000;
51310 : 001;
51311 : 000;
51312 : 000;
51313 : 100;
51314 : 000;
51315 : 010;
51316 : 000;
51317 : 000;
51318 : 000;
51319 : 000;
51320 : 000;
51321 : 000;
51322 : 000;
51323 : 000;
51324 : 000;
51325 : 000;
51326 : 000;
51327 : 000;
51328 : 000;
51329 : 000;
51330 : 010;
51331 : 100;
51332 : 011;
51333 : 000;
51334 : 101;
51335 : 000;
51336 : 010;
51337 : 000;
51338 : 000;
51339 : 000;
51340 : 000;
51341 : 000;
51342 : 000;
51343 : 000;
51344 : 010;
51345 : 100;
51346 : 000;
51347 : 000;
51348 : 010;
51349 : 000;
51350 : 000;
51351 : 000;
51352 : 010;
51353 : 000;
51354 : 000;
51355 : 000;
51356 : 000;
51357 : 000;
51358 : 110;
51359 : 101;
51360 : 110;
51361 : 000;
51362 : 000;
51363 : 000;
51364 : 000;
51365 : 000;
51366 : 000;
51367 : 000;
51368 : 000;
51369 : 000;
51370 : 000;
51371 : 000;
51372 : 100;
51373 : 000;
51374 : 000;
51375 : 000;
51376 : 010;
51377 : 001;
51378 : 000;
51379 : 000;
51380 : 100;
51381 : 000;
51382 : 000;
51383 : 111;
51384 : 100;
51385 : 111;
51386 : 000;
51387 : 111;
51388 : 000;
51389 : 111;
51390 : 100;
51391 : 111;
51392 : 000;
51393 : 100;
51394 : 010;
51395 : 101;
51396 : 110;
51397 : 000;
51398 : 111;
51399 : 110;
51400 : 001;
51401 : 000;
51402 : 010;
51403 : 100;
51404 : 011;
51405 : 100;
51406 : 100;
51407 : 011;
51408 : 000;
51409 : 000;
51410 : 000;
51411 : 000;
51412 : 000;
51413 : 000;
51414 : 101;
51415 : 010;
51416 : 100;
51417 : 000;
51418 : 000;
51419 : 000;
51420 : 000;
51421 : 000;
51422 : 000;
51423 : 000;
51424 : 000;
51425 : 000;
51426 : 000;
51427 : 000;
51428 : 000;
51429 : 000;
51430 : 010;
51431 : 100;
51432 : 000;
51433 : 100;
51434 : 000;
51435 : 000;
51436 : 100;
51437 : 000;
51438 : 000;
51439 : 000;
51440 : 000;
51441 : 000;
51442 : 100;
51443 : 000;
51444 : 000;
51445 : 000;
51446 : 110;
51447 : 000;
51448 : 000;
51449 : 000;
51450 : 000;
51451 : 100;
51452 : 000;
51453 : 000;
51454 : 010;
51455 : 001;
51456 : 000;
51457 : 000;
51458 : 000;
51459 : 000;
51460 : 000;
51461 : 000;
51462 : 000;
51463 : 000;
51464 : 000;
51465 : 000;
51466 : 000;
51467 : 100;
51468 : 000;
51469 : 000;
51470 : 000;
51471 : 000;
51472 : 000;
51473 : 001;
51474 : 000;
51475 : 100;
51476 : 000;
51477 : 000;
51478 : 000;
51479 : 011;
51480 : 000;
51481 : 000;
51482 : 000;
51483 : 000;
51484 : 000;
51485 : 000;
51486 : 000;
51487 : 000;
51488 : 000;
51489 : 000;
51490 : 000;
51491 : 000;
51492 : 000;
51493 : 001;
51494 : 010;
51495 : 000;
51496 : 000;
51497 : 000;
51498 : 001;
51499 : 000;
51500 : 110;
51501 : 000;
51502 : 001;
51503 : 010;
51504 : 101;
51505 : 000;
51506 : 000;
51507 : 010;
51508 : 001;
51509 : 010;
51510 : 001;
51511 : 000;
51512 : 000;
51513 : 000;
51514 : 001;
51515 : 000;
51516 : 001;
51517 : 000;
51518 : 000;
51519 : 000;
51520 : 000;
51521 : 101;
51522 : 010;
51523 : 000;
51524 : 000;
51525 : 000;
51526 : 000;
51527 : 011;
51528 : 100;
51529 : 011;
51530 : 100;
51531 : 000;
51532 : 111;
51533 : 111;
51534 : 110;
51535 : 111;
51536 : 000;
51537 : 000;
51538 : 000;
51539 : 000;
51540 : 000;
51541 : 000;
51542 : 000;
51543 : 100;
51544 : 000;
51545 : 000;
51546 : 000;
51547 : 000;
51548 : 000;
51549 : 000;
51550 : 010;
51551 : 000;
51552 : 000;
51553 : 000;
51554 : 000;
51555 : 000;
51556 : 000;
51557 : 000;
51558 : 000;
51559 : 000;
51560 : 000;
51561 : 000;
51562 : 100;
51563 : 000;
51564 : 000;
51565 : 100;
51566 : 000;
51567 : 010;
51568 : 100;
51569 : 011;
51570 : 100;
51571 : 011;
51572 : 100;
51573 : 010;
51574 : 100;
51575 : 000;
51576 : 010;
51577 : 100;
51578 : 000;
51579 : 100;
51580 : 000;
51581 : 000;
51582 : 000;
51583 : 011;
51584 : 100;
51585 : 000;
51586 : 000;
51587 : 000;
51588 : 000;
51589 : 100;
51590 : 001;
51591 : 000;
51592 : 000;
51593 : 000;
51594 : 001;
51595 : 010;
51596 : 000;
51597 : 000;
51598 : 100;
51599 : 010;
51600 : 000;
51601 : 000;
51602 : 000;
51603 : 010;
51604 : 000;
51605 : 000;
51606 : 010;
51607 : 000;
51608 : 000;
51609 : 000;
51610 : 000;
51611 : 000;
51612 : 000;
51613 : 000;
51614 : 000;
51615 : 001;
51616 : 000;
51617 : 000;
51618 : 000;
51619 : 000;
51620 : 000;
51621 : 000;
51622 : 100;
51623 : 000;
51624 : 010;
51625 : 100;
51626 : 000;
51627 : 000;
51628 : 000;
51629 : 010;
51630 : 000;
51631 : 000;
51632 : 000;
51633 : 000;
51634 : 000;
51635 : 001;
51636 : 000;
51637 : 000;
51638 : 000;
51639 : 100;
51640 : 000;
51641 : 000;
51642 : 000;
51643 : 100;
51644 : 000;
51645 : 000;
51646 : 101;
51647 : 010;
51648 : 101;
51649 : 000;
51650 : 101;
51651 : 000;
51652 : 000;
51653 : 000;
51654 : 000;
51655 : 000;
51656 : 000;
51657 : 000;
51658 : 000;
51659 : 000;
51660 : 000;
51661 : 000;
51662 : 000;
51663 : 100;
51664 : 000;
51665 : 000;
51666 : 000;
51667 : 000;
51668 : 000;
51669 : 000;
51670 : 001;
51671 : 100;
51672 : 000;
51673 : 001;
51674 : 110;
51675 : 100;
51676 : 111;
51677 : 100;
51678 : 000;
51679 : 110;
51680 : 000;
51681 : 101;
51682 : 110;
51683 : 000;
51684 : 000;
51685 : 100;
51686 : 011;
51687 : 100;
51688 : 010;
51689 : 000;
51690 : 000;
51691 : 000;
51692 : 000;
51693 : 000;
51694 : 010;
51695 : 000;
51696 : 000;
51697 : 100;
51698 : 000;
51699 : 000;
51700 : 000;
51701 : 000;
51702 : 111;
51703 : 100;
51704 : 011;
51705 : 100;
51706 : 110;
51707 : 000;
51708 : 111;
51709 : 100;
51710 : 010;
51711 : 101;
51712 : 010;
51713 : 100;
51714 : 000;
51715 : 110;
51716 : 101;
51717 : 110;
51718 : 101;
51719 : 110;
51720 : 100;
51721 : 110;
51722 : 000;
51723 : 100;
51724 : 101;
51725 : 110;
51726 : 001;
51727 : 110;
51728 : 100;
51729 : 000;
51730 : 000;
51731 : 000;
51732 : 000;
51733 : 010;
51734 : 100;
51735 : 000;
51736 : 000;
51737 : 000;
51738 : 000;
51739 : 000;
51740 : 000;
51741 : 000;
51742 : 000;
51743 : 000;
51744 : 000;
51745 : 000;
51746 : 000;
51747 : 000;
51748 : 000;
51749 : 000;
51750 : 001;
51751 : 100;
51752 : 000;
51753 : 010;
51754 : 000;
51755 : 000;
51756 : 010;
51757 : 000;
51758 : 100;
51759 : 000;
51760 : 000;
51761 : 011;
51762 : 000;
51763 : 000;
51764 : 010;
51765 : 001;
51766 : 000;
51767 : 000;
51768 : 000;
51769 : 000;
51770 : 000;
51771 : 000;
51772 : 111;
51773 : 000;
51774 : 000;
51775 : 000;
51776 : 000;
51777 : 000;
51778 : 000;
51779 : 000;
51780 : 000;
51781 : 000;
51782 : 000;
51783 : 110;
51784 : 000;
51785 : 000;
51786 : 001;
51787 : 010;
51788 : 000;
51789 : 001;
51790 : 010;
51791 : 000;
51792 : 000;
51793 : 000;
51794 : 000;
51795 : 010;
51796 : 000;
51797 : 000;
51798 : 000;
51799 : 000;
51800 : 100;
51801 : 000;
51802 : 000;
51803 : 000;
51804 : 000;
51805 : 000;
51806 : 000;
51807 : 010;
51808 : 000;
51809 : 000;
51810 : 000;
51811 : 000;
51812 : 010;
51813 : 000;
51814 : 000;
51815 : 100;
51816 : 001;
51817 : 000;
51818 : 100;
51819 : 000;
51820 : 000;
51821 : 000;
51822 : 000;
51823 : 000;
51824 : 000;
51825 : 000;
51826 : 000;
51827 : 000;
51828 : 000;
51829 : 000;
51830 : 000;
51831 : 000;
51832 : 001;
51833 : 010;
51834 : 000;
51835 : 000;
51836 : 000;
51837 : 000;
51838 : 001;
51839 : 000;
51840 : 000;
51841 : 000;
51842 : 100;
51843 : 010;
51844 : 101;
51845 : 010;
51846 : 100;
51847 : 000;
51848 : 000;
51849 : 000;
51850 : 110;
51851 : 111;
51852 : 110;
51853 : 111;
51854 : 100;
51855 : 111;
51856 : 000;
51857 : 000;
51858 : 000;
51859 : 000;
51860 : 000;
51861 : 000;
51862 : 000;
51863 : 000;
51864 : 011;
51865 : 000;
51866 : 000;
51867 : 000;
51868 : 000;
51869 : 100;
51870 : 001;
51871 : 100;
51872 : 011;
51873 : 100;
51874 : 111;
51875 : 000;
51876 : 111;
51877 : 100;
51878 : 011;
51879 : 110;
51880 : 111;
51881 : 110;
51882 : 111;
51883 : 110;
51884 : 111;
51885 : 111;
51886 : 100;
51887 : 111;
51888 : 100;
51889 : 111;
51890 : 110;
51891 : 100;
51892 : 011;
51893 : 100;
51894 : 011;
51895 : 100;
51896 : 111;
51897 : 000;
51898 : 111;
51899 : 010;
51900 : 101;
51901 : 110;
51902 : 000;
51903 : 100;
51904 : 000;
51905 : 010;
51906 : 100;
51907 : 010;
51908 : 101;
51909 : 000;
51910 : 000;
51911 : 000;
51912 : 100;
51913 : 010;
51914 : 000;
51915 : 000;
51916 : 000;
51917 : 000;
51918 : 000;
51919 : 000;
51920 : 100;
51921 : 000;
51922 : 000;
51923 : 000;
51924 : 100;
51925 : 001;
51926 : 000;
51927 : 000;
51928 : 000;
51929 : 000;
51930 : 000;
51931 : 000;
51932 : 000;
51933 : 000;
51934 : 000;
51935 : 100;
51936 : 000;
51937 : 000;
51938 : 000;
51939 : 000;
51940 : 000;
51941 : 000;
51942 : 010;
51943 : 000;
51944 : 000;
51945 : 000;
51946 : 000;
51947 : 000;
51948 : 001;
51949 : 000;
51950 : 000;
51951 : 100;
51952 : 000;
51953 : 000;
51954 : 000;
51955 : 000;
51956 : 000;
51957 : 000;
51958 : 000;
51959 : 000;
51960 : 000;
51961 : 000;
51962 : 000;
51963 : 001;
51964 : 010;
51965 : 000;
51966 : 010;
51967 : 000;
51968 : 000;
51969 : 010;
51970 : 000;
51971 : 000;
51972 : 000;
51973 : 000;
51974 : 000;
51975 : 000;
51976 : 000;
51977 : 000;
51978 : 000;
51979 : 100;
51980 : 000;
51981 : 000;
51982 : 000;
51983 : 001;
51984 : 000;
51985 : 000;
51986 : 000;
51987 : 000;
51988 : 001;
51989 : 100;
51990 : 000;
51991 : 000;
51992 : 000;
51993 : 000;
51994 : 000;
51995 : 100;
51996 : 010;
51997 : 101;
51998 : 010;
51999 : 101;
52000 : 000;
52001 : 110;
52002 : 000;
52003 : 111;
52004 : 100;
52005 : 010;
52006 : 100;
52007 : 111;
52008 : 000;
52009 : 000;
52010 : 000;
52011 : 000;
52012 : 000;
52013 : 000;
52014 : 000;
52015 : 000;
52016 : 100;
52017 : 000;
52018 : 010;
52019 : 100;
52020 : 000;
52021 : 000;
52022 : 110;
52023 : 101;
52024 : 110;
52025 : 001;
52026 : 110;
52027 : 101;
52028 : 000;
52029 : 111;
52030 : 100;
52031 : 110;
52032 : 101;
52033 : 110;
52034 : 001;
52035 : 100;
52036 : 000;
52037 : 111;
52038 : 000;
52039 : 101;
52040 : 010;
52041 : 101;
52042 : 010;
52043 : 000;
52044 : 110;
52045 : 101;
52046 : 110;
52047 : 000;
52048 : 000;
52049 : 000;
52050 : 000;
52051 : 000;
52052 : 000;
52053 : 000;
52054 : 000;
52055 : 000;
52056 : 000;
52057 : 100;
52058 : 000;
52059 : 000;
52060 : 000;
52061 : 000;
52062 : 000;
52063 : 000;
52064 : 000;
52065 : 000;
52066 : 000;
52067 : 000;
52068 : 000;
52069 : 100;
52070 : 000;
52071 : 000;
52072 : 000;
52073 : 000;
52074 : 000;
52075 : 000;
52076 : 101;
52077 : 000;
52078 : 000;
52079 : 000;
52080 : 000;
52081 : 000;
52082 : 100;
52083 : 001;
52084 : 100;
52085 : 000;
52086 : 100;
52087 : 001;
52088 : 010;
52089 : 100;
52090 : 001;
52091 : 000;
52092 : 000;
52093 : 000;
52094 : 000;
52095 : 000;
52096 : 100;
52097 : 010;
52098 : 000;
52099 : 000;
52100 : 000;
52101 : 111;
52102 : 000;
52103 : 100;
52104 : 000;
52105 : 000;
52106 : 100;
52107 : 000;
52108 : 000;
52109 : 100;
52110 : 000;
52111 : 000;
52112 : 100;
52113 : 000;
52114 : 000;
52115 : 000;
52116 : 000;
52117 : 000;
52118 : 100;
52119 : 000;
52120 : 000;
52121 : 000;
52122 : 000;
52123 : 001;
52124 : 000;
52125 : 110;
52126 : 000;
52127 : 001;
52128 : 000;
52129 : 000;
52130 : 100;
52131 : 000;
52132 : 000;
52133 : 000;
52134 : 000;
52135 : 000;
52136 : 000;
52137 : 000;
52138 : 000;
52139 : 000;
52140 : 000;
52141 : 000;
52142 : 000;
52143 : 000;
52144 : 000;
52145 : 000;
52146 : 000;
52147 : 000;
52148 : 000;
52149 : 000;
52150 : 000;
52151 : 000;
52152 : 000;
52153 : 000;
52154 : 000;
52155 : 000;
52156 : 000;
52157 : 000;
52158 : 100;
52159 : 000;
52160 : 100;
52161 : 010;
52162 : 001;
52163 : 100;
52164 : 000;
52165 : 100;
52166 : 000;
52167 : 111;
52168 : 000;
52169 : 111;
52170 : 000;
52171 : 100;
52172 : 111;
52173 : 111;
52174 : 110;
52175 : 100;
52176 : 110;
52177 : 101;
52178 : 010;
52179 : 101;
52180 : 110;
52181 : 111;
52182 : 110;
52183 : 111;
52184 : 100;
52185 : 111;
52186 : 110;
52187 : 111;
52188 : 111;
52189 : 110;
52190 : 111;
52191 : 110;
52192 : 100;
52193 : 111;
52194 : 110;
52195 : 111;
52196 : 100;
52197 : 111;
52198 : 110;
52199 : 101;
52200 : 110;
52201 : 101;
52202 : 110;
52203 : 101;
52204 : 110;
52205 : 111;
52206 : 110;
52207 : 111;
52208 : 010;
52209 : 101;
52210 : 110;
52211 : 111;
52212 : 100;
52213 : 111;
52214 : 100;
52215 : 111;
52216 : 100;
52217 : 111;
52218 : 100;
52219 : 110;
52220 : 000;
52221 : 111;
52222 : 101;
52223 : 010;
52224 : 111;
52225 : 100;
52226 : 111;
52227 : 000;
52228 : 110;
52229 : 110;
52230 : 111;
52231 : 110;
52232 : 001;
52233 : 100;
52234 : 111;
52235 : 100;
52236 : 111;
52237 : 000;
52238 : 110;
52239 : 001;
52240 : 000;
52241 : 010;
52242 : 100;
52243 : 001;
52244 : 000;
52245 : 000;
52246 : 100;
52247 : 000;
52248 : 000;
52249 : 100;
52250 : 000;
52251 : 000;
52252 : 000;
52253 : 000;
52254 : 000;
52255 : 000;
52256 : 010;
52257 : 000;
52258 : 000;
52259 : 000;
52260 : 100;
52261 : 000;
52262 : 000;
52263 : 000;
52264 : 000;
52265 : 000;
52266 : 001;
52267 : 000;
52268 : 000;
52269 : 000;
52270 : 000;
52271 : 000;
52272 : 000;
52273 : 000;
52274 : 000;
52275 : 110;
52276 : 000;
52277 : 111;
52278 : 000;
52279 : 000;
52280 : 011;
52281 : 100;
52282 : 011;
52283 : 100;
52284 : 000;
52285 : 101;
52286 : 000;
52287 : 101;
52288 : 000;
52289 : 000;
52290 : 000;
52291 : 000;
52292 : 000;
52293 : 000;
52294 : 000;
52295 : 110;
52296 : 000;
52297 : 000;
52298 : 000;
52299 : 000;
52300 : 000;
52301 : 010;
52302 : 000;
52303 : 000;
52304 : 000;
52305 : 000;
52306 : 010;
52307 : 000;
52308 : 000;
52309 : 000;
52310 : 010;
52311 : 000;
52312 : 000;
52313 : 100;
52314 : 010;
52315 : 001;
52316 : 100;
52317 : 110;
52318 : 000;
52319 : 100;
52320 : 010;
52321 : 101;
52322 : 000;
52323 : 100;
52324 : 000;
52325 : 101;
52326 : 000;
52327 : 100;
52328 : 000;
52329 : 000;
52330 : 000;
52331 : 000;
52332 : 000;
52333 : 101;
52334 : 000;
52335 : 100;
52336 : 011;
52337 : 100;
52338 : 000;
52339 : 000;
52340 : 000;
52341 : 000;
52342 : 101;
52343 : 010;
52344 : 100;
52345 : 110;
52346 : 101;
52347 : 010;
52348 : 100;
52349 : 010;
52350 : 101;
52351 : 000;
52352 : 110;
52353 : 001;
52354 : 110;
52355 : 100;
52356 : 000;
52357 : 100;
52358 : 010;
52359 : 100;
52360 : 111;
52361 : 100;
52362 : 101;
52363 : 100;
52364 : 000;
52365 : 100;
52366 : 111;
52367 : 000;
52368 : 000;
52369 : 000;
52370 : 000;
52371 : 111;
52372 : 000;
52373 : 101;
52374 : 010;
52375 : 100;
52376 : 011;
52377 : 000;
52378 : 000;
52379 : 000;
52380 : 000;
52381 : 000;
52382 : 000;
52383 : 000;
52384 : 000;
52385 : 000;
52386 : 000;
52387 : 000;
52388 : 000;
52389 : 000;
52390 : 000;
52391 : 100;
52392 : 000;
52393 : 000;
52394 : 000;
52395 : 000;
52396 : 000;
52397 : 000;
52398 : 000;
52399 : 000;
52400 : 000;
52401 : 000;
52402 : 010;
52403 : 000;
52404 : 000;
52405 : 000;
52406 : 010;
52407 : 000;
52408 : 000;
52409 : 000;
52410 : 000;
52411 : 000;
52412 : 110;
52413 : 000;
52414 : 000;
52415 : 100;
52416 : 000;
52417 : 000;
52418 : 001;
52419 : 100;
52420 : 000;
52421 : 000;
52422 : 000;
52423 : 000;
52424 : 100;
52425 : 000;
52426 : 011;
52427 : 000;
52428 : 000;
52429 : 000;
52430 : 000;
52431 : 001;
52432 : 000;
52433 : 010;
52434 : 000;
52435 : 001;
52436 : 000;
52437 : 000;
52438 : 011;
52439 : 000;
52440 : 001;
52441 : 110;
52442 : 001;
52443 : 110;
52444 : 000;
52445 : 001;
52446 : 000;
52447 : 100;
52448 : 000;
52449 : 000;
52450 : 011;
52451 : 000;
52452 : 001;
52453 : 100;
52454 : 000;
52455 : 000;
52456 : 000;
52457 : 010;
52458 : 000;
52459 : 000;
52460 : 001;
52461 : 000;
52462 : 000;
52463 : 000;
52464 : 000;
52465 : 000;
52466 : 001;
52467 : 000;
52468 : 100;
52469 : 000;
52470 : 000;
52471 : 000;
52472 : 000;
52473 : 000;
52474 : 000;
52475 : 000;
52476 : 100;
52477 : 000;
52478 : 000;
52479 : 000;
52480 : 000;
52481 : 100;
52482 : 000;
52483 : 010;
52484 : 000;
52485 : 011;
52486 : 100;
52487 : 000;
52488 : 100;
52489 : 000;
52490 : 110;
52491 : 111;
52492 : 110;
52493 : 111;
52494 : 111;
52495 : 111;
52496 : 100;
52497 : 111;
52498 : 110;
52499 : 111;
52500 : 110;
52501 : 101;
52502 : 111;
52503 : 110;
52504 : 111;
52505 : 110;
52506 : 101;
52507 : 110;
52508 : 111;
52509 : 100;
52510 : 111;
52511 : 110;
52512 : 111;
52513 : 100;
52514 : 111;
52515 : 100;
52516 : 111;
52517 : 110;
52518 : 101;
52519 : 010;
52520 : 101;
52521 : 010;
52522 : 100;
52523 : 011;
52524 : 100;
52525 : 000;
52526 : 001;
52527 : 100;
52528 : 110;
52529 : 000;
52530 : 101;
52531 : 010;
52532 : 100;
52533 : 011;
52534 : 110;
52535 : 100;
52536 : 011;
52537 : 110;
52538 : 001;
52539 : 110;
52540 : 111;
52541 : 100;
52542 : 110;
52543 : 101;
52544 : 010;
52545 : 100;
52546 : 001;
52547 : 110;
52548 : 001;
52549 : 100;
52550 : 000;
52551 : 101;
52552 : 010;
52553 : 100;
52554 : 010;
52555 : 000;
52556 : 100;
52557 : 011;
52558 : 100;
52559 : 110;
52560 : 101;
52561 : 000;
52562 : 111;
52563 : 000;
52564 : 110;
52565 : 000;
52566 : 111;
52567 : 000;
52568 : 110;
52569 : 001;
52570 : 010;
52571 : 101;
52572 : 010;
52573 : 101;
52574 : 010;
52575 : 000;
52576 : 000;
52577 : 000;
52578 : 100;
52579 : 001;
52580 : 000;
52581 : 000;
52582 : 000;
52583 : 000;
52584 : 001;
52585 : 000;
52586 : 000;
52587 : 000;
52588 : 000;
52589 : 000;
52590 : 000;
52591 : 000;
52592 : 000;
52593 : 010;
52594 : 000;
52595 : 001;
52596 : 000;
52597 : 000;
52598 : 000;
52599 : 000;
52600 : 000;
52601 : 000;
52602 : 000;
52603 : 000;
52604 : 000;
52605 : 000;
52606 : 010;
52607 : 000;
52608 : 000;
52609 : 000;
52610 : 000;
52611 : 100;
52612 : 000;
52613 : 000;
52614 : 000;
52615 : 000;
52616 : 000;
52617 : 000;
52618 : 001;
52619 : 000;
52620 : 000;
52621 : 000;
52622 : 000;
52623 : 000;
52624 : 000;
52625 : 000;
52626 : 100;
52627 : 000;
52628 : 000;
52629 : 000;
52630 : 000;
52631 : 000;
52632 : 000;
52633 : 001;
52634 : 000;
52635 : 110;
52636 : 000;
52637 : 001;
52638 : 100;
52639 : 010;
52640 : 101;
52641 : 100;
52642 : 010;
52643 : 101;
52644 : 010;
52645 : 100;
52646 : 010;
52647 : 101;
52648 : 010;
52649 : 101;
52650 : 000;
52651 : 110;
52652 : 000;
52653 : 110;
52654 : 000;
52655 : 000;
52656 : 000;
52657 : 000;
52658 : 100;
52659 : 011;
52660 : 100;
52661 : 010;
52662 : 100;
52663 : 111;
52664 : 000;
52665 : 111;
52666 : 000;
52667 : 000;
52668 : 111;
52669 : 100;
52670 : 000;
52671 : 000;
52672 : 101;
52673 : 110;
52674 : 101;
52675 : 010;
52676 : 111;
52677 : 000;
52678 : 000;
52679 : 000;
52680 : 100;
52681 : 011;
52682 : 110;
52683 : 111;
52684 : 000;
52685 : 000;
52686 : 100;
52687 : 000;
52688 : 000;
52689 : 000;
52690 : 100;
52691 : 000;
52692 : 000;
52693 : 000;
52694 : 000;
52695 : 000;
52696 : 000;
52697 : 000;
52698 : 111;
52699 : 000;
52700 : 000;
52701 : 000;
52702 : 000;
52703 : 000;
52704 : 000;
52705 : 101;
52706 : 010;
52707 : 000;
52708 : 100;
52709 : 000;
52710 : 000;
52711 : 010;
52712 : 100;
52713 : 001;
52714 : 000;
52715 : 000;
52716 : 110;
52717 : 000;
52718 : 001;
52719 : 010;
52720 : 100;
52721 : 001;
52722 : 100;
52723 : 000;
52724 : 000;
52725 : 000;
52726 : 000;
52727 : 000;
52728 : 000;
52729 : 000;
52730 : 000;
52731 : 000;
52732 : 000;
52733 : 001;
52734 : 000;
52735 : 010;
52736 : 000;
52737 : 000;
52738 : 100;
52739 : 000;
52740 : 000;
52741 : 000;
52742 : 000;
52743 : 100;
52744 : 010;
52745 : 000;
52746 : 000;
52747 : 000;
52748 : 000;
52749 : 000;
52750 : 010;
52751 : 000;
52752 : 000;
52753 : 000;
52754 : 000;
52755 : 000;
52756 : 000;
52757 : 100;
52758 : 000;
52759 : 000;
52760 : 110;
52761 : 000;
52762 : 000;
52763 : 000;
52764 : 000;
52765 : 000;
52766 : 010;
52767 : 000;
52768 : 111;
52769 : 000;
52770 : 100;
52771 : 000;
52772 : 000;
52773 : 011;
52774 : 000;
52775 : 111;
52776 : 000;
52777 : 000;
52778 : 101;
52779 : 010;
52780 : 100;
52781 : 011;
52782 : 000;
52783 : 100;
52784 : 000;
52785 : 000;
52786 : 010;
52787 : 000;
52788 : 000;
52789 : 000;
52790 : 001;
52791 : 000;
52792 : 000;
52793 : 100;
52794 : 000;
52795 : 000;
52796 : 000;
52797 : 010;
52798 : 000;
52799 : 000;
52800 : 000;
52801 : 011;
52802 : 100;
52803 : 001;
52804 : 100;
52805 : 000;
52806 : 000;
52807 : 111;
52808 : 000;
52809 : 111;
52810 : 000;
52811 : 111;
52812 : 111;
52813 : 111;
52814 : 100;
52815 : 110;
52816 : 011;
52817 : 110;
52818 : 111;
52819 : 100;
52820 : 111;
52821 : 110;
52822 : 111;
52823 : 100;
52824 : 111;
52825 : 110;
52826 : 111;
52827 : 101;
52828 : 110;
52829 : 111;
52830 : 110;
52831 : 101;
52832 : 110;
52833 : 011;
52834 : 110;
52835 : 111;
52836 : 110;
52837 : 001;
52838 : 110;
52839 : 111;
52840 : 110;
52841 : 101;
52842 : 110;
52843 : 100;
52844 : 011;
52845 : 100;
52846 : 110;
52847 : 001;
52848 : 110;
52849 : 101;
52850 : 010;
52851 : 100;
52852 : 010;
52853 : 100;
52854 : 001;
52855 : 110;
52856 : 000;
52857 : 110;
52858 : 101;
52859 : 000;
52860 : 110;
52861 : 001;
52862 : 110;
52863 : 000;
52864 : 111;
52865 : 100;
52866 : 110;
52867 : 101;
52868 : 010;
52869 : 101;
52870 : 010;
52871 : 100;
52872 : 011;
52873 : 100;
52874 : 101;
52875 : 010;
52876 : 101;
52877 : 000;
52878 : 100;
52879 : 000;
52880 : 010;
52881 : 100;
52882 : 000;
52883 : 110;
52884 : 001;
52885 : 100;
52886 : 000;
52887 : 010;
52888 : 001;
52889 : 100;
52890 : 000;
52891 : 000;
52892 : 100;
52893 : 000;
52894 : 100;
52895 : 001;
52896 : 100;
52897 : 011;
52898 : 000;
52899 : 010;
52900 : 000;
52901 : 111;
52902 : 000;
52903 : 000;
52904 : 110;
52905 : 000;
52906 : 000;
52907 : 000;
52908 : 100;
52909 : 000;
52910 : 000;
52911 : 010;
52912 : 000;
52913 : 000;
52914 : 000;
52915 : 100;
52916 : 000;
52917 : 000;
52918 : 000;
52919 : 111;
52920 : 000;
52921 : 000;
52922 : 100;
52923 : 000;
52924 : 000;
52925 : 000;
52926 : 000;
52927 : 000;
52928 : 000;
52929 : 000;
52930 : 000;
52931 : 000;
52932 : 000;
52933 : 011;
52934 : 000;
52935 : 001;
52936 : 100;
52937 : 000;
52938 : 000;
52939 : 000;
52940 : 000;
52941 : 000;
52942 : 100;
52943 : 000;
52944 : 000;
52945 : 000;
52946 : 001;
52947 : 000;
52948 : 000;
52949 : 000;
52950 : 100;
52951 : 000;
52952 : 000;
52953 : 000;
52954 : 000;
52955 : 100;
52956 : 000;
52957 : 000;
52958 : 110;
52959 : 101;
52960 : 000;
52961 : 110;
52962 : 000;
52963 : 000;
52964 : 000;
52965 : 000;
52966 : 100;
52967 : 000;
52968 : 100;
52969 : 110;
52970 : 000;
52971 : 101;
52972 : 000;
52973 : 100;
52974 : 011;
52975 : 100;
52976 : 110;
52977 : 000;
52978 : 000;
52979 : 100;
52980 : 000;
52981 : 101;
52982 : 010;
52983 : 101;
52984 : 110;
52985 : 000;
52986 : 000;
52987 : 000;
52988 : 000;
52989 : 000;
52990 : 011;
52991 : 000;
52992 : 000;
52993 : 000;
52994 : 110;
52995 : 101;
52996 : 000;
52997 : 000;
52998 : 001;
52999 : 010;
53000 : 100;
53001 : 100;
53002 : 001;
53003 : 110;
53004 : 101;
53005 : 010;
53006 : 000;
53007 : 000;
53008 : 000;
53009 : 010;
53010 : 001;
53011 : 000;
53012 : 010;
53013 : 000;
53014 : 100;
53015 : 001;
53016 : 010;
53017 : 000;
53018 : 000;
53019 : 000;
53020 : 000;
53021 : 111;
53022 : 000;
53023 : 110;
53024 : 000;
53025 : 000;
53026 : 000;
53027 : 000;
53028 : 111;
53029 : 000;
53030 : 100;
53031 : 001;
53032 : 100;
53033 : 010;
53034 : 000;
53035 : 000;
53036 : 001;
53037 : 100;
53038 : 000;
53039 : 000;
53040 : 000;
53041 : 010;
53042 : 001;
53043 : 000;
53044 : 010;
53045 : 101;
53046 : 000;
53047 : 000;
53048 : 100;
53049 : 000;
53050 : 000;
53051 : 001;
53052 : 110;
53053 : 000;
53054 : 100;
53055 : 000;
53056 : 000;
53057 : 000;
53058 : 000;
53059 : 000;
53060 : 000;
53061 : 000;
53062 : 000;
53063 : 000;
53064 : 000;
53065 : 000;
53066 : 000;
53067 : 000;
53068 : 000;
53069 : 001;
53070 : 100;
53071 : 000;
53072 : 000;
53073 : 100;
53074 : 000;
53075 : 000;
53076 : 000;
53077 : 000;
53078 : 000;
53079 : 000;
53080 : 000;
53081 : 000;
53082 : 000;
53083 : 001;
53084 : 000;
53085 : 100;
53086 : 001;
53087 : 000;
53088 : 000;
53089 : 000;
53090 : 000;
53091 : 011;
53092 : 000;
53093 : 000;
53094 : 000;
53095 : 000;
53096 : 000;
53097 : 000;
53098 : 000;
53099 : 000;
53100 : 000;
53101 : 100;
53102 : 000;
53103 : 000;
53104 : 000;
53105 : 000;
53106 : 000;
53107 : 000;
53108 : 000;
53109 : 000;
53110 : 000;
53111 : 000;
53112 : 010;
53113 : 000;
53114 : 000;
53115 : 000;
53116 : 000;
53117 : 000;
53118 : 000;
53119 : 000;
53120 : 100;
53121 : 000;
53122 : 110;
53123 : 000;
53124 : 110;
53125 : 001;
53126 : 110;
53127 : 000;
53128 : 000;
53129 : 100;
53130 : 110;
53131 : 100;
53132 : 111;
53133 : 111;
53134 : 111;
53135 : 100;
53136 : 111;
53137 : 100;
53138 : 111;
53139 : 111;
53140 : 110;
53141 : 101;
53142 : 110;
53143 : 111;
53144 : 100;
53145 : 111;
53146 : 110;
53147 : 111;
53148 : 110;
53149 : 101;
53150 : 010;
53151 : 111;
53152 : 110;
53153 : 101;
53154 : 110;
53155 : 101;
53156 : 110;
53157 : 111;
53158 : 110;
53159 : 101;
53160 : 110;
53161 : 111;
53162 : 111;
53163 : 111;
53164 : 110;
53165 : 111;
53166 : 111;
53167 : 110;
53168 : 111;
53169 : 110;
53170 : 100;
53171 : 001;
53172 : 110;
53173 : 101;
53174 : 110;
53175 : 000;
53176 : 111;
53177 : 100;
53178 : 010;
53179 : 101;
53180 : 110;
53181 : 000;
53182 : 101;
53183 : 010;
53184 : 100;
53185 : 011;
53186 : 000;
53187 : 100;
53188 : 010;
53189 : 100;
53190 : 001;
53191 : 110;
53192 : 000;
53193 : 000;
53194 : 110;
53195 : 000;
53196 : 100;
53197 : 010;
53198 : 001;
53199 : 110;
53200 : 001;
53201 : 000;
53202 : 001;
53203 : 000;
53204 : 000;
53205 : 010;
53206 : 001;
53207 : 100;
53208 : 000;
53209 : 010;
53210 : 001;
53211 : 110;
53212 : 001;
53213 : 010;
53214 : 000;
53215 : 010;
53216 : 000;
53217 : 000;
53218 : 101;
53219 : 000;
53220 : 100;
53221 : 000;
53222 : 001;
53223 : 100;
53224 : 001;
53225 : 110;
53226 : 000;
53227 : 000;
53228 : 000;
53229 : 010;
53230 : 000;
53231 : 000;
53232 : 000;
53233 : 000;
53234 : 000;
53235 : 000;
53236 : 011;
53237 : 000;
53238 : 000;
53239 : 000;
53240 : 000;
53241 : 000;
53242 : 000;
53243 : 010;
53244 : 000;
53245 : 000;
53246 : 000;
53247 : 000;
53248 : 000;
53249 : 000;
53250 : 011;
53251 : 000;
53252 : 100;
53253 : 000;
53254 : 000;
53255 : 000;
53256 : 000;
53257 : 000;
53258 : 010;
53259 : 000;
53260 : 000;
53261 : 000;
53262 : 001;
53263 : 000;
53264 : 010;
53265 : 000;
53266 : 000;
53267 : 000;
53268 : 000;
53269 : 000;
53270 : 001;
53271 : 010;
53272 : 000;
53273 : 100;
53274 : 000;
53275 : 011;
53276 : 100;
53277 : 000;
53278 : 111;
53279 : 000;
53280 : 100;
53281 : 000;
53282 : 000;
53283 : 000;
53284 : 100;
53285 : 000;
53286 : 000;
53287 : 010;
53288 : 001;
53289 : 100;
53290 : 000;
53291 : 010;
53292 : 000;
53293 : 000;
53294 : 000;
53295 : 000;
53296 : 000;
53297 : 000;
53298 : 000;
53299 : 000;
53300 : 000;
53301 : 000;
53302 : 110;
53303 : 100;
53304 : 001;
53305 : 000;
53306 : 000;
53307 : 000;
53308 : 000;
53309 : 000;
53310 : 000;
53311 : 000;
53312 : 000;
53313 : 100;
53314 : 011;
53315 : 100;
53316 : 010;
53317 : 000;
53318 : 100;
53319 : 000;
53320 : 000;
53321 : 010;
53322 : 100;
53323 : 001;
53324 : 100;
53325 : 000;
53326 : 000;
53327 : 000;
53328 : 101;
53329 : 000;
53330 : 000;
53331 : 000;
53332 : 000;
53333 : 000;
53334 : 000;
53335 : 000;
53336 : 100;
53337 : 000;
53338 : 000;
53339 : 000;
53340 : 000;
53341 : 000;
53342 : 000;
53343 : 000;
53344 : 000;
53345 : 000;
53346 : 000;
53347 : 000;
53348 : 000;
53349 : 000;
53350 : 000;
53351 : 100;
53352 : 000;
53353 : 000;
53354 : 100;
53355 : 000;
53356 : 010;
53357 : 101;
53358 : 010;
53359 : 101;
53360 : 000;
53361 : 101;
53362 : 010;
53363 : 000;
53364 : 000;
53365 : 000;
53366 : 000;
53367 : 000;
53368 : 011;
53369 : 000;
53370 : 000;
53371 : 000;
53372 : 000;
53373 : 000;
53374 : 000;
53375 : 000;
53376 : 000;
53377 : 100;
53378 : 011;
53379 : 100;
53380 : 000;
53381 : 010;
53382 : 000;
53383 : 100;
53384 : 000;
53385 : 000;
53386 : 000;
53387 : 101;
53388 : 000;
53389 : 000;
53390 : 000;
53391 : 000;
53392 : 000;
53393 : 001;
53394 : 000;
53395 : 000;
53396 : 000;
53397 : 000;
53398 : 000;
53399 : 000;
53400 : 000;
53401 : 000;
53402 : 000;
53403 : 000;
53404 : 000;
53405 : 000;
53406 : 000;
53407 : 000;
53408 : 000;
53409 : 000;
53410 : 000;
53411 : 000;
53412 : 000;
53413 : 000;
53414 : 000;
53415 : 000;
53416 : 000;
53417 : 000;
53418 : 000;
53419 : 001;
53420 : 000;
53421 : 000;
53422 : 000;
53423 : 000;
53424 : 000;
53425 : 000;
53426 : 000;
53427 : 000;
53428 : 000;
53429 : 000;
53430 : 000;
53431 : 000;
53432 : 000;
53433 : 000;
53434 : 000;
53435 : 000;
53436 : 000;
53437 : 000;
53438 : 000;
53439 : 000;
53440 : 000;
53441 : 111;
53442 : 000;
53443 : 000;
53444 : 100;
53445 : 000;
53446 : 000;
53447 : 111;
53448 : 000;
53449 : 111;
53450 : 000;
53451 : 111;
53452 : 111;
53453 : 110;
53454 : 111;
53455 : 110;
53456 : 111;
53457 : 110;
53458 : 111;
53459 : 100;
53460 : 111;
53461 : 110;
53462 : 111;
53463 : 110;
53464 : 111;
53465 : 100;
53466 : 111;
53467 : 100;
53468 : 111;
53469 : 110;
53470 : 111;
53471 : 100;
53472 : 111;
53473 : 110;
53474 : 111;
53475 : 110;
53476 : 111;
53477 : 110;
53478 : 111;
53479 : 110;
53480 : 111;
53481 : 110;
53482 : 111;
53483 : 110;
53484 : 111;
53485 : 110;
53486 : 111;
53487 : 100;
53488 : 111;
53489 : 000;
53490 : 111;
53491 : 100;
53492 : 010;
53493 : 100;
53494 : 011;
53495 : 100;
53496 : 100;
53497 : 011;
53498 : 100;
53499 : 010;
53500 : 101;
53501 : 010;
53502 : 100;
53503 : 001;
53504 : 000;
53505 : 100;
53506 : 010;
53507 : 001;
53508 : 100;
53509 : 000;
53510 : 010;
53511 : 000;
53512 : 101;
53513 : 000;
53514 : 001;
53515 : 000;
53516 : 011;
53517 : 100;
53518 : 000;
53519 : 000;
53520 : 000;
53521 : 110;
53522 : 000;
53523 : 110;
53524 : 001;
53525 : 100;
53526 : 000;
53527 : 000;
53528 : 000;
53529 : 000;
53530 : 000;
53531 : 000;
53532 : 000;
53533 : 000;
53534 : 001;
53535 : 100;
53536 : 000;
53537 : 000;
53538 : 010;
53539 : 000;
53540 : 001;
53541 : 000;
53542 : 010;
53543 : 000;
53544 : 000;
53545 : 100;
53546 : 000;
53547 : 000;
53548 : 000;
53549 : 000;
53550 : 000;
53551 : 000;
53552 : 000;
53553 : 101;
53554 : 000;
53555 : 000;
53556 : 000;
53557 : 000;
53558 : 000;
53559 : 000;
53560 : 000;
53561 : 000;
53562 : 000;
53563 : 000;
53564 : 000;
53565 : 001;
53566 : 000;
53567 : 110;
53568 : 001;
53569 : 100;
53570 : 000;
53571 : 000;
53572 : 000;
53573 : 000;
53574 : 000;
53575 : 000;
53576 : 000;
53577 : 000;
53578 : 000;
53579 : 000;
53580 : 100;
53581 : 000;
53582 : 000;
53583 : 000;
53584 : 000;
53585 : 000;
53586 : 100;
53587 : 000;
53588 : 010;
53589 : 000;
53590 : 000;
53591 : 000;
53592 : 000;
53593 : 000;
53594 : 000;
53595 : 000;
53596 : 110;
53597 : 000;
53598 : 000;
53599 : 000;
53600 : 000;
53601 : 000;
53602 : 100;
53603 : 000;
53604 : 001;
53605 : 010;
53606 : 000;
53607 : 000;
53608 : 000;
53609 : 000;
53610 : 000;
53611 : 000;
53612 : 000;
53613 : 000;
53614 : 000;
53615 : 000;
53616 : 001;
53617 : 000;
53618 : 100;
53619 : 011;
53620 : 000;
53621 : 000;
53622 : 101;
53623 : 010;
53624 : 100;
53625 : 000;
53626 : 000;
53627 : 000;
53628 : 000;
53629 : 000;
53630 : 000;
53631 : 000;
53632 : 000;
53633 : 110;
53634 : 000;
53635 : 100;
53636 : 000;
53637 : 000;
53638 : 000;
53639 : 000;
53640 : 101;
53641 : 000;
53642 : 000;
53643 : 000;
53644 : 000;
53645 : 000;
53646 : 000;
53647 : 000;
53648 : 010;
53649 : 000;
53650 : 100;
53651 : 000;
53652 : 000;
53653 : 000;
53654 : 001;
53655 : 110;
53656 : 000;
53657 : 000;
53658 : 000;
53659 : 100;
53660 : 000;
53661 : 000;
53662 : 000;
53663 : 100;
53664 : 001;
53665 : 110;
53666 : 000;
53667 : 000;
53668 : 100;
53669 : 000;
53670 : 000;
53671 : 010;
53672 : 000;
53673 : 000;
53674 : 000;
53675 : 000;
53676 : 000;
53677 : 000;
53678 : 000;
53679 : 000;
53680 : 000;
53681 : 000;
53682 : 000;
53683 : 000;
53684 : 000;
53685 : 000;
53686 : 000;
53687 : 000;
53688 : 000;
53689 : 000;
53690 : 000;
53691 : 000;
53692 : 111;
53693 : 000;
53694 : 100;
53695 : 011;
53696 : 100;
53697 : 000;
53698 : 100;
53699 : 010;
53700 : 101;
53701 : 100;
53702 : 001;
53703 : 110;
53704 : 000;
53705 : 000;
53706 : 000;
53707 : 000;
53708 : 010;
53709 : 000;
53710 : 000;
53711 : 000;
53712 : 010;
53713 : 000;
53714 : 000;
53715 : 110;
53716 : 000;
53717 : 001;
53718 : 000;
53719 : 000;
53720 : 001;
53721 : 000;
53722 : 000;
53723 : 000;
53724 : 010;
53725 : 000;
53726 : 000;
53727 : 000;
53728 : 000;
53729 : 000;
53730 : 000;
53731 : 000;
53732 : 000;
53733 : 000;
53734 : 000;
53735 : 000;
53736 : 100;
53737 : 001;
53738 : 000;
53739 : 000;
53740 : 000;
53741 : 000;
53742 : 000;
53743 : 010;
53744 : 000;
53745 : 001;
53746 : 000;
53747 : 000;
53748 : 000;
53749 : 100;
53750 : 000;
53751 : 000;
53752 : 000;
53753 : 000;
53754 : 000;
53755 : 000;
53756 : 001;
53757 : 000;
53758 : 000;
53759 : 000;
53760 : 000;
53761 : 100;
53762 : 000;
53763 : 111;
53764 : 000;
53765 : 111;
53766 : 000;
53767 : 100;
53768 : 000;
53769 : 100;
53770 : 110;
53771 : 111;
53772 : 110;
53773 : 111;
53774 : 100;
53775 : 110;
53776 : 101;
53777 : 110;
53778 : 111;
53779 : 110;
53780 : 111;
53781 : 100;
53782 : 111;
53783 : 100;
53784 : 111;
53785 : 110;
53786 : 011;
53787 : 110;
53788 : 111;
53789 : 100;
53790 : 111;
53791 : 111;
53792 : 110;
53793 : 111;
53794 : 101;
53795 : 110;
53796 : 111;
53797 : 101;
53798 : 111;
53799 : 111;
53800 : 111;
53801 : 111;
53802 : 100;
53803 : 111;
53804 : 111;
53805 : 100;
53806 : 111;
53807 : 000;
53808 : 100;
53809 : 010;
53810 : 100;
53811 : 001;
53812 : 110;
53813 : 001;
53814 : 100;
53815 : 010;
53816 : 001;
53817 : 100;
53818 : 000;
53819 : 000;
53820 : 000;
53821 : 001;
53822 : 000;
53823 : 110;
53824 : 000;
53825 : 001;
53826 : 100;
53827 : 000;
53828 : 011;
53829 : 000;
53830 : 101;
53831 : 000;
53832 : 010;
53833 : 000;
53834 : 100;
53835 : 000;
53836 : 000;
53837 : 000;
53838 : 000;
53839 : 001;
53840 : 000;
53841 : 000;
53842 : 000;
53843 : 000;
53844 : 000;
53845 : 000;
53846 : 000;
53847 : 000;
53848 : 000;
53849 : 000;
53850 : 100;
53851 : 000;
53852 : 000;
53853 : 000;
53854 : 000;
53855 : 000;
53856 : 000;
53857 : 101;
53858 : 000;
53859 : 000;
53860 : 000;
53861 : 000;
53862 : 000;
53863 : 000;
53864 : 000;
53865 : 010;
53866 : 000;
53867 : 000;
53868 : 000;
53869 : 000;
53870 : 000;
53871 : 000;
53872 : 000;
53873 : 000;
53874 : 000;
53875 : 000;
53876 : 000;
53877 : 000;
53878 : 000;
53879 : 000;
53880 : 000;
53881 : 000;
53882 : 000;
53883 : 001;
53884 : 100;
53885 : 010;
53886 : 000;
53887 : 000;
53888 : 000;
53889 : 000;
53890 : 000;
53891 : 000;
53892 : 000;
53893 : 000;
53894 : 000;
53895 : 000;
53896 : 000;
53897 : 000;
53898 : 000;
53899 : 000;
53900 : 000;
53901 : 000;
53902 : 000;
53903 : 000;
53904 : 000;
53905 : 000;
53906 : 000;
53907 : 000;
53908 : 000;
53909 : 000;
53910 : 100;
53911 : 000;
53912 : 000;
53913 : 000;
53914 : 000;
53915 : 000;
53916 : 001;
53917 : 100;
53918 : 000;
53919 : 111;
53920 : 000;
53921 : 010;
53922 : 001;
53923 : 000;
53924 : 000;
53925 : 000;
53926 : 100;
53927 : 000;
53928 : 000;
53929 : 000;
53930 : 000;
53931 : 100;
53932 : 000;
53933 : 001;
53934 : 110;
53935 : 000;
53936 : 110;
53937 : 001;
53938 : 010;
53939 : 101;
53940 : 110;
53941 : 011;
53942 : 100;
53943 : 001;
53944 : 010;
53945 : 000;
53946 : 001;
53947 : 000;
53948 : 000;
53949 : 000;
53950 : 100;
53951 : 000;
53952 : 000;
53953 : 001;
53954 : 100;
53955 : 001;
53956 : 000;
53957 : 000;
53958 : 000;
53959 : 000;
53960 : 000;
53961 : 110;
53962 : 000;
53963 : 010;
53964 : 100;
53965 : 011;
53966 : 000;
53967 : 100;
53968 : 001;
53969 : 000;
53970 : 010;
53971 : 000;
53972 : 000;
53973 : 000;
53974 : 100;
53975 : 000;
53976 : 000;
53977 : 000;
53978 : 000;
53979 : 001;
53980 : 000;
53981 : 000;
53982 : 000;
53983 : 010;
53984 : 000;
53985 : 000;
53986 : 100;
53987 : 011;
53988 : 000;
53989 : 111;
53990 : 000;
53991 : 000;
53992 : 100;
53993 : 000;
53994 : 001;
53995 : 000;
53996 : 100;
53997 : 000;
53998 : 000;
53999 : 000;
54000 : 000;
54001 : 000;
54002 : 000;
54003 : 100;
54004 : 001;
54005 : 110;
54006 : 000;
54007 : 101;
54008 : 010;
54009 : 101;
54010 : 010;
54011 : 100;
54012 : 000;
54013 : 011;
54014 : 000;
54015 : 000;
54016 : 100;
54017 : 000;
54018 : 000;
54019 : 000;
54020 : 000;
54021 : 000;
54022 : 000;
54023 : 000;
54024 : 100;
54025 : 000;
54026 : 000;
54027 : 000;
54028 : 000;
54029 : 000;
54030 : 000;
54031 : 101;
54032 : 000;
54033 : 000;
54034 : 000;
54035 : 000;
54036 : 000;
54037 : 000;
54038 : 000;
54039 : 010;
54040 : 000;
54041 : 000;
54042 : 000;
54043 : 000;
54044 : 000;
54045 : 000;
54046 : 000;
54047 : 000;
54048 : 000;
54049 : 000;
54050 : 000;
54051 : 000;
54052 : 000;
54053 : 100;
54054 : 000;
54055 : 000;
54056 : 000;
54057 : 000;
54058 : 010;
54059 : 000;
54060 : 000;
54061 : 010;
54062 : 000;
54063 : 001;
54064 : 000;
54065 : 000;
54066 : 100;
54067 : 000;
54068 : 000;
54069 : 011;
54070 : 000;
54071 : 000;
54072 : 000;
54073 : 100;
54074 : 001;
54075 : 000;
54076 : 000;
54077 : 000;
54078 : 000;
54079 : 000;
54080 : 100;
54081 : 011;
54082 : 100;
54083 : 000;
54084 : 010;
54085 : 100;
54086 : 000;
54087 : 111;
54088 : 000;
54089 : 011;
54090 : 100;
54091 : 111;
54092 : 111;
54093 : 111;
54094 : 110;
54095 : 001;
54096 : 110;
54097 : 111;
54098 : 111;
54099 : 100;
54100 : 111;
54101 : 111;
54102 : 110;
54103 : 111;
54104 : 111;
54105 : 110;
54106 : 101;
54107 : 111;
54108 : 110;
54109 : 111;
54110 : 110;
54111 : 111;
54112 : 101;
54113 : 110;
54114 : 111;
54115 : 110;
54116 : 111;
54117 : 110;
54118 : 100;
54119 : 110;
54120 : 000;
54121 : 110;
54122 : 001;
54123 : 100;
54124 : 000;
54125 : 000;
54126 : 000;
54127 : 110;
54128 : 001;
54129 : 000;
54130 : 000;
54131 : 010;
54132 : 000;
54133 : 000;
54134 : 001;
54135 : 000;
54136 : 110;
54137 : 000;
54138 : 001;
54139 : 010;
54140 : 100;
54141 : 000;
54142 : 000;
54143 : 000;
54144 : 000;
54145 : 000;
54146 : 000;
54147 : 000;
54148 : 000;
54149 : 000;
54150 : 000;
54151 : 000;
54152 : 000;
54153 : 000;
54154 : 000;
54155 : 000;
54156 : 000;
54157 : 000;
54158 : 000;
54159 : 000;
54160 : 000;
54161 : 000;
54162 : 000;
54163 : 000;
54164 : 000;
54165 : 000;
54166 : 000;
54167 : 010;
54168 : 001;
54169 : 000;
54170 : 000;
54171 : 000;
54172 : 001;
54173 : 000;
54174 : 110;
54175 : 000;
54176 : 000;
54177 : 000;
54178 : 000;
54179 : 000;
54180 : 000;
54181 : 110;
54182 : 000;
54183 : 100;
54184 : 000;
54185 : 101;
54186 : 000;
54187 : 000;
54188 : 000;
54189 : 000;
54190 : 001;
54191 : 000;
54192 : 000;
54193 : 000;
54194 : 000;
54195 : 000;
54196 : 000;
54197 : 000;
54198 : 000;
54199 : 100;
54200 : 000;
54201 : 111;
54202 : 000;
54203 : 000;
54204 : 000;
54205 : 000;
54206 : 000;
54207 : 000;
54208 : 000;
54209 : 000;
54210 : 000;
54211 : 000;
54212 : 000;
54213 : 000;
54214 : 000;
54215 : 010;
54216 : 100;
54217 : 000;
54218 : 000;
54219 : 000;
54220 : 000;
54221 : 000;
54222 : 010;
54223 : 000;
54224 : 000;
54225 : 000;
54226 : 000;
54227 : 000;
54228 : 001;
54229 : 000;
54230 : 000;
54231 : 000;
54232 : 000;
54233 : 001;
54234 : 110;
54235 : 000;
54236 : 000;
54237 : 110;
54238 : 000;
54239 : 100;
54240 : 100;
54241 : 000;
54242 : 110;
54243 : 100;
54244 : 010;
54245 : 101;
54246 : 010;
54247 : 101;
54248 : 010;
54249 : 101;
54250 : 010;
54251 : 001;
54252 : 110;
54253 : 000;
54254 : 000;
54255 : 001;
54256 : 000;
54257 : 100;
54258 : 110;
54259 : 000;
54260 : 000;
54261 : 000;
54262 : 000;
54263 : 000;
54264 : 000;
54265 : 100;
54266 : 000;
54267 : 000;
54268 : 000;
54269 : 000;
54270 : 010;
54271 : 001;
54272 : 000;
54273 : 000;
54274 : 000;
54275 : 000;
54276 : 000;
54277 : 000;
54278 : 000;
54279 : 000;
54280 : 000;
54281 : 000;
54282 : 000;
54283 : 001;
54284 : 111;
54285 : 000;
54286 : 000;
54287 : 000;
54288 : 000;
54289 : 000;
54290 : 000;
54291 : 000;
54292 : 101;
54293 : 010;
54294 : 000;
54295 : 000;
54296 : 001;
54297 : 110;
54298 : 000;
54299 : 000;
54300 : 010;
54301 : 100;
54302 : 001;
54303 : 000;
54304 : 000;
54305 : 000;
54306 : 000;
54307 : 000;
54308 : 000;
54309 : 000;
54310 : 100;
54311 : 001;
54312 : 010;
54313 : 000;
54314 : 100;
54315 : 010;
54316 : 000;
54317 : 011;
54318 : 000;
54319 : 000;
54320 : 010;
54321 : 101;
54322 : 010;
54323 : 000;
54324 : 000;
54325 : 000;
54326 : 000;
54327 : 000;
54328 : 000;
54329 : 000;
54330 : 000;
54331 : 001;
54332 : 000;
54333 : 100;
54334 : 000;
54335 : 000;
54336 : 000;
54337 : 000;
54338 : 001;
54339 : 000;
54340 : 000;
54341 : 000;
54342 : 000;
54343 : 000;
54344 : 000;
54345 : 000;
54346 : 000;
54347 : 000;
54348 : 000;
54349 : 101;
54350 : 010;
54351 : 000;
54352 : 000;
54353 : 000;
54354 : 000;
54355 : 000;
54356 : 000;
54357 : 000;
54358 : 111;
54359 : 000;
54360 : 100;
54361 : 000;
54362 : 111;
54363 : 000;
54364 : 101;
54365 : 000;
54366 : 000;
54367 : 111;
54368 : 000;
54369 : 000;
54370 : 111;
54371 : 000;
54372 : 000;
54373 : 001;
54374 : 000;
54375 : 000;
54376 : 010;
54377 : 000;
54378 : 000;
54379 : 000;
54380 : 000;
54381 : 000;
54382 : 000;
54383 : 000;
54384 : 000;
54385 : 000;
54386 : 000;
54387 : 000;
54388 : 000;
54389 : 000;
54390 : 000;
54391 : 000;
54392 : 000;
54393 : 000;
54394 : 010;
54395 : 000;
54396 : 100;
54397 : 000;
54398 : 000;
54399 : 000;
54400 : 000;
54401 : 110;
54402 : 001;
54403 : 110;
54404 : 001;
54405 : 100;
54406 : 010;
54407 : 100;
54408 : 000;
54409 : 110;
54410 : 100;
54411 : 111;
54412 : 110;
54413 : 111;
54414 : 110;
54415 : 111;
54416 : 111;
54417 : 110;
54418 : 111;
54419 : 111;
54420 : 110;
54421 : 111;
54422 : 110;
54423 : 001;
54424 : 110;
54425 : 101;
54426 : 110;
54427 : 000;
54428 : 111;
54429 : 000;
54430 : 100;
54431 : 000;
54432 : 010;
54433 : 000;
54434 : 000;
54435 : 000;
54436 : 000;
54437 : 001;
54438 : 000;
54439 : 001;
54440 : 000;
54441 : 000;
54442 : 010;
54443 : 000;
54444 : 011;
54445 : 000;
54446 : 000;
54447 : 000;
54448 : 000;
54449 : 000;
54450 : 001;
54451 : 100;
54452 : 000;
54453 : 000;
54454 : 000;
54455 : 000;
54456 : 000;
54457 : 000;
54458 : 000;
54459 : 000;
54460 : 000;
54461 : 000;
54462 : 000;
54463 : 000;
54464 : 000;
54465 : 010;
54466 : 000;
54467 : 000;
54468 : 000;
54469 : 000;
54470 : 000;
54471 : 000;
54472 : 000;
54473 : 000;
54474 : 000;
54475 : 000;
54476 : 000;
54477 : 010;
54478 : 000;
54479 : 000;
54480 : 100;
54481 : 000;
54482 : 001;
54483 : 000;
54484 : 000;
54485 : 000;
54486 : 001;
54487 : 000;
54488 : 100;
54489 : 000;
54490 : 000;
54491 : 010;
54492 : 000;
54493 : 000;
54494 : 000;
54495 : 000;
54496 : 000;
54497 : 010;
54498 : 100;
54499 : 000;
54500 : 000;
54501 : 001;
54502 : 100;
54503 : 010;
54504 : 000;
54505 : 000;
54506 : 000;
54507 : 000;
54508 : 000;
54509 : 000;
54510 : 100;
54511 : 000;
54512 : 000;
54513 : 000;
54514 : 000;
54515 : 000;
54516 : 000;
54517 : 100;
54518 : 011;
54519 : 000;
54520 : 000;
54521 : 000;
54522 : 000;
54523 : 000;
54524 : 000;
54525 : 000;
54526 : 000;
54527 : 000;
54528 : 000;
54529 : 000;
54530 : 000;
54531 : 000;
54532 : 000;
54533 : 000;
54534 : 001;
54535 : 000;
54536 : 000;
54537 : 000;
54538 : 000;
54539 : 001;
54540 : 000;
54541 : 000;
54542 : 000;
54543 : 000;
54544 : 100;
54545 : 000;
54546 : 001;
54547 : 000;
54548 : 100;
54549 : 000;
54550 : 000;
54551 : 000;
54552 : 010;
54553 : 000;
54554 : 000;
54555 : 000;
54556 : 000;
54557 : 101;
54558 : 000;
54559 : 000;
54560 : 010;
54561 : 001;
54562 : 000;
54563 : 000;
54564 : 000;
54565 : 000;
54566 : 000;
54567 : 000;
54568 : 000;
54569 : 000;
54570 : 100;
54571 : 000;
54572 : 000;
54573 : 000;
54574 : 100;
54575 : 010;
54576 : 100;
54577 : 000;
54578 : 011;
54579 : 100;
54580 : 001;
54581 : 110;
54582 : 000;
54583 : 100;
54584 : 000;
54585 : 000;
54586 : 000;
54587 : 000;
54588 : 000;
54589 : 000;
54590 : 000;
54591 : 000;
54592 : 000;
54593 : 000;
54594 : 000;
54595 : 000;
54596 : 000;
54597 : 000;
54598 : 000;
54599 : 000;
54600 : 000;
54601 : 000;
54602 : 000;
54603 : 000;
54604 : 110;
54605 : 001;
54606 : 000;
54607 : 110;
54608 : 000;
54609 : 000;
54610 : 000;
54611 : 000;
54612 : 000;
54613 : 000;
54614 : 000;
54615 : 000;
54616 : 000;
54617 : 000;
54618 : 000;
54619 : 100;
54620 : 001;
54621 : 010;
54622 : 100;
54623 : 000;
54624 : 110;
54625 : 001;
54626 : 100;
54627 : 000;
54628 : 100;
54629 : 010;
54630 : 000;
54631 : 000;
54632 : 000;
54633 : 000;
54634 : 000;
54635 : 001;
54636 : 000;
54637 : 000;
54638 : 000;
54639 : 100;
54640 : 000;
54641 : 000;
54642 : 000;
54643 : 000;
54644 : 000;
54645 : 000;
54646 : 000;
54647 : 000;
54648 : 000;
54649 : 000;
54650 : 000;
54651 : 000;
54652 : 000;
54653 : 000;
54654 : 000;
54655 : 000;
54656 : 110;
54657 : 000;
54658 : 000;
54659 : 000;
54660 : 000;
54661 : 000;
54662 : 000;
54663 : 000;
54664 : 000;
54665 : 000;
54666 : 000;
54667 : 000;
54668 : 000;
54669 : 000;
54670 : 000;
54671 : 000;
54672 : 000;
54673 : 000;
54674 : 000;
54675 : 000;
54676 : 000;
54677 : 000;
54678 : 000;
54679 : 000;
54680 : 011;
54681 : 000;
54682 : 000;
54683 : 000;
54684 : 010;
54685 : 000;
54686 : 101;
54687 : 000;
54688 : 010;
54689 : 000;
54690 : 000;
54691 : 000;
54692 : 100;
54693 : 010;
54694 : 000;
54695 : 101;
54696 : 000;
54697 : 001;
54698 : 100;
54699 : 000;
54700 : 101;
54701 : 000;
54702 : 000;
54703 : 100;
54704 : 000;
54705 : 000;
54706 : 000;
54707 : 000;
54708 : 000;
54709 : 000;
54710 : 000;
54711 : 000;
54712 : 000;
54713 : 000;
54714 : 000;
54715 : 000;
54716 : 000;
54717 : 000;
54718 : 000;
54719 : 000;
54720 : 110;
54721 : 001;
54722 : 100;
54723 : 000;
54724 : 110;
54725 : 000;
54726 : 101;
54727 : 010;
54728 : 101;
54729 : 000;
54730 : 111;
54731 : 110;
54732 : 111;
54733 : 101;
54734 : 110;
54735 : 100;
54736 : 011;
54737 : 100;
54738 : 000;
54739 : 000;
54740 : 000;
54741 : 000;
54742 : 000;
54743 : 000;
54744 : 000;
54745 : 000;
54746 : 000;
54747 : 000;
54748 : 000;
54749 : 000;
54750 : 001;
54751 : 000;
54752 : 000;
54753 : 101;
54754 : 000;
54755 : 000;
54756 : 000;
54757 : 000;
54758 : 000;
54759 : 000;
54760 : 000;
54761 : 000;
54762 : 001;
54763 : 000;
54764 : 000;
54765 : 000;
54766 : 000;
54767 : 000;
54768 : 000;
54769 : 000;
54770 : 000;
54771 : 000;
54772 : 000;
54773 : 000;
54774 : 000;
54775 : 000;
54776 : 000;
54777 : 000;
54778 : 000;
54779 : 000;
54780 : 000;
54781 : 000;
54782 : 000;
54783 : 000;
54784 : 001;
54785 : 000;
54786 : 000;
54787 : 000;
54788 : 000;
54789 : 000;
54790 : 000;
54791 : 000;
54792 : 000;
54793 : 001;
54794 : 010;
54795 : 100;
54796 : 001;
54797 : 000;
54798 : 100;
54799 : 001;
54800 : 010;
54801 : 000;
54802 : 000;
54803 : 000;
54804 : 010;
54805 : 000;
54806 : 100;
54807 : 000;
54808 : 000;
54809 : 000;
54810 : 000;
54811 : 000;
54812 : 000;
54813 : 000;
54814 : 100;
54815 : 001;
54816 : 000;
54817 : 000;
54818 : 001;
54819 : 000;
54820 : 010;
54821 : 100;
54822 : 000;
54823 : 000;
54824 : 000;
54825 : 111;
54826 : 000;
54827 : 000;
54828 : 000;
54829 : 000;
54830 : 000;
54831 : 000;
54832 : 000;
54833 : 000;
54834 : 000;
54835 : 000;
54836 : 000;
54837 : 000;
54838 : 000;
54839 : 000;
54840 : 000;
54841 : 000;
54842 : 000;
54843 : 000;
54844 : 000;
54845 : 000;
54846 : 000;
54847 : 000;
54848 : 000;
54849 : 000;
54850 : 000;
54851 : 001;
54852 : 000;
54853 : 110;
54854 : 000;
54855 : 000;
54856 : 000;
54857 : 000;
54858 : 000;
54859 : 000;
54860 : 000;
54861 : 000;
54862 : 000;
54863 : 000;
54864 : 001;
54865 : 000;
54866 : 000;
54867 : 000;
54868 : 010;
54869 : 000;
54870 : 000;
54871 : 000;
54872 : 000;
54873 : 000;
54874 : 000;
54875 : 000;
54876 : 000;
54877 : 010;
54878 : 000;
54879 : 000;
54880 : 000;
54881 : 000;
54882 : 000;
54883 : 000;
54884 : 000;
54885 : 000;
54886 : 000;
54887 : 000;
54888 : 000;
54889 : 000;
54890 : 000;
54891 : 000;
54892 : 000;
54893 : 000;
54894 : 000;
54895 : 000;
54896 : 000;
54897 : 000;
54898 : 000;
54899 : 000;
54900 : 000;
54901 : 000;
54902 : 000;
54903 : 000;
54904 : 000;
54905 : 000;
54906 : 010;
54907 : 000;
54908 : 000;
54909 : 000;
54910 : 000;
54911 : 111;
54912 : 000;
54913 : 000;
54914 : 110;
54915 : 000;
54916 : 000;
54917 : 010;
54918 : 000;
54919 : 000;
54920 : 111;
54921 : 000;
54922 : 100;
54923 : 000;
54924 : 000;
54925 : 100;
54926 : 110;
54927 : 001;
54928 : 100;
54929 : 000;
54930 : 111;
54931 : 000;
54932 : 000;
54933 : 000;
54934 : 000;
54935 : 000;
54936 : 100;
54937 : 000;
54938 : 000;
54939 : 010;
54940 : 000;
54941 : 000;
54942 : 000;
54943 : 000;
54944 : 000;
54945 : 000;
54946 : 000;
54947 : 010;
54948 : 001;
54949 : 000;
54950 : 000;
54951 : 000;
54952 : 000;
54953 : 000;
54954 : 100;
54955 : 000;
54956 : 000;
54957 : 000;
54958 : 000;
54959 : 000;
54960 : 000;
54961 : 000;
54962 : 000;
54963 : 000;
54964 : 000;
54965 : 001;
54966 : 000;
54967 : 000;
54968 : 000;
54969 : 000;
54970 : 000;
54971 : 000;
54972 : 000;
54973 : 110;
54974 : 000;
54975 : 000;
54976 : 000;
54977 : 000;
54978 : 000;
54979 : 100;
54980 : 010;
54981 : 000;
54982 : 000;
54983 : 000;
54984 : 000;
54985 : 000;
54986 : 000;
54987 : 110;
54988 : 000;
54989 : 000;
54990 : 000;
54991 : 000;
54992 : 000;
54993 : 000;
54994 : 100;
54995 : 001;
54996 : 000;
54997 : 000;
54998 : 101;
54999 : 000;
55000 : 000;
55001 : 000;
55002 : 000;
55003 : 100;
55004 : 001;
55005 : 000;
55006 : 000;
55007 : 000;
55008 : 000;
55009 : 101;
55010 : 000;
55011 : 011;
55012 : 000;
55013 : 001;
55014 : 000;
55015 : 010;
55016 : 100;
55017 : 000;
55018 : 010;
55019 : 001;
55020 : 010;
55021 : 100;
55022 : 011;
55023 : 000;
55024 : 011;
55025 : 100;
55026 : 000;
55027 : 000;
55028 : 000;
55029 : 000;
55030 : 000;
55031 : 100;
55032 : 000;
55033 : 000;
55034 : 000;
55035 : 000;
55036 : 000;
55037 : 000;
55038 : 000;
55039 : 000;
55040 : 100;
55041 : 110;
55042 : 110;
55043 : 001;
55044 : 100;
55045 : 010;
55046 : 100;
55047 : 000;
55048 : 110;
55049 : 100;
55050 : 111;
55051 : 110;
55052 : 111;
55053 : 110;
55054 : 111;
55055 : 000;
55056 : 000;
55057 : 000;
55058 : 001;
55059 : 110;
55060 : 001;
55061 : 000;
55062 : 100;
55063 : 001;
55064 : 010;
55065 : 000;
55066 : 000;
55067 : 001;
55068 : 000;
55069 : 000;
55070 : 010;
55071 : 000;
55072 : 000;
55073 : 000;
55074 : 000;
55075 : 000;
55076 : 000;
55077 : 000;
55078 : 000;
55079 : 010;
55080 : 000;
55081 : 000;
55082 : 100;
55083 : 000;
55084 : 000;
55085 : 000;
55086 : 100;
55087 : 001;
55088 : 000;
55089 : 000;
55090 : 000;
55091 : 000;
55092 : 000;
55093 : 000;
55094 : 000;
55095 : 000;
55096 : 000;
55097 : 000;
55098 : 101;
55099 : 000;
55100 : 000;
55101 : 000;
55102 : 011;
55103 : 100;
55104 : 000;
55105 : 100;
55106 : 000;
55107 : 001;
55108 : 110;
55109 : 001;
55110 : 100;
55111 : 010;
55112 : 100;
55113 : 000;
55114 : 100;
55115 : 011;
55116 : 000;
55117 : 000;
55118 : 010;
55119 : 000;
55120 : 101;
55121 : 010;
55122 : 100;
55123 : 000;
55124 : 000;
55125 : 000;
55126 : 000;
55127 : 000;
55128 : 000;
55129 : 000;
55130 : 000;
55131 : 001;
55132 : 100;
55133 : 000;
55134 : 000;
55135 : 010;
55136 : 000;
55137 : 100;
55138 : 000;
55139 : 000;
55140 : 000;
55141 : 000;
55142 : 000;
55143 : 001;
55144 : 000;
55145 : 000;
55146 : 000;
55147 : 000;
55148 : 000;
55149 : 000;
55150 : 000;
55151 : 000;
55152 : 000;
55153 : 000;
55154 : 000;
55155 : 000;
55156 : 000;
55157 : 000;
55158 : 000;
55159 : 000;
55160 : 000;
55161 : 000;
55162 : 000;
55163 : 000;
55164 : 000;
55165 : 000;
55166 : 000;
55167 : 001;
55168 : 100;
55169 : 000;
55170 : 000;
55171 : 000;
55172 : 000;
55173 : 000;
55174 : 000;
55175 : 000;
55176 : 000;
55177 : 000;
55178 : 000;
55179 : 000;
55180 : 000;
55181 : 100;
55182 : 000;
55183 : 000;
55184 : 000;
55185 : 000;
55186 : 010;
55187 : 000;
55188 : 000;
55189 : 000;
55190 : 000;
55191 : 000;
55192 : 100;
55193 : 000;
55194 : 000;
55195 : 100;
55196 : 000;
55197 : 101;
55198 : 000;
55199 : 000;
55200 : 000;
55201 : 000;
55202 : 000;
55203 : 000;
55204 : 000;
55205 : 000;
55206 : 000;
55207 : 000;
55208 : 000;
55209 : 000;
55210 : 000;
55211 : 000;
55212 : 000;
55213 : 000;
55214 : 001;
55215 : 000;
55216 : 000;
55217 : 000;
55218 : 000;
55219 : 000;
55220 : 000;
55221 : 000;
55222 : 000;
55223 : 000;
55224 : 000;
55225 : 000;
55226 : 000;
55227 : 000;
55228 : 100;
55229 : 000;
55230 : 000;
55231 : 000;
55232 : 111;
55233 : 000;
55234 : 000;
55235 : 000;
55236 : 001;
55237 : 100;
55238 : 000;
55239 : 000;
55240 : 000;
55241 : 000;
55242 : 010;
55243 : 001;
55244 : 000;
55245 : 000;
55246 : 100;
55247 : 010;
55248 : 000;
55249 : 000;
55250 : 000;
55251 : 000;
55252 : 000;
55253 : 000;
55254 : 000;
55255 : 000;
55256 : 010;
55257 : 001;
55258 : 000;
55259 : 000;
55260 : 000;
55261 : 000;
55262 : 000;
55263 : 000;
55264 : 000;
55265 : 000;
55266 : 000;
55267 : 000;
55268 : 000;
55269 : 000;
55270 : 000;
55271 : 000;
55272 : 100;
55273 : 000;
55274 : 000;
55275 : 010;
55276 : 000;
55277 : 100;
55278 : 000;
55279 : 000;
55280 : 000;
55281 : 000;
55282 : 000;
55283 : 000;
55284 : 000;
55285 : 000;
55286 : 010;
55287 : 000;
55288 : 000;
55289 : 000;
55290 : 000;
55291 : 000;
55292 : 000;
55293 : 000;
55294 : 000;
55295 : 000;
55296 : 100;
55297 : 000;
55298 : 000;
55299 : 000;
55300 : 000;
55301 : 000;
55302 : 100;
55303 : 000;
55304 : 100;
55305 : 010;
55306 : 100;
55307 : 001;
55308 : 000;
55309 : 000;
55310 : 000;
55311 : 000;
55312 : 101;
55313 : 000;
55314 : 010;
55315 : 000;
55316 : 000;
55317 : 000;
55318 : 000;
55319 : 000;
55320 : 000;
55321 : 000;
55322 : 000;
55323 : 000;
55324 : 000;
55325 : 000;
55326 : 000;
55327 : 000;
55328 : 000;
55329 : 000;
55330 : 000;
55331 : 000;
55332 : 000;
55333 : 000;
55334 : 000;
55335 : 000;
55336 : 000;
55337 : 000;
55338 : 000;
55339 : 000;
55340 : 000;
55341 : 000;
55342 : 000;
55343 : 000;
55344 : 100;
55345 : 000;
55346 : 000;
55347 : 000;
55348 : 010;
55349 : 001;
55350 : 000;
55351 : 000;
55352 : 000;
55353 : 000;
55354 : 000;
55355 : 000;
55356 : 000;
55357 : 000;
55358 : 000;
55359 : 000;
55360 : 010;
55361 : 101;
55362 : 000;
55363 : 110;
55364 : 101;
55365 : 000;
55366 : 111;
55367 : 000;
55368 : 111;
55369 : 000;
55370 : 110;
55371 : 101;
55372 : 110;
55373 : 111;
55374 : 100;
55375 : 110;
55376 : 000;
55377 : 000;
55378 : 000;
55379 : 000;
55380 : 000;
55381 : 000;
55382 : 000;
55383 : 000;
55384 : 000;
55385 : 000;
55386 : 000;
55387 : 000;
55388 : 010;
55389 : 000;
55390 : 000;
55391 : 000;
55392 : 000;
55393 : 000;
55394 : 000;
55395 : 000;
55396 : 000;
55397 : 010;
55398 : 000;
55399 : 000;
55400 : 100;
55401 : 000;
55402 : 000;
55403 : 000;
55404 : 000;
55405 : 000;
55406 : 000;
55407 : 000;
55408 : 000;
55409 : 110;
55410 : 000;
55411 : 000;
55412 : 011;
55413 : 000;
55414 : 100;
55415 : 011;
55416 : 000;
55417 : 000;
55418 : 010;
55419 : 000;
55420 : 111;
55421 : 000;
55422 : 000;
55423 : 000;
55424 : 010;
55425 : 001;
55426 : 110;
55427 : 000;
55428 : 000;
55429 : 010;
55430 : 101;
55431 : 000;
55432 : 011;
55433 : 000;
55434 : 000;
55435 : 000;
55436 : 100;
55437 : 001;
55438 : 100;
55439 : 000;
55440 : 000;
55441 : 001;
55442 : 000;
55443 : 000;
55444 : 000;
55445 : 001;
55446 : 000;
55447 : 000;
55448 : 010;
55449 : 000;
55450 : 000;
55451 : 000;
55452 : 000;
55453 : 010;
55454 : 000;
55455 : 000;
55456 : 000;
55457 : 000;
55458 : 000;
55459 : 000;
55460 : 000;
55461 : 001;
55462 : 000;
55463 : 110;
55464 : 000;
55465 : 110;
55466 : 000;
55467 : 000;
55468 : 000;
55469 : 000;
55470 : 010;
55471 : 000;
55472 : 000;
55473 : 000;
55474 : 000;
55475 : 010;
55476 : 000;
55477 : 000;
55478 : 000;
55479 : 000;
55480 : 000;
55481 : 000;
55482 : 000;
55483 : 000;
55484 : 000;
55485 : 000;
55486 : 100;
55487 : 000;
55488 : 000;
55489 : 000;
55490 : 000;
55491 : 000;
55492 : 000;
55493 : 000;
55494 : 000;
55495 : 000;
55496 : 000;
55497 : 000;
55498 : 000;
55499 : 000;
55500 : 010;
55501 : 000;
55502 : 000;
55503 : 000;
55504 : 000;
55505 : 000;
55506 : 000;
55507 : 000;
55508 : 000;
55509 : 000;
55510 : 000;
55511 : 000;
55512 : 000;
55513 : 000;
55514 : 001;
55515 : 000;
55516 : 000;
55517 : 010;
55518 : 100;
55519 : 111;
55520 : 100;
55521 : 111;
55522 : 000;
55523 : 110;
55524 : 101;
55525 : 010;
55526 : 101;
55527 : 110;
55528 : 000;
55529 : 111;
55530 : 100;
55531 : 011;
55532 : 100;
55533 : 010;
55534 : 100;
55535 : 000;
55536 : 110;
55537 : 001;
55538 : 000;
55539 : 000;
55540 : 000;
55541 : 000;
55542 : 000;
55543 : 000;
55544 : 000;
55545 : 000;
55546 : 001;
55547 : 000;
55548 : 000;
55549 : 000;
55550 : 000;
55551 : 001;
55552 : 000;
55553 : 000;
55554 : 000;
55555 : 000;
55556 : 000;
55557 : 000;
55558 : 000;
55559 : 000;
55560 : 100;
55561 : 000;
55562 : 100;
55563 : 000;
55564 : 000;
55565 : 010;
55566 : 100;
55567 : 101;
55568 : 000;
55569 : 000;
55570 : 000;
55571 : 100;
55572 : 000;
55573 : 000;
55574 : 000;
55575 : 001;
55576 : 000;
55577 : 100;
55578 : 000;
55579 : 100;
55580 : 000;
55581 : 000;
55582 : 000;
55583 : 000;
55584 : 100;
55585 : 000;
55586 : 000;
55587 : 000;
55588 : 000;
55589 : 000;
55590 : 100;
55591 : 000;
55592 : 000;
55593 : 011;
55594 : 000;
55595 : 000;
55596 : 000;
55597 : 000;
55598 : 011;
55599 : 000;
55600 : 100;
55601 : 011;
55602 : 000;
55603 : 000;
55604 : 000;
55605 : 000;
55606 : 000;
55607 : 000;
55608 : 000;
55609 : 000;
55610 : 100;
55611 : 000;
55612 : 000;
55613 : 100;
55614 : 000;
55615 : 000;
55616 : 000;
55617 : 101;
55618 : 000;
55619 : 000;
55620 : 100;
55621 : 000;
55622 : 000;
55623 : 000;
55624 : 000;
55625 : 000;
55626 : 000;
55627 : 000;
55628 : 000;
55629 : 000;
55630 : 111;
55631 : 000;
55632 : 000;
55633 : 000;
55634 : 000;
55635 : 000;
55636 : 000;
55637 : 010;
55638 : 000;
55639 : 000;
55640 : 000;
55641 : 000;
55642 : 000;
55643 : 000;
55644 : 000;
55645 : 000;
55646 : 010;
55647 : 000;
55648 : 000;
55649 : 000;
55650 : 000;
55651 : 000;
55652 : 000;
55653 : 000;
55654 : 000;
55655 : 000;
55656 : 000;
55657 : 000;
55658 : 000;
55659 : 000;
55660 : 000;
55661 : 000;
55662 : 000;
55663 : 000;
55664 : 000;
55665 : 000;
55666 : 000;
55667 : 001;
55668 : 000;
55669 : 000;
55670 : 000;
55671 : 000;
55672 : 000;
55673 : 000;
55674 : 001;
55675 : 000;
55676 : 000;
55677 : 000;
55678 : 000;
55679 : 000;
55680 : 100;
55681 : 010;
55682 : 101;
55683 : 010;
55684 : 100;
55685 : 010;
55686 : 100;
55687 : 000;
55688 : 100;
55689 : 011;
55690 : 100;
55691 : 111;
55692 : 111;
55693 : 110;
55694 : 101;
55695 : 000;
55696 : 000;
55697 : 000;
55698 : 000;
55699 : 000;
55700 : 000;
55701 : 000;
55702 : 110;
55703 : 000;
55704 : 000;
55705 : 000;
55706 : 100;
55707 : 000;
55708 : 000;
55709 : 000;
55710 : 100;
55711 : 000;
55712 : 000;
55713 : 111;
55714 : 000;
55715 : 000;
55716 : 000;
55717 : 101;
55718 : 000;
55719 : 000;
55720 : 001;
55721 : 000;
55722 : 000;
55723 : 000;
55724 : 111;
55725 : 000;
55726 : 000;
55727 : 010;
55728 : 000;
55729 : 001;
55730 : 000;
55731 : 100;
55732 : 000;
55733 : 100;
55734 : 011;
55735 : 000;
55736 : 000;
55737 : 100;
55738 : 011;
55739 : 100;
55740 : 000;
55741 : 000;
55742 : 100;
55743 : 001;
55744 : 100;
55745 : 000;
55746 : 000;
55747 : 000;
55748 : 101;
55749 : 000;
55750 : 000;
55751 : 000;
55752 : 000;
55753 : 100;
55754 : 000;
55755 : 001;
55756 : 010;
55757 : 000;
55758 : 000;
55759 : 000;
55760 : 000;
55761 : 000;
55762 : 000;
55763 : 000;
55764 : 000;
55765 : 000;
55766 : 000;
55767 : 000;
55768 : 000;
55769 : 001;
55770 : 100;
55771 : 000;
55772 : 000;
55773 : 000;
55774 : 001;
55775 : 000;
55776 : 000;
55777 : 000;
55778 : 010;
55779 : 101;
55780 : 000;
55781 : 010;
55782 : 000;
55783 : 000;
55784 : 000;
55785 : 000;
55786 : 000;
55787 : 000;
55788 : 000;
55789 : 100;
55790 : 000;
55791 : 000;
55792 : 000;
55793 : 000;
55794 : 100;
55795 : 001;
55796 : 000;
55797 : 000;
55798 : 000;
55799 : 000;
55800 : 000;
55801 : 000;
55802 : 000;
55803 : 001;
55804 : 000;
55805 : 000;
55806 : 000;
55807 : 000;
55808 : 000;
55809 : 000;
55810 : 010;
55811 : 000;
55812 : 000;
55813 : 000;
55814 : 000;
55815 : 000;
55816 : 000;
55817 : 000;
55818 : 000;
55819 : 100;
55820 : 000;
55821 : 000;
55822 : 000;
55823 : 000;
55824 : 000;
55825 : 000;
55826 : 000;
55827 : 000;
55828 : 000;
55829 : 100;
55830 : 000;
55831 : 000;
55832 : 001;
55833 : 000;
55834 : 000;
55835 : 000;
55836 : 000;
55837 : 000;
55838 : 000;
55839 : 110;
55840 : 000;
55841 : 100;
55842 : 011;
55843 : 100;
55844 : 000;
55845 : 110;
55846 : 000;
55847 : 101;
55848 : 010;
55849 : 100;
55850 : 000;
55851 : 110;
55852 : 001;
55853 : 100;
55854 : 010;
55855 : 001;
55856 : 100;
55857 : 000;
55858 : 000;
55859 : 000;
55860 : 000;
55861 : 000;
55862 : 000;
55863 : 000;
55864 : 000;
55865 : 000;
55866 : 000;
55867 : 000;
55868 : 000;
55869 : 000;
55870 : 000;
55871 : 110;
55872 : 000;
55873 : 000;
55874 : 000;
55875 : 000;
55876 : 110;
55877 : 000;
55878 : 000;
55879 : 000;
55880 : 011;
55881 : 000;
55882 : 000;
55883 : 000;
55884 : 100;
55885 : 000;
55886 : 000;
55887 : 110;
55888 : 000;
55889 : 000;
55890 : 000;
55891 : 010;
55892 : 000;
55893 : 000;
55894 : 000;
55895 : 100;
55896 : 000;
55897 : 000;
55898 : 110;
55899 : 000;
55900 : 110;
55901 : 000;
55902 : 001;
55903 : 000;
55904 : 000;
55905 : 000;
55906 : 001;
55907 : 000;
55908 : 000;
55909 : 000;
55910 : 000;
55911 : 000;
55912 : 000;
55913 : 000;
55914 : 000;
55915 : 000;
55916 : 000;
55917 : 000;
55918 : 000;
55919 : 000;
55920 : 000;
55921 : 000;
55922 : 000;
55923 : 000;
55924 : 000;
55925 : 100;
55926 : 000;
55927 : 000;
55928 : 000;
55929 : 000;
55930 : 000;
55931 : 010;
55932 : 001;
55933 : 000;
55934 : 000;
55935 : 101;
55936 : 000;
55937 : 000;
55938 : 100;
55939 : 000;
55940 : 000;
55941 : 001;
55942 : 000;
55943 : 000;
55944 : 000;
55945 : 000;
55946 : 000;
55947 : 000;
55948 : 000;
55949 : 000;
55950 : 000;
55951 : 000;
55952 : 000;
55953 : 000;
55954 : 000;
55955 : 000;
55956 : 100;
55957 : 001;
55958 : 000;
55959 : 000;
55960 : 110;
55961 : 000;
55962 : 001;
55963 : 000;
55964 : 010;
55965 : 000;
55966 : 000;
55967 : 000;
55968 : 000;
55969 : 000;
55970 : 000;
55971 : 000;
55972 : 100;
55973 : 000;
55974 : 000;
55975 : 000;
55976 : 001;
55977 : 000;
55978 : 000;
55979 : 000;
55980 : 000;
55981 : 000;
55982 : 000;
55983 : 000;
55984 : 000;
55985 : 001;
55986 : 000;
55987 : 000;
55988 : 000;
55989 : 000;
55990 : 000;
55991 : 000;
55992 : 000;
55993 : 000;
55994 : 010;
55995 : 000;
55996 : 000;
55997 : 000;
55998 : 000;
55999 : 000;
56000 : 100;
56001 : 011;
56002 : 100;
56003 : 100;
56004 : 011;
56005 : 100;
56006 : 011;
56007 : 100;
56008 : 011;
56009 : 100;
56010 : 110;
56011 : 111;
56012 : 110;
56013 : 111;
56014 : 110;
56015 : 101;
56016 : 000;
56017 : 000;
56018 : 000;
56019 : 100;
56020 : 000;
56021 : 000;
56022 : 000;
56023 : 001;
56024 : 100;
56025 : 000;
56026 : 000;
56027 : 000;
56028 : 000;
56029 : 000;
56030 : 000;
56031 : 001;
56032 : 000;
56033 : 000;
56034 : 000;
56035 : 100;
56036 : 011;
56037 : 000;
56038 : 000;
56039 : 100;
56040 : 010;
56041 : 000;
56042 : 111;
56043 : 000;
56044 : 000;
56045 : 000;
56046 : 111;
56047 : 000;
56048 : 100;
56049 : 000;
56050 : 010;
56051 : 101;
56052 : 010;
56053 : 000;
56054 : 000;
56055 : 000;
56056 : 000;
56057 : 000;
56058 : 000;
56059 : 000;
56060 : 000;
56061 : 000;
56062 : 010;
56063 : 000;
56064 : 000;
56065 : 000;
56066 : 000;
56067 : 000;
56068 : 000;
56069 : 000;
56070 : 000;
56071 : 000;
56072 : 000;
56073 : 000;
56074 : 000;
56075 : 000;
56076 : 000;
56077 : 000;
56078 : 000;
56079 : 000;
56080 : 000;
56081 : 010;
56082 : 000;
56083 : 000;
56084 : 100;
56085 : 010;
56086 : 000;
56087 : 100;
56088 : 000;
56089 : 000;
56090 : 000;
56091 : 000;
56092 : 000;
56093 : 000;
56094 : 000;
56095 : 000;
56096 : 000;
56097 : 000;
56098 : 000;
56099 : 000;
56100 : 000;
56101 : 000;
56102 : 000;
56103 : 000;
56104 : 000;
56105 : 000;
56106 : 101;
56107 : 000;
56108 : 000;
56109 : 000;
56110 : 001;
56111 : 000;
56112 : 000;
56113 : 000;
56114 : 000;
56115 : 000;
56116 : 000;
56117 : 000;
56118 : 000;
56119 : 000;
56120 : 101;
56121 : 000;
56122 : 000;
56123 : 010;
56124 : 000;
56125 : 000;
56126 : 000;
56127 : 000;
56128 : 010;
56129 : 000;
56130 : 000;
56131 : 000;
56132 : 000;
56133 : 000;
56134 : 000;
56135 : 000;
56136 : 000;
56137 : 100;
56138 : 001;
56139 : 000;
56140 : 000;
56141 : 000;
56142 : 001;
56143 : 000;
56144 : 000;
56145 : 000;
56146 : 100;
56147 : 000;
56148 : 000;
56149 : 000;
56150 : 000;
56151 : 000;
56152 : 000;
56153 : 000;
56154 : 010;
56155 : 000;
56156 : 000;
56157 : 000;
56158 : 100;
56159 : 001;
56160 : 110;
56161 : 000;
56162 : 000;
56163 : 110;
56164 : 001;
56165 : 100;
56166 : 010;
56167 : 100;
56168 : 001;
56169 : 110;
56170 : 001;
56171 : 100;
56172 : 010;
56173 : 100;
56174 : 001;
56175 : 110;
56176 : 000;
56177 : 110;
56178 : 000;
56179 : 000;
56180 : 000;
56181 : 000;
56182 : 000;
56183 : 000;
56184 : 000;
56185 : 000;
56186 : 000;
56187 : 100;
56188 : 000;
56189 : 000;
56190 : 000;
56191 : 001;
56192 : 010;
56193 : 000;
56194 : 101;
56195 : 000;
56196 : 000;
56197 : 000;
56198 : 001;
56199 : 000;
56200 : 100;
56201 : 000;
56202 : 110;
56203 : 000;
56204 : 000;
56205 : 000;
56206 : 111;
56207 : 000;
56208 : 000;
56209 : 100;
56210 : 000;
56211 : 000;
56212 : 000;
56213 : 000;
56214 : 000;
56215 : 000;
56216 : 010;
56217 : 000;
56218 : 000;
56219 : 100;
56220 : 000;
56221 : 000;
56222 : 000;
56223 : 000;
56224 : 000;
56225 : 010;
56226 : 000;
56227 : 000;
56228 : 000;
56229 : 000;
56230 : 000;
56231 : 000;
56232 : 000;
56233 : 000;
56234 : 000;
56235 : 000;
56236 : 000;
56237 : 000;
56238 : 000;
56239 : 000;
56240 : 000;
56241 : 100;
56242 : 000;
56243 : 000;
56244 : 000;
56245 : 001;
56246 : 010;
56247 : 100;
56248 : 001;
56249 : 110;
56250 : 000;
56251 : 000;
56252 : 100;
56253 : 000;
56254 : 100;
56255 : 010;
56256 : 000;
56257 : 000;
56258 : 010;
56259 : 000;
56260 : 000;
56261 : 010;
56262 : 000;
56263 : 000;
56264 : 100;
56265 : 001;
56266 : 000;
56267 : 000;
56268 : 001;
56269 : 110;
56270 : 000;
56271 : 000;
56272 : 000;
56273 : 010;
56274 : 001;
56275 : 000;
56276 : 000;
56277 : 000;
56278 : 110;
56279 : 001;
56280 : 000;
56281 : 000;
56282 : 110;
56283 : 000;
56284 : 101;
56285 : 000;
56286 : 000;
56287 : 101;
56288 : 000;
56289 : 000;
56290 : 111;
56291 : 000;
56292 : 000;
56293 : 000;
56294 : 011;
56295 : 000;
56296 : 000;
56297 : 000;
56298 : 100;
56299 : 000;
56300 : 001;
56301 : 000;
56302 : 000;
56303 : 001;
56304 : 000;
56305 : 010;
56306 : 000;
56307 : 000;
56308 : 000;
56309 : 100;
56310 : 000;
56311 : 010;
56312 : 100;
56313 : 000;
56314 : 000;
56315 : 100;
56316 : 000;
56317 : 000;
56318 : 110;
56319 : 000;
56320 : 000;
56321 : 100;
56322 : 010;
56323 : 101;
56324 : 000;
56325 : 100;
56326 : 000;
56327 : 110;
56328 : 100;
56329 : 011;
56330 : 100;
56331 : 111;
56332 : 110;
56333 : 101;
56334 : 110;
56335 : 000;
56336 : 000;
56337 : 000;
56338 : 010;
56339 : 000;
56340 : 000;
56341 : 000;
56342 : 000;
56343 : 110;
56344 : 000;
56345 : 000;
56346 : 000;
56347 : 000;
56348 : 000;
56349 : 000;
56350 : 000;
56351 : 110;
56352 : 000;
56353 : 000;
56354 : 000;
56355 : 010;
56356 : 000;
56357 : 100;
56358 : 011;
56359 : 000;
56360 : 000;
56361 : 000;
56362 : 000;
56363 : 000;
56364 : 111;
56365 : 000;
56366 : 000;
56367 : 000;
56368 : 000;
56369 : 001;
56370 : 000;
56371 : 000;
56372 : 000;
56373 : 000;
56374 : 000;
56375 : 000;
56376 : 000;
56377 : 000;
56378 : 000;
56379 : 000;
56380 : 000;
56381 : 000;
56382 : 000;
56383 : 000;
56384 : 000;
56385 : 000;
56386 : 000;
56387 : 010;
56388 : 000;
56389 : 000;
56390 : 000;
56391 : 000;
56392 : 010;
56393 : 000;
56394 : 000;
56395 : 000;
56396 : 000;
56397 : 000;
56398 : 000;
56399 : 000;
56400 : 000;
56401 : 000;
56402 : 000;
56403 : 000;
56404 : 000;
56405 : 000;
56406 : 000;
56407 : 000;
56408 : 000;
56409 : 000;
56410 : 000;
56411 : 000;
56412 : 000;
56413 : 000;
56414 : 000;
56415 : 100;
56416 : 000;
56417 : 000;
56418 : 000;
56419 : 000;
56420 : 000;
56421 : 100;
56422 : 000;
56423 : 000;
56424 : 101;
56425 : 010;
56426 : 000;
56427 : 111;
56428 : 000;
56429 : 000;
56430 : 000;
56431 : 000;
56432 : 000;
56433 : 000;
56434 : 000;
56435 : 000;
56436 : 000;
56437 : 000;
56438 : 000;
56439 : 000;
56440 : 000;
56441 : 000;
56442 : 000;
56443 : 000;
56444 : 000;
56445 : 000;
56446 : 000;
56447 : 000;
56448 : 000;
56449 : 000;
56450 : 000;
56451 : 000;
56452 : 000;
56453 : 000;
56454 : 000;
56455 : 101;
56456 : 000;
56457 : 000;
56458 : 000;
56459 : 000;
56460 : 000;
56461 : 000;
56462 : 000;
56463 : 000;
56464 : 000;
56465 : 000;
56466 : 000;
56467 : 000;
56468 : 000;
56469 : 001;
56470 : 000;
56471 : 000;
56472 : 010;
56473 : 000;
56474 : 000;
56475 : 100;
56476 : 000;
56477 : 000;
56478 : 010;
56479 : 000;
56480 : 000;
56481 : 001;
56482 : 100;
56483 : 000;
56484 : 010;
56485 : 001;
56486 : 000;
56487 : 000;
56488 : 110;
56489 : 000;
56490 : 110;
56491 : 001;
56492 : 100;
56493 : 010;
56494 : 100;
56495 : 000;
56496 : 111;
56497 : 000;
56498 : 000;
56499 : 000;
56500 : 000;
56501 : 000;
56502 : 000;
56503 : 000;
56504 : 000;
56505 : 000;
56506 : 000;
56507 : 010;
56508 : 000;
56509 : 000;
56510 : 000;
56511 : 100;
56512 : 001;
56513 : 000;
56514 : 000;
56515 : 000;
56516 : 000;
56517 : 000;
56518 : 100;
56519 : 000;
56520 : 010;
56521 : 000;
56522 : 000;
56523 : 000;
56524 : 001;
56525 : 000;
56526 : 000;
56527 : 100;
56528 : 010;
56529 : 000;
56530 : 000;
56531 : 000;
56532 : 000;
56533 : 000;
56534 : 000;
56535 : 000;
56536 : 000;
56537 : 101;
56538 : 010;
56539 : 101;
56540 : 011;
56541 : 100;
56542 : 111;
56543 : 000;
56544 : 111;
56545 : 000;
56546 : 100;
56547 : 010;
56548 : 101;
56549 : 110;
56550 : 001;
56551 : 110;
56552 : 001;
56553 : 000;
56554 : 100;
56555 : 011;
56556 : 100;
56557 : 000;
56558 : 111;
56559 : 000;
56560 : 000;
56561 : 011;
56562 : 000;
56563 : 100;
56564 : 010;
56565 : 000;
56566 : 000;
56567 : 000;
56568 : 000;
56569 : 000;
56570 : 000;
56571 : 100;
56572 : 000;
56573 : 000;
56574 : 000;
56575 : 000;
56576 : 000;
56577 : 000;
56578 : 000;
56579 : 000;
56580 : 000;
56581 : 100;
56582 : 000;
56583 : 100;
56584 : 000;
56585 : 000;
56586 : 000;
56587 : 110;
56588 : 000;
56589 : 000;
56590 : 000;
56591 : 000;
56592 : 000;
56593 : 100;
56594 : 000;
56595 : 000;
56596 : 000;
56597 : 000;
56598 : 000;
56599 : 000;
56600 : 000;
56601 : 001;
56602 : 000;
56603 : 000;
56604 : 010;
56605 : 101;
56606 : 000;
56607 : 010;
56608 : 101;
56609 : 010;
56610 : 000;
56611 : 000;
56612 : 011;
56613 : 100;
56614 : 000;
56615 : 100;
56616 : 010;
56617 : 001;
56618 : 000;
56619 : 000;
56620 : 010;
56621 : 000;
56622 : 000;
56623 : 100;
56624 : 000;
56625 : 000;
56626 : 000;
56627 : 000;
56628 : 000;
56629 : 000;
56630 : 000;
56631 : 000;
56632 : 001;
56633 : 000;
56634 : 000;
56635 : 000;
56636 : 000;
56637 : 001;
56638 : 000;
56639 : 000;
56640 : 110;
56641 : 001;
56642 : 110;
56643 : 000;
56644 : 110;
56645 : 001;
56646 : 110;
56647 : 001;
56648 : 100;
56649 : 110;
56650 : 111;
56651 : 100;
56652 : 111;
56653 : 110;
56654 : 101;
56655 : 010;
56656 : 000;
56657 : 000;
56658 : 000;
56659 : 001;
56660 : 000;
56661 : 000;
56662 : 000;
56663 : 000;
56664 : 000;
56665 : 000;
56666 : 000;
56667 : 000;
56668 : 000;
56669 : 000;
56670 : 000;
56671 : 000;
56672 : 001;
56673 : 110;
56674 : 000;
56675 : 001;
56676 : 000;
56677 : 000;
56678 : 000;
56679 : 000;
56680 : 000;
56681 : 000;
56682 : 000;
56683 : 100;
56684 : 000;
56685 : 000;
56686 : 000;
56687 : 000;
56688 : 000;
56689 : 000;
56690 : 000;
56691 : 000;
56692 : 000;
56693 : 000;
56694 : 000;
56695 : 000;
56696 : 000;
56697 : 100;
56698 : 000;
56699 : 001;
56700 : 000;
56701 : 000;
56702 : 000;
56703 : 000;
56704 : 000;
56705 : 000;
56706 : 000;
56707 : 000;
56708 : 000;
56709 : 000;
56710 : 000;
56711 : 000;
56712 : 000;
56713 : 000;
56714 : 000;
56715 : 000;
56716 : 000;
56717 : 000;
56718 : 000;
56719 : 100;
56720 : 000;
56721 : 001;
56722 : 100;
56723 : 000;
56724 : 000;
56725 : 001;
56726 : 000;
56727 : 000;
56728 : 000;
56729 : 000;
56730 : 010;
56731 : 000;
56732 : 001;
56733 : 110;
56734 : 000;
56735 : 000;
56736 : 011;
56737 : 100;
56738 : 000;
56739 : 101;
56740 : 010;
56741 : 000;
56742 : 000;
56743 : 010;
56744 : 000;
56745 : 000;
56746 : 000;
56747 : 100;
56748 : 000;
56749 : 000;
56750 : 000;
56751 : 000;
56752 : 000;
56753 : 000;
56754 : 000;
56755 : 000;
56756 : 000;
56757 : 000;
56758 : 000;
56759 : 000;
56760 : 010;
56761 : 000;
56762 : 000;
56763 : 000;
56764 : 000;
56765 : 000;
56766 : 000;
56767 : 000;
56768 : 000;
56769 : 001;
56770 : 000;
56771 : 000;
56772 : 000;
56773 : 101;
56774 : 000;
56775 : 000;
56776 : 000;
56777 : 000;
56778 : 000;
56779 : 000;
56780 : 000;
56781 : 000;
56782 : 000;
56783 : 000;
56784 : 000;
56785 : 010;
56786 : 000;
56787 : 000;
56788 : 000;
56789 : 000;
56790 : 000;
56791 : 000;
56792 : 000;
56793 : 000;
56794 : 000;
56795 : 000;
56796 : 000;
56797 : 000;
56798 : 001;
56799 : 100;
56800 : 000;
56801 : 110;
56802 : 000;
56803 : 011;
56804 : 100;
56805 : 100;
56806 : 111;
56807 : 100;
56808 : 011;
56809 : 100;
56810 : 001;
56811 : 110;
56812 : 000;
56813 : 111;
56814 : 100;
56815 : 011;
56816 : 100;
56817 : 000;
56818 : 000;
56819 : 000;
56820 : 000;
56821 : 000;
56822 : 000;
56823 : 000;
56824 : 000;
56825 : 000;
56826 : 000;
56827 : 000;
56828 : 000;
56829 : 000;
56830 : 000;
56831 : 011;
56832 : 000;
56833 : 000;
56834 : 010;
56835 : 000;
56836 : 100;
56837 : 010;
56838 : 000;
56839 : 000;
56840 : 000;
56841 : 100;
56842 : 001;
56843 : 000;
56844 : 100;
56845 : 010;
56846 : 100;
56847 : 000;
56848 : 000;
56849 : 000;
56850 : 000;
56851 : 001;
56852 : 100;
56853 : 000;
56854 : 000;
56855 : 000;
56856 : 000;
56857 : 110;
56858 : 101;
56859 : 110;
56860 : 111;
56861 : 010;
56862 : 101;
56863 : 111;
56864 : 110;
56865 : 101;
56866 : 111;
56867 : 101;
56868 : 010;
56869 : 111;
56870 : 100;
56871 : 011;
56872 : 110;
56873 : 111;
56874 : 011;
56875 : 100;
56876 : 011;
56877 : 111;
56878 : 000;
56879 : 111;
56880 : 100;
56881 : 111;
56882 : 000;
56883 : 111;
56884 : 101;
56885 : 111;
56886 : 101;
56887 : 111;
56888 : 110;
56889 : 101;
56890 : 111;
56891 : 001;
56892 : 110;
56893 : 111;
56894 : 101;
56895 : 110;
56896 : 001;
56897 : 110;
56898 : 001;
56899 : 110;
56900 : 101;
56901 : 000;
56902 : 011;
56903 : 000;
56904 : 011;
56905 : 100;
56906 : 000;
56907 : 000;
56908 : 000;
56909 : 000;
56910 : 000;
56911 : 001;
56912 : 000;
56913 : 000;
56914 : 000;
56915 : 000;
56916 : 000;
56917 : 000;
56918 : 000;
56919 : 000;
56920 : 110;
56921 : 000;
56922 : 000;
56923 : 101;
56924 : 000;
56925 : 000;
56926 : 000;
56927 : 000;
56928 : 000;
56929 : 000;
56930 : 000;
56931 : 101;
56932 : 000;
56933 : 000;
56934 : 011;
56935 : 000;
56936 : 101;
56937 : 010;
56938 : 000;
56939 : 000;
56940 : 000;
56941 : 000;
56942 : 000;
56943 : 000;
56944 : 000;
56945 : 000;
56946 : 000;
56947 : 000;
56948 : 000;
56949 : 000;
56950 : 000;
56951 : 000;
56952 : 000;
56953 : 000;
56954 : 000;
56955 : 000;
56956 : 000;
56957 : 000;
56958 : 000;
56959 : 000;
56960 : 100;
56961 : 000;
56962 : 101;
56963 : 010;
56964 : 100;
56965 : 000;
56966 : 100;
56967 : 010;
56968 : 000;
56969 : 100;
56970 : 111;
56971 : 110;
56972 : 111;
56973 : 110;
56974 : 100;
56975 : 001;
56976 : 000;
56977 : 000;
56978 : 000;
56979 : 000;
56980 : 000;
56981 : 000;
56982 : 100;
56983 : 011;
56984 : 000;
56985 : 000;
56986 : 000;
56987 : 000;
56988 : 001;
56989 : 000;
56990 : 000;
56991 : 000;
56992 : 000;
56993 : 000;
56994 : 000;
56995 : 000;
56996 : 000;
56997 : 000;
56998 : 000;
56999 : 000;
57000 : 000;
57001 : 000;
57002 : 000;
57003 : 000;
57004 : 000;
57005 : 000;
57006 : 000;
57007 : 000;
57008 : 000;
57009 : 000;
57010 : 000;
57011 : 000;
57012 : 000;
57013 : 000;
57014 : 000;
57015 : 001;
57016 : 000;
57017 : 000;
57018 : 000;
57019 : 000;
57020 : 000;
57021 : 000;
57022 : 000;
57023 : 000;
57024 : 000;
57025 : 001;
57026 : 000;
57027 : 000;
57028 : 000;
57029 : 100;
57030 : 001;
57031 : 000;
57032 : 100;
57033 : 001;
57034 : 100;
57035 : 010;
57036 : 101;
57037 : 000;
57038 : 010;
57039 : 001;
57040 : 000;
57041 : 010;
57042 : 000;
57043 : 000;
57044 : 000;
57045 : 010;
57046 : 000;
57047 : 000;
57048 : 001;
57049 : 000;
57050 : 100;
57051 : 000;
57052 : 000;
57053 : 000;
57054 : 000;
57055 : 000;
57056 : 000;
57057 : 000;
57058 : 000;
57059 : 000;
57060 : 000;
57061 : 000;
57062 : 000;
57063 : 000;
57064 : 100;
57065 : 000;
57066 : 000;
57067 : 010;
57068 : 000;
57069 : 000;
57070 : 000;
57071 : 000;
57072 : 000;
57073 : 000;
57074 : 000;
57075 : 000;
57076 : 000;
57077 : 000;
57078 : 000;
57079 : 000;
57080 : 000;
57081 : 000;
57082 : 000;
57083 : 000;
57084 : 000;
57085 : 100;
57086 : 000;
57087 : 000;
57088 : 000;
57089 : 000;
57090 : 000;
57091 : 000;
57092 : 000;
57093 : 000;
57094 : 000;
57095 : 000;
57096 : 000;
57097 : 010;
57098 : 000;
57099 : 000;
57100 : 000;
57101 : 000;
57102 : 000;
57103 : 010;
57104 : 000;
57105 : 000;
57106 : 000;
57107 : 000;
57108 : 000;
57109 : 000;
57110 : 000;
57111 : 000;
57112 : 000;
57113 : 100;
57114 : 000;
57115 : 000;
57116 : 000;
57117 : 000;
57118 : 000;
57119 : 110;
57120 : 000;
57121 : 111;
57122 : 000;
57123 : 100;
57124 : 111;
57125 : 000;
57126 : 110;
57127 : 001;
57128 : 110;
57129 : 100;
57130 : 010;
57131 : 101;
57132 : 110;
57133 : 000;
57134 : 000;
57135 : 000;
57136 : 000;
57137 : 000;
57138 : 000;
57139 : 000;
57140 : 000;
57141 : 000;
57142 : 000;
57143 : 000;
57144 : 000;
57145 : 000;
57146 : 000;
57147 : 101;
57148 : 000;
57149 : 000;
57150 : 000;
57151 : 100;
57152 : 010;
57153 : 100;
57154 : 000;
57155 : 000;
57156 : 001;
57157 : 000;
57158 : 101;
57159 : 010;
57160 : 101;
57161 : 010;
57162 : 100;
57163 : 000;
57164 : 010;
57165 : 000;
57166 : 101;
57167 : 110;
57168 : 001;
57169 : 110;
57170 : 000;
57171 : 000;
57172 : 000;
57173 : 000;
57174 : 000;
57175 : 000;
57176 : 000;
57177 : 001;
57178 : 111;
57179 : 010;
57180 : 101;
57181 : 111;
57182 : 110;
57183 : 001;
57184 : 110;
57185 : 011;
57186 : 110;
57187 : 111;
57188 : 101;
57189 : 010;
57190 : 111;
57191 : 101;
57192 : 110;
57193 : 001;
57194 : 110;
57195 : 101;
57196 : 110;
57197 : 101;
57198 : 110;
57199 : 111;
57200 : 001;
57201 : 110;
57202 : 111;
57203 : 110;
57204 : 001;
57205 : 110;
57206 : 010;
57207 : 101;
57208 : 011;
57209 : 110;
57210 : 111;
57211 : 110;
57212 : 101;
57213 : 011;
57214 : 110;
57215 : 001;
57216 : 111;
57217 : 111;
57218 : 101;
57219 : 010;
57220 : 101;
57221 : 111;
57222 : 110;
57223 : 101;
57224 : 111;
57225 : 111;
57226 : 111;
57227 : 000;
57228 : 000;
57229 : 000;
57230 : 000;
57231 : 000;
57232 : 000;
57233 : 000;
57234 : 000;
57235 : 000;
57236 : 000;
57237 : 000;
57238 : 000;
57239 : 000;
57240 : 000;
57241 : 000;
57242 : 000;
57243 : 000;
57244 : 000;
57245 : 000;
57246 : 000;
57247 : 000;
57248 : 000;
57249 : 000;
57250 : 000;
57251 : 000;
57252 : 000;
57253 : 000;
57254 : 000;
57255 : 000;
57256 : 000;
57257 : 000;
57258 : 000;
57259 : 000;
57260 : 000;
57261 : 000;
57262 : 000;
57263 : 000;
57264 : 000;
57265 : 000;
57266 : 000;
57267 : 000;
57268 : 000;
57269 : 000;
57270 : 000;
57271 : 000;
57272 : 000;
57273 : 000;
57274 : 000;
57275 : 000;
57276 : 000;
57277 : 000;
57278 : 000;
57279 : 000;
57280 : 010;
57281 : 100;
57282 : 010;
57283 : 100;
57284 : 001;
57285 : 110;
57286 : 000;
57287 : 101;
57288 : 110;
57289 : 001;
57290 : 110;
57291 : 111;
57292 : 100;
57293 : 111;
57294 : 110;
57295 : 000;
57296 : 100;
57297 : 000;
57298 : 000;
57299 : 000;
57300 : 000;
57301 : 000;
57302 : 000;
57303 : 100;
57304 : 000;
57305 : 000;
57306 : 000;
57307 : 000;
57308 : 010;
57309 : 000;
57310 : 000;
57311 : 000;
57312 : 000;
57313 : 000;
57314 : 000;
57315 : 000;
57316 : 000;
57317 : 000;
57318 : 000;
57319 : 000;
57320 : 000;
57321 : 000;
57322 : 001;
57323 : 000;
57324 : 000;
57325 : 000;
57326 : 000;
57327 : 000;
57328 : 000;
57329 : 000;
57330 : 000;
57331 : 000;
57332 : 000;
57333 : 000;
57334 : 000;
57335 : 000;
57336 : 000;
57337 : 000;
57338 : 000;
57339 : 000;
57340 : 000;
57341 : 000;
57342 : 100;
57343 : 011;
57344 : 100;
57345 : 000;
57346 : 110;
57347 : 000;
57348 : 001;
57349 : 010;
57350 : 000;
57351 : 000;
57352 : 010;
57353 : 000;
57354 : 000;
57355 : 000;
57356 : 000;
57357 : 000;
57358 : 000;
57359 : 000;
57360 : 000;
57361 : 000;
57362 : 000;
57363 : 000;
57364 : 000;
57365 : 100;
57366 : 000;
57367 : 000;
57368 : 100;
57369 : 000;
57370 : 000;
57371 : 000;
57372 : 000;
57373 : 000;
57374 : 000;
57375 : 100;
57376 : 000;
57377 : 000;
57378 : 010;
57379 : 000;
57380 : 000;
57381 : 000;
57382 : 101;
57383 : 000;
57384 : 000;
57385 : 001;
57386 : 000;
57387 : 100;
57388 : 000;
57389 : 000;
57390 : 000;
57391 : 000;
57392 : 000;
57393 : 000;
57394 : 000;
57395 : 000;
57396 : 000;
57397 : 001;
57398 : 000;
57399 : 000;
57400 : 000;
57401 : 000;
57402 : 000;
57403 : 000;
57404 : 000;
57405 : 000;
57406 : 000;
57407 : 000;
57408 : 000;
57409 : 000;
57410 : 000;
57411 : 000;
57412 : 000;
57413 : 000;
57414 : 000;
57415 : 000;
57416 : 000;
57417 : 000;
57418 : 000;
57419 : 000;
57420 : 000;
57421 : 000;
57422 : 000;
57423 : 000;
57424 : 000;
57425 : 000;
57426 : 001;
57427 : 000;
57428 : 000;
57429 : 000;
57430 : 000;
57431 : 000;
57432 : 000;
57433 : 000;
57434 : 000;
57435 : 000;
57436 : 000;
57437 : 000;
57438 : 000;
57439 : 000;
57440 : 101;
57441 : 110;
57442 : 101;
57443 : 010;
57444 : 100;
57445 : 011;
57446 : 100;
57447 : 110;
57448 : 000;
57449 : 001;
57450 : 000;
57451 : 000;
57452 : 000;
57453 : 000;
57454 : 001;
57455 : 100;
57456 : 010;
57457 : 100;
57458 : 000;
57459 : 000;
57460 : 000;
57461 : 000;
57462 : 000;
57463 : 000;
57464 : 000;
57465 : 000;
57466 : 000;
57467 : 000;
57468 : 000;
57469 : 000;
57470 : 000;
57471 : 001;
57472 : 000;
57473 : 000;
57474 : 001;
57475 : 000;
57476 : 000;
57477 : 000;
57478 : 110;
57479 : 000;
57480 : 000;
57481 : 101;
57482 : 010;
57483 : 000;
57484 : 101;
57485 : 110;
57486 : 000;
57487 : 111;
57488 : 000;
57489 : 000;
57490 : 000;
57491 : 000;
57492 : 000;
57493 : 000;
57494 : 000;
57495 : 100;
57496 : 000;
57497 : 110;
57498 : 111;
57499 : 101;
57500 : 110;
57501 : 111;
57502 : 101;
57503 : 110;
57504 : 111;
57505 : 101;
57506 : 111;
57507 : 000;
57508 : 111;
57509 : 111;
57510 : 100;
57511 : 111;
57512 : 111;
57513 : 100;
57514 : 111;
57515 : 111;
57516 : 011;
57517 : 110;
57518 : 101;
57519 : 110;
57520 : 111;
57521 : 111;
57522 : 101;
57523 : 111;
57524 : 110;
57525 : 101;
57526 : 111;
57527 : 010;
57528 : 101;
57529 : 000;
57530 : 000;
57531 : 001;
57532 : 000;
57533 : 000;
57534 : 001;
57535 : 110;
57536 : 000;
57537 : 111;
57538 : 000;
57539 : 111;
57540 : 000;
57541 : 011;
57542 : 100;
57543 : 011;
57544 : 100;
57545 : 010;
57546 : 000;
57547 : 000;
57548 : 001;
57549 : 000;
57550 : 100;
57551 : 010;
57552 : 000;
57553 : 100;
57554 : 011;
57555 : 000;
57556 : 000;
57557 : 000;
57558 : 011;
57559 : 000;
57560 : 000;
57561 : 000;
57562 : 000;
57563 : 000;
57564 : 000;
57565 : 000;
57566 : 000;
57567 : 000;
57568 : 000;
57569 : 000;
57570 : 000;
57571 : 000;
57572 : 000;
57573 : 000;
57574 : 000;
57575 : 000;
57576 : 000;
57577 : 000;
57578 : 000;
57579 : 000;
57580 : 100;
57581 : 000;
57582 : 000;
57583 : 000;
57584 : 000;
57585 : 000;
57586 : 000;
57587 : 100;
57588 : 000;
57589 : 011;
57590 : 000;
57591 : 000;
57592 : 000;
57593 : 000;
57594 : 000;
57595 : 000;
57596 : 010;
57597 : 000;
57598 : 000;
57599 : 000;
57600 : 100;
57601 : 011;
57602 : 100;
57603 : 000;
57604 : 110;
57605 : 001;
57606 : 100;
57607 : 010;
57608 : 100;
57609 : 110;
57610 : 101;
57611 : 110;
57612 : 111;
57613 : 100;
57614 : 111;
57615 : 000;
57616 : 000;
57617 : 000;
57618 : 000;
57619 : 000;
57620 : 100;
57621 : 010;
57622 : 000;
57623 : 000;
57624 : 000;
57625 : 000;
57626 : 000;
57627 : 000;
57628 : 000;
57629 : 100;
57630 : 000;
57631 : 000;
57632 : 000;
57633 : 000;
57634 : 000;
57635 : 000;
57636 : 000;
57637 : 000;
57638 : 000;
57639 : 000;
57640 : 000;
57641 : 000;
57642 : 000;
57643 : 000;
57644 : 000;
57645 : 000;
57646 : 000;
57647 : 000;
57648 : 000;
57649 : 000;
57650 : 000;
57651 : 000;
57652 : 000;
57653 : 000;
57654 : 100;
57655 : 000;
57656 : 000;
57657 : 010;
57658 : 000;
57659 : 000;
57660 : 110;
57661 : 000;
57662 : 000;
57663 : 000;
57664 : 000;
57665 : 000;
57666 : 000;
57667 : 000;
57668 : 000;
57669 : 000;
57670 : 000;
57671 : 000;
57672 : 000;
57673 : 000;
57674 : 000;
57675 : 000;
57676 : 000;
57677 : 000;
57678 : 000;
57679 : 100;
57680 : 000;
57681 : 000;
57682 : 000;
57683 : 100;
57684 : 001;
57685 : 000;
57686 : 000;
57687 : 000;
57688 : 000;
57689 : 010;
57690 : 000;
57691 : 000;
57692 : 001;
57693 : 000;
57694 : 010;
57695 : 001;
57696 : 000;
57697 : 000;
57698 : 101;
57699 : 000;
57700 : 100;
57701 : 000;
57702 : 000;
57703 : 010;
57704 : 000;
57705 : 000;
57706 : 000;
57707 : 111;
57708 : 000;
57709 : 000;
57710 : 000;
57711 : 000;
57712 : 000;
57713 : 000;
57714 : 000;
57715 : 000;
57716 : 010;
57717 : 000;
57718 : 100;
57719 : 000;
57720 : 000;
57721 : 000;
57722 : 000;
57723 : 000;
57724 : 000;
57725 : 000;
57726 : 001;
57727 : 000;
57728 : 000;
57729 : 000;
57730 : 000;
57731 : 000;
57732 : 000;
57733 : 000;
57734 : 000;
57735 : 000;
57736 : 000;
57737 : 000;
57738 : 000;
57739 : 000;
57740 : 000;
57741 : 000;
57742 : 000;
57743 : 000;
57744 : 000;
57745 : 000;
57746 : 000;
57747 : 000;
57748 : 000;
57749 : 000;
57750 : 000;
57751 : 000;
57752 : 000;
57753 : 000;
57754 : 000;
57755 : 000;
57756 : 000;
57757 : 000;
57758 : 000;
57759 : 000;
57760 : 010;
57761 : 000;
57762 : 110;
57763 : 001;
57764 : 100;
57765 : 000;
57766 : 000;
57767 : 000;
57768 : 000;
57769 : 100;
57770 : 010;
57771 : 000;
57772 : 000;
57773 : 000;
57774 : 000;
57775 : 000;
57776 : 000;
57777 : 000;
57778 : 000;
57779 : 000;
57780 : 000;
57781 : 000;
57782 : 000;
57783 : 000;
57784 : 000;
57785 : 000;
57786 : 000;
57787 : 010;
57788 : 000;
57789 : 000;
57790 : 000;
57791 : 110;
57792 : 111;
57793 : 000;
57794 : 000;
57795 : 100;
57796 : 010;
57797 : 000;
57798 : 001;
57799 : 000;
57800 : 110;
57801 : 000;
57802 : 100;
57803 : 010;
57804 : 000;
57805 : 000;
57806 : 100;
57807 : 000;
57808 : 100;
57809 : 000;
57810 : 000;
57811 : 000;
57812 : 100;
57813 : 010;
57814 : 000;
57815 : 000;
57816 : 000;
57817 : 001;
57818 : 110;
57819 : 111;
57820 : 000;
57821 : 111;
57822 : 110;
57823 : 111;
57824 : 101;
57825 : 110;
57826 : 111;
57827 : 110;
57828 : 101;
57829 : 110;
57830 : 111;
57831 : 000;
57832 : 111;
57833 : 111;
57834 : 010;
57835 : 101;
57836 : 110;
57837 : 101;
57838 : 011;
57839 : 100;
57840 : 011;
57841 : 100;
57842 : 010;
57843 : 000;
57844 : 001;
57845 : 010;
57846 : 000;
57847 : 000;
57848 : 000;
57849 : 111;
57850 : 000;
57851 : 110;
57852 : 011;
57853 : 110;
57854 : 101;
57855 : 011;
57856 : 100;
57857 : 111;
57858 : 111;
57859 : 100;
57860 : 111;
57861 : 111;
57862 : 101;
57863 : 110;
57864 : 011;
57865 : 101;
57866 : 110;
57867 : 000;
57868 : 000;
57869 : 000;
57870 : 000;
57871 : 000;
57872 : 001;
57873 : 000;
57874 : 000;
57875 : 000;
57876 : 100;
57877 : 000;
57878 : 000;
57879 : 000;
57880 : 000;
57881 : 000;
57882 : 000;
57883 : 000;
57884 : 000;
57885 : 010;
57886 : 000;
57887 : 001;
57888 : 000;
57889 : 010;
57890 : 000;
57891 : 000;
57892 : 000;
57893 : 000;
57894 : 000;
57895 : 000;
57896 : 000;
57897 : 000;
57898 : 100;
57899 : 000;
57900 : 000;
57901 : 000;
57902 : 000;
57903 : 000;
57904 : 000;
57905 : 000;
57906 : 010;
57907 : 000;
57908 : 000;
57909 : 000;
57910 : 000;
57911 : 000;
57912 : 000;
57913 : 000;
57914 : 100;
57915 : 000;
57916 : 000;
57917 : 000;
57918 : 000;
57919 : 000;
57920 : 000;
57921 : 100;
57922 : 011;
57923 : 100;
57924 : 000;
57925 : 110;
57926 : 000;
57927 : 101;
57928 : 010;
57929 : 101;
57930 : 110;
57931 : 111;
57932 : 110;
57933 : 111;
57934 : 110;
57935 : 000;
57936 : 000;
57937 : 010;
57938 : 000;
57939 : 000;
57940 : 000;
57941 : 000;
57942 : 001;
57943 : 000;
57944 : 000;
57945 : 000;
57946 : 000;
57947 : 000;
57948 : 000;
57949 : 000;
57950 : 000;
57951 : 000;
57952 : 000;
57953 : 000;
57954 : 000;
57955 : 000;
57956 : 000;
57957 : 000;
57958 : 000;
57959 : 000;
57960 : 000;
57961 : 000;
57962 : 000;
57963 : 000;
57964 : 000;
57965 : 000;
57966 : 000;
57967 : 000;
57968 : 000;
57969 : 110;
57970 : 001;
57971 : 000;
57972 : 100;
57973 : 010;
57974 : 000;
57975 : 000;
57976 : 000;
57977 : 000;
57978 : 000;
57979 : 000;
57980 : 001;
57981 : 000;
57982 : 000;
57983 : 000;
57984 : 000;
57985 : 000;
57986 : 000;
57987 : 000;
57988 : 000;
57989 : 000;
57990 : 100;
57991 : 000;
57992 : 000;
57993 : 000;
57994 : 000;
57995 : 000;
57996 : 000;
57997 : 000;
57998 : 000;
57999 : 011;
58000 : 000;
58001 : 100;
58002 : 000;
58003 : 000;
58004 : 000;
58005 : 010;
58006 : 001;
58007 : 000;
58008 : 000;
58009 : 000;
58010 : 001;
58011 : 000;
58012 : 000;
58013 : 100;
58014 : 000;
58015 : 000;
58016 : 000;
58017 : 000;
58018 : 000;
58019 : 000;
58020 : 010;
58021 : 000;
58022 : 000;
58023 : 000;
58024 : 100;
58025 : 000;
58026 : 000;
58027 : 000;
58028 : 000;
58029 : 000;
58030 : 100;
58031 : 000;
58032 : 000;
58033 : 000;
58034 : 000;
58035 : 000;
58036 : 000;
58037 : 000;
58038 : 000;
58039 : 000;
58040 : 000;
58041 : 000;
58042 : 000;
58043 : 000;
58044 : 000;
58045 : 000;
58046 : 000;
58047 : 000;
58048 : 000;
58049 : 000;
58050 : 000;
58051 : 000;
58052 : 000;
58053 : 000;
58054 : 000;
58055 : 000;
58056 : 000;
58057 : 000;
58058 : 000;
58059 : 000;
58060 : 000;
58061 : 000;
58062 : 000;
58063 : 000;
58064 : 000;
58065 : 100;
58066 : 000;
58067 : 000;
58068 : 000;
58069 : 000;
58070 : 100;
58071 : 000;
58072 : 000;
58073 : 000;
58074 : 000;
58075 : 001;
58076 : 000;
58077 : 000;
58078 : 100;
58079 : 000;
58080 : 000;
58081 : 000;
58082 : 111;
58083 : 000;
58084 : 000;
58085 : 000;
58086 : 110;
58087 : 000;
58088 : 000;
58089 : 000;
58090 : 000;
58091 : 000;
58092 : 000;
58093 : 000;
58094 : 000;
58095 : 000;
58096 : 000;
58097 : 000;
58098 : 000;
58099 : 000;
58100 : 000;
58101 : 000;
58102 : 000;
58103 : 000;
58104 : 000;
58105 : 000;
58106 : 100;
58107 : 000;
58108 : 000;
58109 : 100;
58110 : 000;
58111 : 111;
58112 : 100;
58113 : 010;
58114 : 000;
58115 : 000;
58116 : 000;
58117 : 100;
58118 : 000;
58119 : 000;
58120 : 000;
58121 : 000;
58122 : 001;
58123 : 100;
58124 : 000;
58125 : 001;
58126 : 010;
58127 : 000;
58128 : 010;
58129 : 000;
58130 : 100;
58131 : 000;
58132 : 000;
58133 : 000;
58134 : 000;
58135 : 000;
58136 : 000;
58137 : 110;
58138 : 001;
58139 : 110;
58140 : 111;
58141 : 101;
58142 : 011;
58143 : 100;
58144 : 011;
58145 : 110;
58146 : 001;
58147 : 111;
58148 : 111;
58149 : 011;
58150 : 101;
58151 : 111;
58152 : 000;
58153 : 100;
58154 : 001;
58155 : 110;
58156 : 000;
58157 : 000;
58158 : 111;
58159 : 000;
58160 : 000;
58161 : 011;
58162 : 101;
58163 : 010;
58164 : 101;
58165 : 111;
58166 : 101;
58167 : 111;
58168 : 111;
58169 : 110;
58170 : 111;
58171 : 101;
58172 : 111;
58173 : 111;
58174 : 110;
58175 : 111;
58176 : 111;
58177 : 000;
58178 : 111;
58179 : 010;
58180 : 101;
58181 : 010;
58182 : 111;
58183 : 101;
58184 : 110;
58185 : 111;
58186 : 000;
58187 : 000;
58188 : 000;
58189 : 000;
58190 : 000;
58191 : 000;
58192 : 000;
58193 : 000;
58194 : 000;
58195 : 000;
58196 : 000;
58197 : 011;
58198 : 100;
58199 : 000;
58200 : 101;
58201 : 000;
58202 : 011;
58203 : 000;
58204 : 000;
58205 : 000;
58206 : 000;
58207 : 100;
58208 : 000;
58209 : 000;
58210 : 001;
58211 : 000;
58212 : 000;
58213 : 000;
58214 : 110;
58215 : 001;
58216 : 000;
58217 : 000;
58218 : 000;
58219 : 001;
58220 : 000;
58221 : 000;
58222 : 010;
58223 : 001;
58224 : 000;
58225 : 000;
58226 : 001;
58227 : 000;
58228 : 000;
58229 : 000;
58230 : 000;
58231 : 000;
58232 : 100;
58233 : 000;
58234 : 000;
58235 : 000;
58236 : 001;
58237 : 000;
58238 : 000;
58239 : 000;
58240 : 100;
58241 : 010;
58242 : 100;
58243 : 001;
58244 : 100;
58245 : 001;
58246 : 010;
58247 : 100;
58248 : 000;
58249 : 111;
58250 : 110;
58251 : 111;
58252 : 100;
58253 : 111;
58254 : 100;
58255 : 011;
58256 : 000;
58257 : 100;
58258 : 000;
58259 : 000;
58260 : 001;
58261 : 000;
58262 : 000;
58263 : 000;
58264 : 000;
58265 : 000;
58266 : 000;
58267 : 000;
58268 : 000;
58269 : 000;
58270 : 000;
58271 : 000;
58272 : 000;
58273 : 000;
58274 : 000;
58275 : 100;
58276 : 000;
58277 : 000;
58278 : 100;
58279 : 001;
58280 : 000;
58281 : 100;
58282 : 010;
58283 : 000;
58284 : 000;
58285 : 100;
58286 : 010;
58287 : 001;
58288 : 000;
58289 : 000;
58290 : 000;
58291 : 000;
58292 : 000;
58293 : 000;
58294 : 001;
58295 : 000;
58296 : 000;
58297 : 000;
58298 : 001;
58299 : 000;
58300 : 000;
58301 : 000;
58302 : 000;
58303 : 000;
58304 : 000;
58305 : 000;
58306 : 000;
58307 : 000;
58308 : 000;
58309 : 101;
58310 : 000;
58311 : 000;
58312 : 000;
58313 : 001;
58314 : 100;
58315 : 010;
58316 : 001;
58317 : 100;
58318 : 000;
58319 : 100;
58320 : 000;
58321 : 011;
58322 : 000;
58323 : 011;
58324 : 100;
58325 : 000;
58326 : 110;
58327 : 101;
58328 : 010;
58329 : 000;
58330 : 000;
58331 : 100;
58332 : 010;
58333 : 000;
58334 : 000;
58335 : 000;
58336 : 100;
58337 : 010;
58338 : 000;
58339 : 000;
58340 : 000;
58341 : 001;
58342 : 000;
58343 : 000;
58344 : 001;
58345 : 000;
58346 : 000;
58347 : 110;
58348 : 000;
58349 : 000;
58350 : 011;
58351 : 000;
58352 : 000;
58353 : 000;
58354 : 000;
58355 : 000;
58356 : 000;
58357 : 000;
58358 : 000;
58359 : 000;
58360 : 000;
58361 : 000;
58362 : 000;
58363 : 000;
58364 : 000;
58365 : 000;
58366 : 000;
58367 : 000;
58368 : 000;
58369 : 000;
58370 : 000;
58371 : 000;
58372 : 000;
58373 : 000;
58374 : 000;
58375 : 000;
58376 : 000;
58377 : 000;
58378 : 000;
58379 : 000;
58380 : 000;
58381 : 000;
58382 : 000;
58383 : 000;
58384 : 000;
58385 : 000;
58386 : 000;
58387 : 000;
58388 : 000;
58389 : 000;
58390 : 000;
58391 : 000;
58392 : 010;
58393 : 000;
58394 : 000;
58395 : 000;
58396 : 000;
58397 : 010;
58398 : 000;
58399 : 000;
58400 : 000;
58401 : 000;
58402 : 100;
58403 : 000;
58404 : 000;
58405 : 000;
58406 : 000;
58407 : 000;
58408 : 000;
58409 : 000;
58410 : 000;
58411 : 101;
58412 : 000;
58413 : 110;
58414 : 001;
58415 : 110;
58416 : 111;
58417 : 000;
58418 : 000;
58419 : 000;
58420 : 001;
58421 : 100;
58422 : 000;
58423 : 000;
58424 : 000;
58425 : 000;
58426 : 000;
58427 : 001;
58428 : 000;
58429 : 000;
58430 : 000;
58431 : 110;
58432 : 101;
58433 : 000;
58434 : 000;
58435 : 100;
58436 : 000;
58437 : 000;
58438 : 000;
58439 : 000;
58440 : 000;
58441 : 110;
58442 : 000;
58443 : 000;
58444 : 000;
58445 : 100;
58446 : 000;
58447 : 100;
58448 : 000;
58449 : 001;
58450 : 000;
58451 : 000;
58452 : 000;
58453 : 000;
58454 : 000;
58455 : 000;
58456 : 000;
58457 : 101;
58458 : 111;
58459 : 111;
58460 : 100;
58461 : 111;
58462 : 110;
58463 : 111;
58464 : 101;
58465 : 111;
58466 : 110;
58467 : 101;
58468 : 110;
58469 : 100;
58470 : 111;
58471 : 110;
58472 : 000;
58473 : 000;
58474 : 000;
58475 : 000;
58476 : 000;
58477 : 000;
58478 : 000;
58479 : 000;
58480 : 101;
58481 : 000;
58482 : 110;
58483 : 001;
58484 : 110;
58485 : 000;
58486 : 111;
58487 : 010;
58488 : 101;
58489 : 111;
58490 : 000;
58491 : 111;
58492 : 100;
58493 : 111;
58494 : 001;
58495 : 110;
58496 : 101;
58497 : 111;
58498 : 110;
58499 : 101;
58500 : 111;
58501 : 110;
58502 : 101;
58503 : 010;
58504 : 101;
58505 : 111;
58506 : 000;
58507 : 000;
58508 : 001;
58509 : 110;
58510 : 000;
58511 : 000;
58512 : 000;
58513 : 000;
58514 : 000;
58515 : 000;
58516 : 000;
58517 : 100;
58518 : 011;
58519 : 000;
58520 : 010;
58521 : 000;
58522 : 100;
58523 : 000;
58524 : 111;
58525 : 000;
58526 : 001;
58527 : 000;
58528 : 010;
58529 : 100;
58530 : 000;
58531 : 000;
58532 : 110;
58533 : 001;
58534 : 000;
58535 : 000;
58536 : 000;
58537 : 000;
58538 : 000;
58539 : 010;
58540 : 000;
58541 : 000;
58542 : 000;
58543 : 000;
58544 : 100;
58545 : 000;
58546 : 000;
58547 : 000;
58548 : 000;
58549 : 100;
58550 : 000;
58551 : 000;
58552 : 001;
58553 : 010;
58554 : 000;
58555 : 000;
58556 : 000;
58557 : 100;
58558 : 000;
58559 : 000;
58560 : 000;
58561 : 101;
58562 : 010;
58563 : 100;
58564 : 010;
58565 : 100;
58566 : 000;
58567 : 111;
58568 : 100;
58569 : 110;
58570 : 111;
58571 : 110;
58572 : 111;
58573 : 110;
58574 : 101;
58575 : 000;
58576 : 000;
58577 : 000;
58578 : 000;
58579 : 000;
58580 : 000;
58581 : 000;
58582 : 000;
58583 : 000;
58584 : 000;
58585 : 000;
58586 : 010;
58587 : 101;
58588 : 000;
58589 : 000;
58590 : 011;
58591 : 000;
58592 : 100;
58593 : 011;
58594 : 000;
58595 : 000;
58596 : 001;
58597 : 010;
58598 : 000;
58599 : 000;
58600 : 000;
58601 : 000;
58602 : 000;
58603 : 000;
58604 : 000;
58605 : 001;
58606 : 000;
58607 : 000;
58608 : 000;
58609 : 000;
58610 : 000;
58611 : 000;
58612 : 000;
58613 : 000;
58614 : 000;
58615 : 000;
58616 : 000;
58617 : 100;
58618 : 000;
58619 : 000;
58620 : 100;
58621 : 000;
58622 : 010;
58623 : 101;
58624 : 000;
58625 : 010;
58626 : 000;
58627 : 101;
58628 : 010;
58629 : 000;
58630 : 010;
58631 : 100;
58632 : 011;
58633 : 100;
58634 : 000;
58635 : 001;
58636 : 110;
58637 : 000;
58638 : 000;
58639 : 011;
58640 : 000;
58641 : 000;
58642 : 100;
58643 : 000;
58644 : 000;
58645 : 001;
58646 : 000;
58647 : 000;
58648 : 000;
58649 : 000;
58650 : 000;
58651 : 000;
58652 : 000;
58653 : 000;
58654 : 000;
58655 : 010;
58656 : 000;
58657 : 000;
58658 : 000;
58659 : 101;
58660 : 000;
58661 : 000;
58662 : 000;
58663 : 000;
58664 : 010;
58665 : 000;
58666 : 000;
58667 : 001;
58668 : 100;
58669 : 000;
58670 : 000;
58671 : 100;
58672 : 000;
58673 : 000;
58674 : 110;
58675 : 001;
58676 : 000;
58677 : 000;
58678 : 000;
58679 : 000;
58680 : 000;
58681 : 000;
58682 : 100;
58683 : 001;
58684 : 000;
58685 : 000;
58686 : 010;
58687 : 000;
58688 : 000;
58689 : 000;
58690 : 100;
58691 : 010;
58692 : 000;
58693 : 000;
58694 : 000;
58695 : 000;
58696 : 000;
58697 : 000;
58698 : 000;
58699 : 000;
58700 : 000;
58701 : 000;
58702 : 001;
58703 : 000;
58704 : 000;
58705 : 000;
58706 : 000;
58707 : 000;
58708 : 000;
58709 : 000;
58710 : 000;
58711 : 000;
58712 : 000;
58713 : 000;
58714 : 000;
58715 : 000;
58716 : 000;
58717 : 000;
58718 : 000;
58719 : 000;
58720 : 000;
58721 : 000;
58722 : 000;
58723 : 000;
58724 : 000;
58725 : 000;
58726 : 000;
58727 : 000;
58728 : 001;
58729 : 000;
58730 : 000;
58731 : 110;
58732 : 001;
58733 : 110;
58734 : 111;
58735 : 100;
58736 : 111;
58737 : 111;
58738 : 000;
58739 : 000;
58740 : 000;
58741 : 010;
58742 : 000;
58743 : 000;
58744 : 000;
58745 : 000;
58746 : 000;
58747 : 010;
58748 : 000;
58749 : 000;
58750 : 000;
58751 : 000;
58752 : 110;
58753 : 000;
58754 : 000;
58755 : 000;
58756 : 001;
58757 : 010;
58758 : 000;
58759 : 111;
58760 : 000;
58761 : 001;
58762 : 100;
58763 : 010;
58764 : 101;
58765 : 010;
58766 : 100;
58767 : 011;
58768 : 100;
58769 : 010;
58770 : 100;
58771 : 000;
58772 : 000;
58773 : 000;
58774 : 000;
58775 : 001;
58776 : 000;
58777 : 010;
58778 : 110;
58779 : 101;
58780 : 010;
58781 : 111;
58782 : 001;
58783 : 110;
58784 : 110;
58785 : 001;
58786 : 110;
58787 : 011;
58788 : 111;
58789 : 111;
58790 : 000;
58791 : 111;
58792 : 111;
58793 : 000;
58794 : 111;
58795 : 000;
58796 : 111;
58797 : 000;
58798 : 000;
58799 : 010;
58800 : 000;
58801 : 000;
58802 : 000;
58803 : 000;
58804 : 000;
58805 : 000;
58806 : 000;
58807 : 000;
58808 : 000;
58809 : 000;
58810 : 000;
58811 : 010;
58812 : 001;
58813 : 000;
58814 : 110;
58815 : 001;
58816 : 010;
58817 : 100;
58818 : 011;
58819 : 110;
58820 : 001;
58821 : 111;
58822 : 110;
58823 : 011;
58824 : 110;
58825 : 101;
58826 : 011;
58827 : 000;
58828 : 000;
58829 : 000;
58830 : 000;
58831 : 000;
58832 : 000;
58833 : 110;
58834 : 000;
58835 : 000;
58836 : 000;
58837 : 011;
58838 : 000;
58839 : 100;
58840 : 000;
58841 : 000;
58842 : 001;
58843 : 000;
58844 : 000;
58845 : 000;
58846 : 110;
58847 : 000;
58848 : 001;
58849 : 010;
58850 : 001;
58851 : 000;
58852 : 000;
58853 : 000;
58854 : 000;
58855 : 100;
58856 : 010;
58857 : 101;
58858 : 000;
58859 : 000;
58860 : 000;
58861 : 101;
58862 : 000;
58863 : 000;
58864 : 000;
58865 : 010;
58866 : 000;
58867 : 000;
58868 : 000;
58869 : 000;
58870 : 000;
58871 : 000;
58872 : 000;
58873 : 000;
58874 : 000;
58875 : 000;
58876 : 000;
58877 : 000;
58878 : 000;
58879 : 000;
58880 : 010;
58881 : 100;
58882 : 000;
58883 : 011;
58884 : 100;
58885 : 011;
58886 : 100;
58887 : 010;
58888 : 101;
58889 : 110;
58890 : 101;
58891 : 110;
58892 : 111;
58893 : 110;
58894 : 110;
58895 : 000;
58896 : 100;
58897 : 000;
58898 : 001;
58899 : 000;
58900 : 100;
58901 : 000;
58902 : 000;
58903 : 010;
58904 : 100;
58905 : 001;
58906 : 000;
58907 : 000;
58908 : 000;
58909 : 000;
58910 : 100;
58911 : 000;
58912 : 000;
58913 : 000;
58914 : 000;
58915 : 000;
58916 : 000;
58917 : 000;
58918 : 000;
58919 : 000;
58920 : 000;
58921 : 000;
58922 : 000;
58923 : 000;
58924 : 000;
58925 : 000;
58926 : 000;
58927 : 000;
58928 : 000;
58929 : 000;
58930 : 000;
58931 : 110;
58932 : 000;
58933 : 000;
58934 : 000;
58935 : 000;
58936 : 111;
58937 : 000;
58938 : 000;
58939 : 000;
58940 : 010;
58941 : 101;
58942 : 000;
58943 : 010;
58944 : 000;
58945 : 101;
58946 : 000;
58947 : 010;
58948 : 000;
58949 : 101;
58950 : 000;
58951 : 000;
58952 : 000;
58953 : 000;
58954 : 010;
58955 : 100;
58956 : 000;
58957 : 000;
58958 : 000;
58959 : 000;
58960 : 100;
58961 : 000;
58962 : 000;
58963 : 000;
58964 : 010;
58965 : 000;
58966 : 000;
58967 : 000;
58968 : 100;
58969 : 000;
58970 : 000;
58971 : 000;
58972 : 000;
58973 : 000;
58974 : 101;
58975 : 000;
58976 : 000;
58977 : 000;
58978 : 000;
58979 : 000;
58980 : 000;
58981 : 000;
58982 : 110;
58983 : 000;
58984 : 000;
58985 : 100;
58986 : 000;
58987 : 110;
58988 : 000;
58989 : 110;
58990 : 000;
58991 : 011;
58992 : 100;
58993 : 011;
58994 : 000;
58995 : 100;
58996 : 110;
58997 : 001;
58998 : 110;
58999 : 000;
59000 : 000;
59001 : 001;
59002 : 010;
59003 : 000;
59004 : 000;
59005 : 000;
59006 : 100;
59007 : 000;
59008 : 000;
59009 : 000;
59010 : 000;
59011 : 001;
59012 : 000;
59013 : 100;
59014 : 000;
59015 : 010;
59016 : 001;
59017 : 100;
59018 : 010;
59019 : 000;
59020 : 001;
59021 : 110;
59022 : 000;
59023 : 000;
59024 : 000;
59025 : 000;
59026 : 000;
59027 : 000;
59028 : 000;
59029 : 000;
59030 : 000;
59031 : 000;
59032 : 000;
59033 : 000;
59034 : 000;
59035 : 000;
59036 : 000;
59037 : 000;
59038 : 000;
59039 : 000;
59040 : 000;
59041 : 000;
59042 : 000;
59043 : 000;
59044 : 000;
59045 : 100;
59046 : 011;
59047 : 100;
59048 : 000;
59049 : 110;
59050 : 000;
59051 : 111;
59052 : 000;
59053 : 100;
59054 : 000;
59055 : 000;
59056 : 000;
59057 : 000;
59058 : 000;
59059 : 000;
59060 : 000;
59061 : 000;
59062 : 000;
59063 : 000;
59064 : 000;
59065 : 000;
59066 : 000;
59067 : 100;
59068 : 000;
59069 : 000;
59070 : 000;
59071 : 111;
59072 : 000;
59073 : 100;
59074 : 001;
59075 : 010;
59076 : 000;
59077 : 100;
59078 : 000;
59079 : 100;
59080 : 000;
59081 : 110;
59082 : 001;
59083 : 110;
59084 : 000;
59085 : 000;
59086 : 111;
59087 : 000;
59088 : 000;
59089 : 101;
59090 : 010;
59091 : 000;
59092 : 000;
59093 : 000;
59094 : 000;
59095 : 000;
59096 : 000;
59097 : 100;
59098 : 111;
59099 : 111;
59100 : 100;
59101 : 111;
59102 : 110;
59103 : 101;
59104 : 111;
59105 : 111;
59106 : 111;
59107 : 100;
59108 : 111;
59109 : 100;
59110 : 111;
59111 : 110;
59112 : 101;
59113 : 110;
59114 : 111;
59115 : 100;
59116 : 011;
59117 : 100;
59118 : 111;
59119 : 100;
59120 : 001;
59121 : 110;
59122 : 000;
59123 : 100;
59124 : 001;
59125 : 000;
59126 : 000;
59127 : 000;
59128 : 000;
59129 : 000;
59130 : 000;
59131 : 000;
59132 : 000;
59133 : 000;
59134 : 000;
59135 : 000;
59136 : 000;
59137 : 000;
59138 : 000;
59139 : 101;
59140 : 110;
59141 : 001;
59142 : 110;
59143 : 101;
59144 : 000;
59145 : 110;
59146 : 000;
59147 : 000;
59148 : 000;
59149 : 000;
59150 : 000;
59151 : 000;
59152 : 000;
59153 : 001;
59154 : 000;
59155 : 000;
59156 : 000;
59157 : 000;
59158 : 000;
59159 : 000;
59160 : 001;
59161 : 000;
59162 : 000;
59163 : 000;
59164 : 000;
59165 : 000;
59166 : 001;
59167 : 000;
59168 : 100;
59169 : 000;
59170 : 000;
59171 : 000;
59172 : 100;
59173 : 001;
59174 : 010;
59175 : 000;
59176 : 001;
59177 : 010;
59178 : 101;
59179 : 010;
59180 : 101;
59181 : 010;
59182 : 000;
59183 : 011;
59184 : 100;
59185 : 001;
59186 : 100;
59187 : 011;
59188 : 100;
59189 : 001;
59190 : 010;
59191 : 101;
59192 : 000;
59193 : 000;
59194 : 000;
59195 : 000;
59196 : 010;
59197 : 000;
59198 : 000;
59199 : 000;
59200 : 100;
59201 : 001;
59202 : 110;
59203 : 000;
59204 : 100;
59205 : 000;
59206 : 111;
59207 : 100;
59208 : 010;
59209 : 111;
59210 : 110;
59211 : 101;
59212 : 110;
59213 : 101;
59214 : 111;
59215 : 111;
59216 : 110;
59217 : 111;
59218 : 110;
59219 : 111;
59220 : 110;
59221 : 111;
59222 : 110;
59223 : 101;
59224 : 000;
59225 : 000;
59226 : 000;
59227 : 000;
59228 : 000;
59229 : 000;
59230 : 000;
59231 : 000;
59232 : 000;
59233 : 000;
59234 : 000;
59235 : 000;
59236 : 000;
59237 : 000;
59238 : 000;
59239 : 000;
59240 : 000;
59241 : 000;
59242 : 000;
59243 : 000;
59244 : 000;
59245 : 100;
59246 : 000;
59247 : 010;
59248 : 101;
59249 : 000;
59250 : 000;
59251 : 001;
59252 : 000;
59253 : 100;
59254 : 000;
59255 : 000;
59256 : 000;
59257 : 111;
59258 : 000;
59259 : 000;
59260 : 000;
59261 : 010;
59262 : 100;
59263 : 001;
59264 : 000;
59265 : 110;
59266 : 000;
59267 : 101;
59268 : 000;
59269 : 000;
59270 : 000;
59271 : 000;
59272 : 010;
59273 : 000;
59274 : 000;
59275 : 000;
59276 : 000;
59277 : 000;
59278 : 000;
59279 : 000;
59280 : 000;
59281 : 000;
59282 : 000;
59283 : 000;
59284 : 000;
59285 : 100;
59286 : 000;
59287 : 000;
59288 : 000;
59289 : 000;
59290 : 001;
59291 : 000;
59292 : 000;
59293 : 000;
59294 : 000;
59295 : 000;
59296 : 000;
59297 : 000;
59298 : 000;
59299 : 000;
59300 : 000;
59301 : 000;
59302 : 000;
59303 : 000;
59304 : 000;
59305 : 000;
59306 : 000;
59307 : 001;
59308 : 110;
59309 : 001;
59310 : 100;
59311 : 110;
59312 : 000;
59313 : 100;
59314 : 111;
59315 : 000;
59316 : 000;
59317 : 100;
59318 : 000;
59319 : 101;
59320 : 000;
59321 : 000;
59322 : 000;
59323 : 000;
59324 : 100;
59325 : 000;
59326 : 000;
59327 : 000;
59328 : 001;
59329 : 010;
59330 : 000;
59331 : 000;
59332 : 000;
59333 : 000;
59334 : 000;
59335 : 000;
59336 : 000;
59337 : 000;
59338 : 000;
59339 : 000;
59340 : 000;
59341 : 000;
59342 : 000;
59343 : 000;
59344 : 110;
59345 : 001;
59346 : 000;
59347 : 110;
59348 : 001;
59349 : 000;
59350 : 010;
59351 : 101;
59352 : 000;
59353 : 000;
59354 : 101;
59355 : 010;
59356 : 100;
59357 : 000;
59358 : 101;
59359 : 000;
59360 : 110;
59361 : 001;
59362 : 110;
59363 : 101;
59364 : 010;
59365 : 100;
59366 : 111;
59367 : 110;
59368 : 111;
59369 : 111;
59370 : 110;
59371 : 111;
59372 : 110;
59373 : 111;
59374 : 111;
59375 : 111;
59376 : 110;
59377 : 111;
59378 : 000;
59379 : 000;
59380 : 100;
59381 : 000;
59382 : 000;
59383 : 000;
59384 : 000;
59385 : 000;
59386 : 000;
59387 : 000;
59388 : 000;
59389 : 000;
59390 : 000;
59391 : 100;
59392 : 011;
59393 : 000;
59394 : 000;
59395 : 100;
59396 : 000;
59397 : 000;
59398 : 011;
59399 : 100;
59400 : 011;
59401 : 000;
59402 : 000;
59403 : 100;
59404 : 000;
59405 : 000;
59406 : 000;
59407 : 100;
59408 : 010;
59409 : 000;
59410 : 000;
59411 : 000;
59412 : 000;
59413 : 000;
59414 : 000;
59415 : 000;
59416 : 000;
59417 : 010;
59418 : 000;
59419 : 000;
59420 : 000;
59421 : 000;
59422 : 011;
59423 : 100;
59424 : 000;
59425 : 000;
59426 : 110;
59427 : 001;
59428 : 110;
59429 : 000;
59430 : 000;
59431 : 111;
59432 : 000;
59433 : 000;
59434 : 100;
59435 : 010;
59436 : 100;
59437 : 011;
59438 : 100;
59439 : 010;
59440 : 100;
59441 : 111;
59442 : 000;
59443 : 111;
59444 : 110;
59445 : 110;
59446 : 101;
59447 : 110;
59448 : 111;
59449 : 100;
59450 : 111;
59451 : 100;
59452 : 111;
59453 : 000;
59454 : 100;
59455 : 010;
59456 : 101;
59457 : 000;
59458 : 110;
59459 : 000;
59460 : 000;
59461 : 100;
59462 : 000;
59463 : 111;
59464 : 000;
59465 : 101;
59466 : 110;
59467 : 000;
59468 : 100;
59469 : 000;
59470 : 000;
59471 : 001;
59472 : 000;
59473 : 000;
59474 : 000;
59475 : 000;
59476 : 000;
59477 : 000;
59478 : 000;
59479 : 000;
59480 : 000;
59481 : 000;
59482 : 000;
59483 : 000;
59484 : 000;
59485 : 000;
59486 : 000;
59487 : 000;
59488 : 000;
59489 : 000;
59490 : 000;
59491 : 000;
59492 : 000;
59493 : 000;
59494 : 000;
59495 : 000;
59496 : 000;
59497 : 000;
59498 : 000;
59499 : 000;
59500 : 000;
59501 : 000;
59502 : 000;
59503 : 100;
59504 : 000;
59505 : 010;
59506 : 000;
59507 : 000;
59508 : 011;
59509 : 000;
59510 : 000;
59511 : 000;
59512 : 010;
59513 : 101;
59514 : 010;
59515 : 101;
59516 : 000;
59517 : 001;
59518 : 000;
59519 : 000;
59520 : 000;
59521 : 110;
59522 : 001;
59523 : 100;
59524 : 011;
59525 : 100;
59526 : 000;
59527 : 111;
59528 : 100;
59529 : 100;
59530 : 111;
59531 : 110;
59532 : 111;
59533 : 110;
59534 : 111;
59535 : 110;
59536 : 111;
59537 : 111;
59538 : 110;
59539 : 111;
59540 : 100;
59541 : 111;
59542 : 110;
59543 : 110;
59544 : 100;
59545 : 010;
59546 : 000;
59547 : 000;
59548 : 000;
59549 : 000;
59550 : 000;
59551 : 000;
59552 : 000;
59553 : 111;
59554 : 000;
59555 : 000;
59556 : 100;
59557 : 000;
59558 : 000;
59559 : 110;
59560 : 000;
59561 : 111;
59562 : 000;
59563 : 111;
59564 : 000;
59565 : 011;
59566 : 100;
59567 : 000;
59568 : 000;
59569 : 110;
59570 : 001;
59571 : 100;
59572 : 010;
59573 : 001;
59574 : 000;
59575 : 010;
59576 : 000;
59577 : 000;
59578 : 000;
59579 : 000;
59580 : 100;
59581 : 001;
59582 : 000;
59583 : 000;
59584 : 000;
59585 : 000;
59586 : 000;
59587 : 000;
59588 : 000;
59589 : 000;
59590 : 000;
59591 : 000;
59592 : 100;
59593 : 001;
59594 : 000;
59595 : 000;
59596 : 000;
59597 : 001;
59598 : 000;
59599 : 000;
59600 : 000;
59601 : 010;
59602 : 001;
59603 : 000;
59604 : 000;
59605 : 000;
59606 : 000;
59607 : 000;
59608 : 000;
59609 : 000;
59610 : 000;
59611 : 000;
59612 : 000;
59613 : 000;
59614 : 000;
59615 : 000;
59616 : 000;
59617 : 000;
59618 : 000;
59619 : 000;
59620 : 010;
59621 : 100;
59622 : 000;
59623 : 001;
59624 : 000;
59625 : 110;
59626 : 000;
59627 : 000;
59628 : 100;
59629 : 000;
59630 : 000;
59631 : 000;
59632 : 001;
59633 : 000;
59634 : 000;
59635 : 000;
59636 : 000;
59637 : 010;
59638 : 000;
59639 : 000;
59640 : 010;
59641 : 000;
59642 : 000;
59643 : 000;
59644 : 000;
59645 : 000;
59646 : 000;
59647 : 000;
59648 : 000;
59649 : 100;
59650 : 000;
59651 : 000;
59652 : 000;
59653 : 000;
59654 : 001;
59655 : 100;
59656 : 000;
59657 : 000;
59658 : 000;
59659 : 100;
59660 : 000;
59661 : 000;
59662 : 100;
59663 : 001;
59664 : 000;
59665 : 000;
59666 : 000;
59667 : 000;
59668 : 000;
59669 : 100;
59670 : 000;
59671 : 000;
59672 : 000;
59673 : 010;
59674 : 000;
59675 : 000;
59676 : 000;
59677 : 000;
59678 : 000;
59679 : 110;
59680 : 101;
59681 : 110;
59682 : 111;
59683 : 111;
59684 : 111;
59685 : 111;
59686 : 111;
59687 : 111;
59688 : 110;
59689 : 101;
59690 : 110;
59691 : 101;
59692 : 110;
59693 : 111;
59694 : 100;
59695 : 110;
59696 : 111;
59697 : 100;
59698 : 000;
59699 : 000;
59700 : 000;
59701 : 000;
59702 : 000;
59703 : 000;
59704 : 000;
59705 : 000;
59706 : 000;
59707 : 000;
59708 : 000;
59709 : 000;
59710 : 000;
59711 : 110;
59712 : 100;
59713 : 000;
59714 : 000;
59715 : 000;
59716 : 000;
59717 : 000;
59718 : 000;
59719 : 000;
59720 : 000;
59721 : 100;
59722 : 000;
59723 : 010;
59724 : 001;
59725 : 100;
59726 : 010;
59727 : 000;
59728 : 000;
59729 : 000;
59730 : 000;
59731 : 000;
59732 : 000;
59733 : 000;
59734 : 000;
59735 : 110;
59736 : 000;
59737 : 101;
59738 : 000;
59739 : 111;
59740 : 000;
59741 : 100;
59742 : 000;
59743 : 010;
59744 : 100;
59745 : 001;
59746 : 000;
59747 : 100;
59748 : 000;
59749 : 111;
59750 : 000;
59751 : 000;
59752 : 110;
59753 : 001;
59754 : 010;
59755 : 101;
59756 : 000;
59757 : 100;
59758 : 000;
59759 : 101;
59760 : 010;
59761 : 000;
59762 : 100;
59763 : 000;
59764 : 000;
59765 : 101;
59766 : 010;
59767 : 000;
59768 : 100;
59769 : 011;
59770 : 000;
59771 : 000;
59772 : 100;
59773 : 011;
59774 : 100;
59775 : 001;
59776 : 110;
59777 : 001;
59778 : 100;
59779 : 011;
59780 : 100;
59781 : 011;
59782 : 000;
59783 : 000;
59784 : 010;
59785 : 000;
59786 : 000;
59787 : 101;
59788 : 010;
59789 : 000;
59790 : 100;
59791 : 010;
59792 : 000;
59793 : 000;
59794 : 100;
59795 : 000;
59796 : 000;
59797 : 000;
59798 : 000;
59799 : 000;
59800 : 000;
59801 : 000;
59802 : 000;
59803 : 000;
59804 : 000;
59805 : 000;
59806 : 000;
59807 : 000;
59808 : 000;
59809 : 000;
59810 : 000;
59811 : 000;
59812 : 000;
59813 : 000;
59814 : 000;
59815 : 000;
59816 : 000;
59817 : 000;
59818 : 000;
59819 : 000;
59820 : 000;
59821 : 000;
59822 : 001;
59823 : 000;
59824 : 000;
59825 : 000;
59826 : 001;
59827 : 100;
59828 : 000;
59829 : 000;
59830 : 100;
59831 : 011;
59832 : 000;
59833 : 000;
59834 : 000;
59835 : 111;
59836 : 000;
59837 : 000;
59838 : 000;
59839 : 000;
59840 : 000;
59841 : 100;
59842 : 010;
59843 : 100;
59844 : 000;
59845 : 110;
59846 : 100;
59847 : 010;
59848 : 101;
59849 : 110;
59850 : 111;
59851 : 111;
59852 : 110;
59853 : 111;
59854 : 100;
59855 : 111;
59856 : 100;
59857 : 111;
59858 : 100;
59859 : 110;
59860 : 000;
59861 : 100;
59862 : 001;
59863 : 110;
59864 : 001;
59865 : 000;
59866 : 000;
59867 : 000;
59868 : 100;
59869 : 000;
59870 : 000;
59871 : 000;
59872 : 000;
59873 : 000;
59874 : 100;
59875 : 000;
59876 : 011;
59877 : 000;
59878 : 111;
59879 : 000;
59880 : 001;
59881 : 000;
59882 : 000;
59883 : 000;
59884 : 000;
59885 : 000;
59886 : 000;
59887 : 011;
59888 : 100;
59889 : 000;
59890 : 000;
59891 : 000;
59892 : 000;
59893 : 000;
59894 : 000;
59895 : 000;
59896 : 000;
59897 : 000;
59898 : 000;
59899 : 000;
59900 : 000;
59901 : 000;
59902 : 000;
59903 : 000;
59904 : 000;
59905 : 000;
59906 : 000;
59907 : 000;
59908 : 000;
59909 : 000;
59910 : 000;
59911 : 000;
59912 : 000;
59913 : 000;
59914 : 000;
59915 : 000;
59916 : 000;
59917 : 000;
59918 : 000;
59919 : 000;
59920 : 000;
59921 : 000;
59922 : 000;
59923 : 000;
59924 : 000;
59925 : 000;
59926 : 000;
59927 : 000;
59928 : 000;
59929 : 010;
59930 : 000;
59931 : 000;
59932 : 010;
59933 : 000;
59934 : 000;
59935 : 000;
59936 : 111;
59937 : 000;
59938 : 000;
59939 : 101;
59940 : 000;
59941 : 000;
59942 : 000;
59943 : 000;
59944 : 000;
59945 : 000;
59946 : 000;
59947 : 001;
59948 : 110;
59949 : 000;
59950 : 111;
59951 : 000;
59952 : 000;
59953 : 100;
59954 : 000;
59955 : 010;
59956 : 100;
59957 : 000;
59958 : 000;
59959 : 100;
59960 : 000;
59961 : 000;
59962 : 100;
59963 : 000;
59964 : 010;
59965 : 001;
59966 : 000;
59967 : 010;
59968 : 000;
59969 : 000;
59970 : 000;
59971 : 000;
59972 : 100;
59973 : 010;
59974 : 000;
59975 : 000;
59976 : 000;
59977 : 010;
59978 : 001;
59979 : 000;
59980 : 000;
59981 : 010;
59982 : 000;
59983 : 000;
59984 : 000;
59985 : 110;
59986 : 000;
59987 : 000;
59988 : 000;
59989 : 000;
59990 : 000;
59991 : 000;
59992 : 000;
59993 : 100;
59994 : 000;
59995 : 000;
59996 : 101;
59997 : 010;
59998 : 100;
59999 : 011;
60000 : 110;
60001 : 111;
60002 : 110;
60003 : 111;
60004 : 110;
60005 : 111;
60006 : 110;
60007 : 111;
60008 : 111;
60009 : 110;
60010 : 111;
60011 : 110;
60012 : 111;
60013 : 110;
60014 : 111;
60015 : 111;
60016 : 110;
60017 : 111;
60018 : 000;
60019 : 000;
60020 : 000;
60021 : 000;
60022 : 000;
60023 : 000;
60024 : 000;
60025 : 000;
60026 : 000;
60027 : 001;
60028 : 000;
60029 : 000;
60030 : 000;
60031 : 001;
60032 : 111;
60033 : 100;
60034 : 010;
60035 : 000;
60036 : 101;
60037 : 010;
60038 : 000;
60039 : 100;
60040 : 000;
60041 : 000;
60042 : 000;
60043 : 000;
60044 : 000;
60045 : 000;
60046 : 100;
60047 : 001;
60048 : 100;
60049 : 000;
60050 : 100;
60051 : 001;
60052 : 110;
60053 : 000;
60054 : 001;
60055 : 000;
60056 : 000;
60057 : 000;
60058 : 000;
60059 : 000;
60060 : 000;
60061 : 010;
60062 : 101;
60063 : 000;
60064 : 000;
60065 : 110;
60066 : 000;
60067 : 010;
60068 : 000;
60069 : 000;
60070 : 100;
60071 : 001;
60072 : 000;
60073 : 100;
60074 : 000;
60075 : 000;
60076 : 110;
60077 : 001;
60078 : 010;
60079 : 000;
60080 : 101;
60081 : 000;
60082 : 011;
60083 : 100;
60084 : 010;
60085 : 000;
60086 : 100;
60087 : 001;
60088 : 000;
60089 : 000;
60090 : 100;
60091 : 000;
60092 : 000;
60093 : 000;
60094 : 000;
60095 : 000;
60096 : 000;
60097 : 000;
60098 : 000;
60099 : 000;
60100 : 000;
60101 : 100;
60102 : 011;
60103 : 100;
60104 : 000;
60105 : 101;
60106 : 010;
60107 : 000;
60108 : 100;
60109 : 011;
60110 : 000;
60111 : 100;
60112 : 000;
60113 : 000;
60114 : 010;
60115 : 000;
60116 : 001;
60117 : 100;
60118 : 010;
60119 : 000;
60120 : 100;
60121 : 010;
60122 : 001;
60123 : 110;
60124 : 000;
60125 : 110;
60126 : 001;
60127 : 000;
60128 : 110;
60129 : 000;
60130 : 001;
60131 : 010;
60132 : 000;
60133 : 000;
60134 : 000;
60135 : 000;
60136 : 000;
60137 : 000;
60138 : 000;
60139 : 000;
60140 : 000;
60141 : 000;
60142 : 000;
60143 : 000;
60144 : 000;
60145 : 000;
60146 : 000;
60147 : 000;
60148 : 000;
60149 : 000;
60150 : 000;
60151 : 000;
60152 : 000;
60153 : 000;
60154 : 000;
60155 : 000;
60156 : 000;
60157 : 000;
60158 : 000;
60159 : 000;
60160 : 110;
60161 : 001;
60162 : 100;
60163 : 011;
60164 : 100;
60165 : 111;
60166 : 000;
60167 : 111;
60168 : 100;
60169 : 110;
60170 : 100;
60171 : 110;
60172 : 101;
60173 : 010;
60174 : 100;
60175 : 011;
60176 : 100;
60177 : 000;
60178 : 000;
60179 : 000;
60180 : 000;
60181 : 010;
60182 : 100;
60183 : 000;
60184 : 100;
60185 : 000;
60186 : 000;
60187 : 000;
60188 : 000;
60189 : 000;
60190 : 000;
60191 : 010;
60192 : 101;
60193 : 010;
60194 : 001;
60195 : 000;
60196 : 100;
60197 : 000;
60198 : 000;
60199 : 000;
60200 : 000;
60201 : 110;
60202 : 000;
60203 : 000;
60204 : 100;
60205 : 000;
60206 : 000;
60207 : 000;
60208 : 000;
60209 : 000;
60210 : 000;
60211 : 000;
60212 : 010;
60213 : 000;
60214 : 000;
60215 : 000;
60216 : 100;
60217 : 001;
60218 : 000;
60219 : 000;
60220 : 000;
60221 : 000;
60222 : 000;
60223 : 000;
60224 : 000;
60225 : 000;
60226 : 000;
60227 : 000;
60228 : 000;
60229 : 000;
60230 : 000;
60231 : 000;
60232 : 000;
60233 : 000;
60234 : 000;
60235 : 000;
60236 : 000;
60237 : 100;
60238 : 010;
60239 : 000;
60240 : 000;
60241 : 000;
60242 : 100;
60243 : 000;
60244 : 000;
60245 : 000;
60246 : 011;
60247 : 000;
60248 : 000;
60249 : 100;
60250 : 000;
60251 : 000;
60252 : 100;
60253 : 000;
60254 : 001;
60255 : 000;
60256 : 000;
60257 : 000;
60258 : 000;
60259 : 010;
60260 : 000;
60261 : 000;
60262 : 000;
60263 : 010;
60264 : 000;
60265 : 001;
60266 : 000;
60267 : 000;
60268 : 000;
60269 : 000;
60270 : 000;
60271 : 100;
60272 : 000;
60273 : 010;
60274 : 000;
60275 : 000;
60276 : 000;
60277 : 001;
60278 : 000;
60279 : 000;
60280 : 000;
60281 : 001;
60282 : 010;
60283 : 000;
60284 : 000;
60285 : 100;
60286 : 000;
60287 : 000;
60288 : 100;
60289 : 001;
60290 : 000;
60291 : 010;
60292 : 001;
60293 : 000;
60294 : 000;
60295 : 000;
60296 : 000;
60297 : 100;
60298 : 000;
60299 : 000;
60300 : 000;
60301 : 000;
60302 : 000;
60303 : 000;
60304 : 000;
60305 : 000;
60306 : 000;
60307 : 001;
60308 : 110;
60309 : 000;
60310 : 001;
60311 : 110;
60312 : 000;
60313 : 001;
60314 : 000;
60315 : 010;
60316 : 000;
60317 : 100;
60318 : 010;
60319 : 101;
60320 : 110;
60321 : 101;
60322 : 110;
60323 : 111;
60324 : 101;
60325 : 111;
60326 : 111;
60327 : 000;
60328 : 100;
60329 : 000;
60330 : 000;
60331 : 101;
60332 : 000;
60333 : 101;
60334 : 000;
60335 : 100;
60336 : 000;
60337 : 000;
60338 : 100;
60339 : 000;
60340 : 000;
60341 : 000;
60342 : 000;
60343 : 000;
60344 : 000;
60345 : 000;
60346 : 100;
60347 : 010;
60348 : 000;
60349 : 000;
60350 : 000;
60351 : 110;
60352 : 110;
60353 : 001;
60354 : 000;
60355 : 000;
60356 : 000;
60357 : 000;
60358 : 100;
60359 : 011;
60360 : 000;
60361 : 110;
60362 : 001;
60363 : 110;
60364 : 000;
60365 : 111;
60366 : 000;
60367 : 010;
60368 : 000;
60369 : 000;
60370 : 011;
60371 : 000;
60372 : 000;
60373 : 100;
60374 : 010;
60375 : 000;
60376 : 000;
60377 : 000;
60378 : 000;
60379 : 000;
60380 : 000;
60381 : 000;
60382 : 000;
60383 : 000;
60384 : 000;
60385 : 000;
60386 : 000;
60387 : 000;
60388 : 001;
60389 : 000;
60390 : 000;
60391 : 010;
60392 : 000;
60393 : 000;
60394 : 000;
60395 : 000;
60396 : 000;
60397 : 000;
60398 : 100;
60399 : 000;
60400 : 010;
60401 : 100;
60402 : 000;
60403 : 000;
60404 : 101;
60405 : 000;
60406 : 110;
60407 : 000;
60408 : 110;
60409 : 000;
60410 : 000;
60411 : 000;
60412 : 000;
60413 : 000;
60414 : 000;
60415 : 000;
60416 : 000;
60417 : 000;
60418 : 000;
60419 : 000;
60420 : 110;
60421 : 000;
60422 : 000;
60423 : 000;
60424 : 000;
60425 : 000;
60426 : 000;
60427 : 000;
60428 : 000;
60429 : 000;
60430 : 000;
60431 : 111;
60432 : 000;
60433 : 101;
60434 : 000;
60435 : 100;
60436 : 010;
60437 : 000;
60438 : 001;
60439 : 000;
60440 : 001;
60441 : 000;
60442 : 000;
60443 : 000;
60444 : 000;
60445 : 000;
60446 : 000;
60447 : 000;
60448 : 001;
60449 : 000;
60450 : 100;
60451 : 000;
60452 : 101;
60453 : 010;
60454 : 101;
60455 : 010;
60456 : 101;
60457 : 000;
60458 : 110;
60459 : 001;
60460 : 000;
60461 : 110;
60462 : 000;
60463 : 000;
60464 : 000;
60465 : 000;
60466 : 000;
60467 : 000;
60468 : 000;
60469 : 000;
60470 : 000;
60471 : 000;
60472 : 000;
60473 : 000;
60474 : 000;
60475 : 000;
60476 : 000;
60477 : 000;
60478 : 000;
60479 : 000;
60480 : 000;
60481 : 110;
60482 : 100;
60483 : 110;
60484 : 001;
60485 : 100;
60486 : 110;
60487 : 000;
60488 : 000;
60489 : 111;
60490 : 000;
60491 : 000;
60492 : 000;
60493 : 000;
60494 : 000;
60495 : 000;
60496 : 000;
60497 : 000;
60498 : 000;
60499 : 110;
60500 : 001;
60501 : 000;
60502 : 100;
60503 : 011;
60504 : 100;
60505 : 000;
60506 : 000;
60507 : 000;
60508 : 000;
60509 : 010;
60510 : 000;
60511 : 000;
60512 : 000;
60513 : 000;
60514 : 000;
60515 : 000;
60516 : 010;
60517 : 000;
60518 : 000;
60519 : 000;
60520 : 000;
60521 : 000;
60522 : 000;
60523 : 000;
60524 : 000;
60525 : 000;
60526 : 000;
60527 : 000;
60528 : 000;
60529 : 000;
60530 : 000;
60531 : 000;
60532 : 000;
60533 : 000;
60534 : 100;
60535 : 000;
60536 : 000;
60537 : 000;
60538 : 000;
60539 : 000;
60540 : 000;
60541 : 000;
60542 : 000;
60543 : 000;
60544 : 000;
60545 : 000;
60546 : 000;
60547 : 000;
60548 : 000;
60549 : 010;
60550 : 100;
60551 : 000;
60552 : 000;
60553 : 010;
60554 : 000;
60555 : 100;
60556 : 000;
60557 : 000;
60558 : 000;
60559 : 000;
60560 : 101;
60561 : 000;
60562 : 000;
60563 : 000;
60564 : 000;
60565 : 000;
60566 : 100;
60567 : 000;
60568 : 000;
60569 : 001;
60570 : 000;
60571 : 000;
60572 : 001;
60573 : 000;
60574 : 000;
60575 : 000;
60576 : 000;
60577 : 000;
60578 : 000;
60579 : 100;
60580 : 000;
60581 : 000;
60582 : 001;
60583 : 100;
60584 : 000;
60585 : 100;
60586 : 000;
60587 : 000;
60588 : 110;
60589 : 101;
60590 : 010;
60591 : 000;
60592 : 000;
60593 : 100;
60594 : 000;
60595 : 001;
60596 : 100;
60597 : 000;
60598 : 110;
60599 : 001;
60600 : 110;
60601 : 000;
60602 : 100;
60603 : 001;
60604 : 000;
60605 : 000;
60606 : 111;
60607 : 000;
60608 : 000;
60609 : 000;
60610 : 000;
60611 : 100;
60612 : 000;
60613 : 000;
60614 : 000;
60615 : 100;
60616 : 000;
60617 : 000;
60618 : 000;
60619 : 010;
60620 : 101;
60621 : 000;
60622 : 000;
60623 : 111;
60624 : 000;
60625 : 000;
60626 : 100;
60627 : 000;
60628 : 000;
60629 : 000;
60630 : 000;
60631 : 000;
60632 : 000;
60633 : 110;
60634 : 000;
60635 : 100;
60636 : 000;
60637 : 101;
60638 : 110;
60639 : 111;
60640 : 110;
60641 : 111;
60642 : 111;
60643 : 110;
60644 : 000;
60645 : 000;
60646 : 000;
60647 : 000;
60648 : 000;
60649 : 000;
60650 : 000;
60651 : 010;
60652 : 110;
60653 : 010;
60654 : 111;
60655 : 110;
60656 : 111;
60657 : 111;
60658 : 000;
60659 : 000;
60660 : 000;
60661 : 000;
60662 : 000;
60663 : 000;
60664 : 000;
60665 : 000;
60666 : 000;
60667 : 000;
60668 : 000;
60669 : 100;
60670 : 000;
60671 : 101;
60672 : 110;
60673 : 000;
60674 : 000;
60675 : 100;
60676 : 000;
60677 : 011;
60678 : 100;
60679 : 000;
60680 : 000;
60681 : 101;
60682 : 010;
60683 : 101;
60684 : 000;
60685 : 100;
60686 : 000;
60687 : 100;
60688 : 111;
60689 : 000;
60690 : 100;
60691 : 000;
60692 : 000;
60693 : 000;
60694 : 101;
60695 : 000;
60696 : 000;
60697 : 000;
60698 : 000;
60699 : 000;
60700 : 000;
60701 : 000;
60702 : 000;
60703 : 000;
60704 : 000;
60705 : 000;
60706 : 000;
60707 : 000;
60708 : 000;
60709 : 000;
60710 : 000;
60711 : 000;
60712 : 100;
60713 : 010;
60714 : 101;
60715 : 000;
60716 : 010;
60717 : 000;
60718 : 001;
60719 : 000;
60720 : 000;
60721 : 000;
60722 : 000;
60723 : 000;
60724 : 010;
60725 : 000;
60726 : 101;
60727 : 000;
60728 : 101;
60729 : 110;
60730 : 100;
60731 : 111;
60732 : 100;
60733 : 110;
60734 : 000;
60735 : 100;
60736 : 000;
60737 : 000;
60738 : 000;
60739 : 000;
60740 : 000;
60741 : 100;
60742 : 000;
60743 : 000;
60744 : 000;
60745 : 000;
60746 : 000;
60747 : 000;
60748 : 000;
60749 : 100;
60750 : 000;
60751 : 000;
60752 : 000;
60753 : 000;
60754 : 000;
60755 : 000;
60756 : 000;
60757 : 000;
60758 : 000;
60759 : 100;
60760 : 010;
60761 : 100;
60762 : 000;
60763 : 001;
60764 : 100;
60765 : 011;
60766 : 100;
60767 : 000;
60768 : 110;
60769 : 000;
60770 : 011;
60771 : 000;
60772 : 000;
60773 : 000;
60774 : 000;
60775 : 000;
60776 : 000;
60777 : 000;
60778 : 001;
60779 : 000;
60780 : 000;
60781 : 001;
60782 : 000;
60783 : 110;
60784 : 001;
60785 : 010;
60786 : 100;
60787 : 000;
60788 : 010;
60789 : 000;
60790 : 000;
60791 : 000;
60792 : 000;
60793 : 000;
60794 : 000;
60795 : 000;
60796 : 000;
60797 : 000;
60798 : 000;
60799 : 000;
60800 : 100;
60801 : 001;
60802 : 000;
60803 : 000;
60804 : 010;
60805 : 000;
60806 : 000;
60807 : 000;
60808 : 000;
60809 : 000;
60810 : 000;
60811 : 000;
60812 : 100;
60813 : 000;
60814 : 100;
60815 : 000;
60816 : 010;
60817 : 100;
60818 : 000;
60819 : 000;
60820 : 000;
60821 : 000;
60822 : 110;
60823 : 000;
60824 : 110;
60825 : 000;
60826 : 000;
60827 : 000;
60828 : 000;
60829 : 000;
60830 : 000;
60831 : 000;
60832 : 000;
60833 : 000;
60834 : 000;
60835 : 000;
60836 : 000;
60837 : 000;
60838 : 000;
60839 : 000;
60840 : 000;
60841 : 000;
60842 : 000;
60843 : 000;
60844 : 000;
60845 : 000;
60846 : 000;
60847 : 000;
60848 : 000;
60849 : 000;
60850 : 000;
60851 : 000;
60852 : 000;
60853 : 000;
60854 : 000;
60855 : 000;
60856 : 000;
60857 : 000;
60858 : 000;
60859 : 000;
60860 : 010;
60861 : 000;
60862 : 000;
60863 : 000;
60864 : 000;
60865 : 000;
60866 : 110;
60867 : 000;
60868 : 000;
60869 : 001;
60870 : 000;
60871 : 000;
60872 : 000;
60873 : 001;
60874 : 000;
60875 : 000;
60876 : 000;
60877 : 001;
60878 : 000;
60879 : 000;
60880 : 000;
60881 : 000;
60882 : 000;
60883 : 010;
60884 : 000;
60885 : 000;
60886 : 000;
60887 : 000;
60888 : 000;
60889 : 000;
60890 : 000;
60891 : 000;
60892 : 000;
60893 : 000;
60894 : 110;
60895 : 000;
60896 : 000;
60897 : 000;
60898 : 000;
60899 : 001;
60900 : 000;
60901 : 000;
60902 : 000;
60903 : 000;
60904 : 000;
60905 : 010;
60906 : 000;
60907 : 100;
60908 : 000;
60909 : 000;
60910 : 000;
60911 : 100;
60912 : 000;
60913 : 000;
60914 : 000;
60915 : 000;
60916 : 010;
60917 : 000;
60918 : 000;
60919 : 100;
60920 : 000;
60921 : 111;
60922 : 000;
60923 : 000;
60924 : 110;
60925 : 000;
60926 : 000;
60927 : 000;
60928 : 110;
60929 : 000;
60930 : 001;
60931 : 010;
60932 : 000;
60933 : 100;
60934 : 000;
60935 : 011;
60936 : 000;
60937 : 000;
60938 : 001;
60939 : 000;
60940 : 000;
60941 : 000;
60942 : 000;
60943 : 000;
60944 : 000;
60945 : 000;
60946 : 011;
60947 : 000;
60948 : 100;
60949 : 010;
60950 : 101;
60951 : 000;
60952 : 000;
60953 : 000;
60954 : 000;
60955 : 001;
60956 : 110;
60957 : 000;
60958 : 111;
60959 : 100;
60960 : 111;
60961 : 100;
60962 : 111;
60963 : 111;
60964 : 110;
60965 : 000;
60966 : 000;
60967 : 000;
60968 : 100;
60969 : 011;
60970 : 110;
60971 : 101;
60972 : 111;
60973 : 111;
60974 : 100;
60975 : 111;
60976 : 110;
60977 : 101;
60978 : 000;
60979 : 000;
60980 : 000;
60981 : 000;
60982 : 000;
60983 : 000;
60984 : 000;
60985 : 000;
60986 : 000;
60987 : 000;
60988 : 000;
60989 : 000;
60990 : 000;
60991 : 000;
60992 : 001;
60993 : 000;
60994 : 000;
60995 : 010;
60996 : 000;
60997 : 100;
60998 : 000;
60999 : 011;
61000 : 100;
61001 : 000;
61002 : 100;
61003 : 010;
61004 : 100;
61005 : 011;
61006 : 100;
61007 : 000;
61008 : 000;
61009 : 000;
61010 : 000;
61011 : 010;
61012 : 100;
61013 : 000;
61014 : 000;
61015 : 000;
61016 : 000;
61017 : 000;
61018 : 000;
61019 : 100;
61020 : 000;
61021 : 000;
61022 : 000;
61023 : 000;
61024 : 000;
61025 : 000;
61026 : 000;
61027 : 000;
61028 : 000;
61029 : 000;
61030 : 000;
61031 : 000;
61032 : 000;
61033 : 000;
61034 : 000;
61035 : 000;
61036 : 100;
61037 : 001;
61038 : 110;
61039 : 000;
61040 : 000;
61041 : 000;
61042 : 000;
61043 : 000;
61044 : 000;
61045 : 000;
61046 : 000;
61047 : 000;
61048 : 000;
61049 : 100;
61050 : 000;
61051 : 100;
61052 : 000;
61053 : 101;
61054 : 100;
61055 : 110;
61056 : 101;
61057 : 110;
61058 : 100;
61059 : 101;
61060 : 000;
61061 : 100;
61062 : 000;
61063 : 000;
61064 : 000;
61065 : 000;
61066 : 000;
61067 : 000;
61068 : 000;
61069 : 000;
61070 : 000;
61071 : 000;
61072 : 000;
61073 : 000;
61074 : 000;
61075 : 000;
61076 : 001;
61077 : 000;
61078 : 000;
61079 : 000;
61080 : 000;
61081 : 000;
61082 : 000;
61083 : 000;
61084 : 000;
61085 : 000;
61086 : 000;
61087 : 000;
61088 : 000;
61089 : 000;
61090 : 000;
61091 : 100;
61092 : 010;
61093 : 001;
61094 : 100;
61095 : 010;
61096 : 001;
61097 : 110;
61098 : 000;
61099 : 110;
61100 : 000;
61101 : 100;
61102 : 000;
61103 : 000;
61104 : 000;
61105 : 000;
61106 : 001;
61107 : 000;
61108 : 000;
61109 : 001;
61110 : 000;
61111 : 100;
61112 : 011;
61113 : 100;
61114 : 001;
61115 : 110;
61116 : 000;
61117 : 001;
61118 : 100;
61119 : 000;
61120 : 000;
61121 : 000;
61122 : 010;
61123 : 000;
61124 : 100;
61125 : 000;
61126 : 000;
61127 : 101;
61128 : 000;
61129 : 000;
61130 : 100;
61131 : 010;
61132 : 001;
61133 : 000;
61134 : 010;
61135 : 000;
61136 : 000;
61137 : 001;
61138 : 000;
61139 : 000;
61140 : 100;
61141 : 000;
61142 : 101;
61143 : 000;
61144 : 000;
61145 : 000;
61146 : 000;
61147 : 000;
61148 : 000;
61149 : 000;
61150 : 101;
61151 : 000;
61152 : 000;
61153 : 000;
61154 : 000;
61155 : 000;
61156 : 000;
61157 : 000;
61158 : 000;
61159 : 000;
61160 : 000;
61161 : 000;
61162 : 000;
61163 : 000;
61164 : 000;
61165 : 000;
61166 : 000;
61167 : 000;
61168 : 000;
61169 : 000;
61170 : 000;
61171 : 000;
61172 : 000;
61173 : 001;
61174 : 000;
61175 : 000;
61176 : 000;
61177 : 000;
61178 : 000;
61179 : 000;
61180 : 000;
61181 : 000;
61182 : 100;
61183 : 000;
61184 : 010;
61185 : 001;
61186 : 000;
61187 : 000;
61188 : 000;
61189 : 000;
61190 : 000;
61191 : 000;
61192 : 000;
61193 : 100;
61194 : 000;
61195 : 000;
61196 : 000;
61197 : 010;
61198 : 000;
61199 : 000;
61200 : 000;
61201 : 010;
61202 : 000;
61203 : 000;
61204 : 001;
61205 : 000;
61206 : 000;
61207 : 000;
61208 : 000;
61209 : 010;
61210 : 000;
61211 : 000;
61212 : 110;
61213 : 000;
61214 : 000;
61215 : 000;
61216 : 000;
61217 : 100;
61218 : 010;
61219 : 100;
61220 : 000;
61221 : 010;
61222 : 000;
61223 : 000;
61224 : 100;
61225 : 000;
61226 : 000;
61227 : 001;
61228 : 110;
61229 : 000;
61230 : 000;
61231 : 000;
61232 : 011;
61233 : 100;
61234 : 010;
61235 : 100;
61236 : 000;
61237 : 000;
61238 : 000;
61239 : 011;
61240 : 000;
61241 : 000;
61242 : 000;
61243 : 000;
61244 : 000;
61245 : 000;
61246 : 101;
61247 : 000;
61248 : 000;
61249 : 100;
61250 : 010;
61251 : 100;
61252 : 100;
61253 : 001;
61254 : 000;
61255 : 100;
61256 : 000;
61257 : 110;
61258 : 000;
61259 : 100;
61260 : 110;
61261 : 100;
61262 : 011;
61263 : 100;
61264 : 000;
61265 : 100;
61266 : 000;
61267 : 000;
61268 : 000;
61269 : 000;
61270 : 000;
61271 : 110;
61272 : 000;
61273 : 101;
61274 : 010;
61275 : 100;
61276 : 111;
61277 : 110;
61278 : 111;
61279 : 110;
61280 : 111;
61281 : 110;
61282 : 111;
61283 : 111;
61284 : 000;
61285 : 000;
61286 : 100;
61287 : 000;
61288 : 000;
61289 : 000;
61290 : 100;
61291 : 111;
61292 : 110;
61293 : 111;
61294 : 110;
61295 : 101;
61296 : 010;
61297 : 100;
61298 : 000;
61299 : 000;
61300 : 000;
61301 : 000;
61302 : 000;
61303 : 000;
61304 : 000;
61305 : 000;
61306 : 000;
61307 : 111;
61308 : 000;
61309 : 000;
61310 : 000;
61311 : 010;
61312 : 100;
61313 : 010;
61314 : 100;
61315 : 001;
61316 : 000;
61317 : 000;
61318 : 000;
61319 : 100;
61320 : 000;
61321 : 010;
61322 : 000;
61323 : 000;
61324 : 000;
61325 : 000;
61326 : 000;
61327 : 010;
61328 : 100;
61329 : 000;
61330 : 000;
61331 : 000;
61332 : 000;
61333 : 000;
61334 : 000;
61335 : 000;
61336 : 000;
61337 : 100;
61338 : 010;
61339 : 000;
61340 : 001;
61341 : 100;
61342 : 000;
61343 : 000;
61344 : 100;
61345 : 001;
61346 : 000;
61347 : 100;
61348 : 000;
61349 : 000;
61350 : 100;
61351 : 000;
61352 : 000;
61353 : 000;
61354 : 000;
61355 : 000;
61356 : 000;
61357 : 000;
61358 : 000;
61359 : 000;
61360 : 000;
61361 : 000;
61362 : 000;
61363 : 000;
61364 : 000;
61365 : 000;
61366 : 000;
61367 : 000;
61368 : 100;
61369 : 000;
61370 : 100;
61371 : 000;
61372 : 100;
61373 : 000;
61374 : 000;
61375 : 100;
61376 : 000;
61377 : 100;
61378 : 000;
61379 : 010;
61380 : 000;
61381 : 000;
61382 : 001;
61383 : 000;
61384 : 100;
61385 : 000;
61386 : 000;
61387 : 000;
61388 : 000;
61389 : 000;
61390 : 000;
61391 : 000;
61392 : 000;
61393 : 000;
61394 : 000;
61395 : 000;
61396 : 000;
61397 : 000;
61398 : 000;
61399 : 000;
61400 : 000;
61401 : 000;
61402 : 000;
61403 : 010;
61404 : 000;
61405 : 000;
61406 : 000;
61407 : 000;
61408 : 000;
61409 : 000;
61410 : 000;
61411 : 000;
61412 : 000;
61413 : 000;
61414 : 000;
61415 : 000;
61416 : 000;
61417 : 000;
61418 : 000;
61419 : 000;
61420 : 001;
61421 : 010;
61422 : 000;
61423 : 001;
61424 : 110;
61425 : 000;
61426 : 000;
61427 : 000;
61428 : 100;
61429 : 000;
61430 : 000;
61431 : 000;
61432 : 000;
61433 : 000;
61434 : 000;
61435 : 000;
61436 : 000;
61437 : 000;
61438 : 000;
61439 : 000;
61440 : 000;
61441 : 000;
61442 : 100;
61443 : 000;
61444 : 000;
61445 : 001;
61446 : 000;
61447 : 000;
61448 : 010;
61449 : 000;
61450 : 000;
61451 : 000;
61452 : 000;
61453 : 000;
61454 : 000;
61455 : 100;
61456 : 000;
61457 : 000;
61458 : 100;
61459 : 010;
61460 : 000;
61461 : 000;
61462 : 110;
61463 : 100;
61464 : 011;
61465 : 100;
61466 : 000;
61467 : 000;
61468 : 000;
61469 : 000;
61470 : 000;
61471 : 000;
61472 : 000;
61473 : 000;
61474 : 000;
61475 : 000;
61476 : 000;
61477 : 000;
61478 : 000;
61479 : 000;
61480 : 000;
61481 : 000;
61482 : 000;
61483 : 000;
61484 : 001;
61485 : 000;
61486 : 000;
61487 : 000;
61488 : 000;
61489 : 001;
61490 : 000;
61491 : 000;
61492 : 000;
61493 : 000;
61494 : 000;
61495 : 000;
61496 : 000;
61497 : 010;
61498 : 000;
61499 : 001;
61500 : 100;
61501 : 000;
61502 : 000;
61503 : 001;
61504 : 000;
61505 : 000;
61506 : 000;
61507 : 000;
61508 : 000;
61509 : 000;
61510 : 000;
61511 : 000;
61512 : 000;
61513 : 010;
61514 : 000;
61515 : 000;
61516 : 000;
61517 : 100;
61518 : 000;
61519 : 000;
61520 : 000;
61521 : 000;
61522 : 000;
61523 : 000;
61524 : 100;
61525 : 000;
61526 : 000;
61527 : 010;
61528 : 100;
61529 : 000;
61530 : 000;
61531 : 000;
61532 : 000;
61533 : 000;
61534 : 000;
61535 : 000;
61536 : 000;
61537 : 000;
61538 : 000;
61539 : 000;
61540 : 000;
61541 : 000;
61542 : 100;
61543 : 000;
61544 : 001;
61545 : 000;
61546 : 000;
61547 : 000;
61548 : 000;
61549 : 100;
61550 : 000;
61551 : 100;
61552 : 000;
61553 : 111;
61554 : 000;
61555 : 101;
61556 : 010;
61557 : 101;
61558 : 000;
61559 : 100;
61560 : 000;
61561 : 000;
61562 : 000;
61563 : 000;
61564 : 000;
61565 : 000;
61566 : 000;
61567 : 000;
61568 : 000;
61569 : 001;
61570 : 100;
61571 : 000;
61572 : 000;
61573 : 000;
61574 : 010;
61575 : 000;
61576 : 000;
61577 : 000;
61578 : 000;
61579 : 000;
61580 : 001;
61581 : 000;
61582 : 100;
61583 : 010;
61584 : 100;
61585 : 000;
61586 : 110;
61587 : 000;
61588 : 101;
61589 : 010;
61590 : 000;
61591 : 000;
61592 : 000;
61593 : 000;
61594 : 100;
61595 : 010;
61596 : 000;
61597 : 100;
61598 : 101;
61599 : 010;
61600 : 101;
61601 : 000;
61602 : 000;
61603 : 100;
61604 : 000;
61605 : 111;
61606 : 111;
61607 : 010;
61608 : 101;
61609 : 010;
61610 : 000;
61611 : 100;
61612 : 011;
61613 : 100;
61614 : 111;
61615 : 100;
61616 : 111;
61617 : 110;
61618 : 000;
61619 : 000;
61620 : 000;
61621 : 000;
61622 : 000;
61623 : 000;
61624 : 000;
61625 : 000;
61626 : 000;
61627 : 000;
61628 : 000;
61629 : 000;
61630 : 000;
61631 : 101;
61632 : 000;
61633 : 001;
61634 : 000;
61635 : 000;
61636 : 100;
61637 : 010;
61638 : 000;
61639 : 000;
61640 : 000;
61641 : 001;
61642 : 100;
61643 : 000;
61644 : 000;
61645 : 000;
61646 : 100;
61647 : 001;
61648 : 000;
61649 : 010;
61650 : 101;
61651 : 000;
61652 : 000;
61653 : 000;
61654 : 000;
61655 : 000;
61656 : 000;
61657 : 000;
61658 : 001;
61659 : 100;
61660 : 010;
61661 : 000;
61662 : 010;
61663 : 001;
61664 : 000;
61665 : 010;
61666 : 000;
61667 : 000;
61668 : 010;
61669 : 001;
61670 : 000;
61671 : 010;
61672 : 000;
61673 : 000;
61674 : 100;
61675 : 000;
61676 : 010;
61677 : 000;
61678 : 000;
61679 : 000;
61680 : 000;
61681 : 000;
61682 : 000;
61683 : 000;
61684 : 000;
61685 : 000;
61686 : 000;
61687 : 000;
61688 : 000;
61689 : 000;
61690 : 000;
61691 : 100;
61692 : 000;
61693 : 100;
61694 : 000;
61695 : 100;
61696 : 000;
61697 : 100;
61698 : 000;
61699 : 100;
61700 : 001;
61701 : 000;
61702 : 000;
61703 : 110;
61704 : 000;
61705 : 111;
61706 : 000;
61707 : 111;
61708 : 000;
61709 : 000;
61710 : 001;
61711 : 000;
61712 : 000;
61713 : 000;
61714 : 010;
61715 : 000;
61716 : 000;
61717 : 000;
61718 : 000;
61719 : 000;
61720 : 000;
61721 : 000;
61722 : 000;
61723 : 101;
61724 : 000;
61725 : 000;
61726 : 000;
61727 : 000;
61728 : 000;
61729 : 000;
61730 : 000;
61731 : 001;
61732 : 000;
61733 : 000;
61734 : 000;
61735 : 000;
61736 : 000;
61737 : 000;
61738 : 000;
61739 : 000;
61740 : 000;
61741 : 000;
61742 : 100;
61743 : 010;
61744 : 001;
61745 : 100;
61746 : 111;
61747 : 000;
61748 : 011;
61749 : 100;
61750 : 011;
61751 : 100;
61752 : 010;
61753 : 000;
61754 : 000;
61755 : 000;
61756 : 000;
61757 : 000;
61758 : 010;
61759 : 000;
61760 : 000;
61761 : 000;
61762 : 000;
61763 : 001;
61764 : 000;
61765 : 000;
61766 : 110;
61767 : 000;
61768 : 000;
61769 : 100;
61770 : 000;
61771 : 000;
61772 : 100;
61773 : 000;
61774 : 000;
61775 : 001;
61776 : 000;
61777 : 010;
61778 : 000;
61779 : 000;
61780 : 000;
61781 : 001;
61782 : 000;
61783 : 110;
61784 : 000;
61785 : 000;
61786 : 000;
61787 : 000;
61788 : 000;
61789 : 000;
61790 : 000;
61791 : 000;
61792 : 000;
61793 : 000;
61794 : 000;
61795 : 000;
61796 : 000;
61797 : 100;
61798 : 000;
61799 : 000;
61800 : 101;
61801 : 000;
61802 : 000;
61803 : 000;
61804 : 110;
61805 : 000;
61806 : 000;
61807 : 000;
61808 : 110;
61809 : 000;
61810 : 000;
61811 : 000;
61812 : 110;
61813 : 000;
61814 : 000;
61815 : 000;
61816 : 001;
61817 : 000;
61818 : 000;
61819 : 000;
61820 : 000;
61821 : 000;
61822 : 000;
61823 : 000;
61824 : 000;
61825 : 100;
61826 : 010;
61827 : 000;
61828 : 100;
61829 : 000;
61830 : 111;
61831 : 000;
61832 : 000;
61833 : 101;
61834 : 000;
61835 : 111;
61836 : 000;
61837 : 001;
61838 : 010;
61839 : 100;
61840 : 000;
61841 : 001;
61842 : 000;
61843 : 000;
61844 : 000;
61845 : 000;
61846 : 000;
61847 : 001;
61848 : 000;
61849 : 000;
61850 : 001;
61851 : 000;
61852 : 000;
61853 : 000;
61854 : 001;
61855 : 000;
61856 : 000;
61857 : 001;
61858 : 000;
61859 : 110;
61860 : 000;
61861 : 001;
61862 : 000;
61863 : 000;
61864 : 010;
61865 : 000;
61866 : 000;
61867 : 000;
61868 : 110;
61869 : 001;
61870 : 010;
61871 : 000;
61872 : 000;
61873 : 000;
61874 : 000;
61875 : 000;
61876 : 000;
61877 : 000;
61878 : 000;
61879 : 000;
61880 : 000;
61881 : 000;
61882 : 100;
61883 : 010;
61884 : 000;
61885 : 000;
61886 : 110;
61887 : 000;
61888 : 000;
61889 : 000;
61890 : 010;
61891 : 000;
61892 : 000;
61893 : 000;
61894 : 000;
61895 : 000;
61896 : 000;
61897 : 000;
61898 : 000;
61899 : 000;
61900 : 000;
61901 : 000;
61902 : 000;
61903 : 101;
61904 : 010;
61905 : 101;
61906 : 000;
61907 : 011;
61908 : 000;
61909 : 100;
61910 : 001;
61911 : 100;
61912 : 010;
61913 : 001;
61914 : 000;
61915 : 100;
61916 : 001;
61917 : 010;
61918 : 000;
61919 : 100;
61920 : 000;
61921 : 110;
61922 : 000;
61923 : 111;
61924 : 110;
61925 : 111;
61926 : 111;
61927 : 111;
61928 : 111;
61929 : 100;
61930 : 011;
61931 : 100;
61932 : 100;
61933 : 111;
61934 : 110;
61935 : 111;
61936 : 110;
61937 : 101;
61938 : 000;
61939 : 000;
61940 : 000;
61941 : 000;
61942 : 000;
61943 : 000;
61944 : 000;
61945 : 000;
61946 : 000;
61947 : 000;
61948 : 000;
61949 : 100;
61950 : 010;
61951 : 000;
61952 : 010;
61953 : 000;
61954 : 100;
61955 : 000;
61956 : 000;
61957 : 001;
61958 : 100;
61959 : 011;
61960 : 000;
61961 : 100;
61962 : 010;
61963 : 001;
61964 : 110;
61965 : 000;
61966 : 111;
61967 : 000;
61968 : 100;
61969 : 000;
61970 : 000;
61971 : 111;
61972 : 000;
61973 : 000;
61974 : 000;
61975 : 000;
61976 : 000;
61977 : 110;
61978 : 000;
61979 : 000;
61980 : 100;
61981 : 000;
61982 : 100;
61983 : 000;
61984 : 110;
61985 : 000;
61986 : 100;
61987 : 001;
61988 : 100;
61989 : 000;
61990 : 000;
61991 : 100;
61992 : 001;
61993 : 110;
61994 : 001;
61995 : 000;
61996 : 100;
61997 : 001;
61998 : 100;
61999 : 000;
62000 : 111;
62001 : 000;
62002 : 000;
62003 : 000;
62004 : 000;
62005 : 000;
62006 : 000;
62007 : 000;
62008 : 100;
62009 : 000;
62010 : 100;
62011 : 000;
62012 : 000;
62013 : 000;
62014 : 100;
62015 : 000;
62016 : 000;
62017 : 100;
62018 : 000;
62019 : 000;
62020 : 000;
62021 : 000;
62022 : 000;
62023 : 000;
62024 : 000;
62025 : 000;
62026 : 000;
62027 : 000;
62028 : 100;
62029 : 110;
62030 : 000;
62031 : 010;
62032 : 000;
62033 : 000;
62034 : 000;
62035 : 000;
62036 : 000;
62037 : 000;
62038 : 000;
62039 : 010;
62040 : 000;
62041 : 001;
62042 : 000;
62043 : 000;
62044 : 000;
62045 : 000;
62046 : 000;
62047 : 000;
62048 : 111;
62049 : 000;
62050 : 000;
62051 : 000;
62052 : 100;
62053 : 000;
62054 : 000;
62055 : 000;
62056 : 100;
62057 : 000;
62058 : 000;
62059 : 000;
62060 : 000;
62061 : 000;
62062 : 001;
62063 : 100;
62064 : 000;
62065 : 010;
62066 : 000;
62067 : 100;
62068 : 000;
62069 : 010;
62070 : 100;
62071 : 001;
62072 : 100;
62073 : 111;
62074 : 100;
62075 : 111;
62076 : 110;
62077 : 001;
62078 : 100;
62079 : 000;
62080 : 000;
62081 : 000;
62082 : 000;
62083 : 000;
62084 : 110;
62085 : 000;
62086 : 000;
62087 : 000;
62088 : 000;
62089 : 000;
62090 : 001;
62091 : 010;
62092 : 000;
62093 : 000;
62094 : 010;
62095 : 100;
62096 : 000;
62097 : 000;
62098 : 000;
62099 : 101;
62100 : 000;
62101 : 110;
62102 : 000;
62103 : 100;
62104 : 000;
62105 : 000;
62106 : 000;
62107 : 000;
62108 : 000;
62109 : 000;
62110 : 000;
62111 : 000;
62112 : 000;
62113 : 000;
62114 : 100;
62115 : 000;
62116 : 000;
62117 : 001;
62118 : 000;
62119 : 000;
62120 : 010;
62121 : 000;
62122 : 000;
62123 : 000;
62124 : 000;
62125 : 000;
62126 : 000;
62127 : 000;
62128 : 000;
62129 : 000;
62130 : 000;
62131 : 000;
62132 : 000;
62133 : 000;
62134 : 000;
62135 : 000;
62136 : 000;
62137 : 100;
62138 : 000;
62139 : 000;
62140 : 000;
62141 : 010;
62142 : 000;
62143 : 000;
62144 : 110;
62145 : 000;
62146 : 001;
62147 : 100;
62148 : 011;
62149 : 000;
62150 : 000;
62151 : 110;
62152 : 000;
62153 : 000;
62154 : 010;
62155 : 000;
62156 : 000;
62157 : 100;
62158 : 000;
62159 : 000;
62160 : 000;
62161 : 000;
62162 : 000;
62163 : 000;
62164 : 000;
62165 : 000;
62166 : 000;
62167 : 000;
62168 : 000;
62169 : 000;
62170 : 100;
62171 : 000;
62172 : 000;
62173 : 100;
62174 : 000;
62175 : 010;
62176 : 100;
62177 : 000;
62178 : 000;
62179 : 000;
62180 : 000;
62181 : 000;
62182 : 000;
62183 : 000;
62184 : 000;
62185 : 000;
62186 : 000;
62187 : 000;
62188 : 000;
62189 : 000;
62190 : 000;
62191 : 101;
62192 : 000;
62193 : 000;
62194 : 000;
62195 : 000;
62196 : 000;
62197 : 000;
62198 : 000;
62199 : 010;
62200 : 000;
62201 : 000;
62202 : 000;
62203 : 000;
62204 : 000;
62205 : 000;
62206 : 000;
62207 : 001;
62208 : 110;
62209 : 000;
62210 : 100;
62211 : 000;
62212 : 000;
62213 : 000;
62214 : 000;
62215 : 000;
62216 : 000;
62217 : 000;
62218 : 000;
62219 : 000;
62220 : 000;
62221 : 000;
62222 : 000;
62223 : 000;
62224 : 000;
62225 : 011;
62226 : 100;
62227 : 000;
62228 : 100;
62229 : 011;
62230 : 000;
62231 : 110;
62232 : 000;
62233 : 100;
62234 : 010;
62235 : 001;
62236 : 100;
62237 : 110;
62238 : 000;
62239 : 111;
62240 : 000;
62241 : 000;
62242 : 101;
62243 : 000;
62244 : 111;
62245 : 111;
62246 : 111;
62247 : 111;
62248 : 111;
62249 : 100;
62250 : 000;
62251 : 010;
62252 : 000;
62253 : 100;
62254 : 010;
62255 : 101;
62256 : 110;
62257 : 110;
62258 : 000;
62259 : 000;
62260 : 010;
62261 : 000;
62262 : 000;
62263 : 000;
62264 : 000;
62265 : 000;
62266 : 000;
62267 : 110;
62268 : 000;
62269 : 001;
62270 : 000;
62271 : 000;
62272 : 101;
62273 : 000;
62274 : 010;
62275 : 000;
62276 : 000;
62277 : 110;
62278 : 000;
62279 : 100;
62280 : 010;
62281 : 101;
62282 : 000;
62283 : 110;
62284 : 001;
62285 : 100;
62286 : 010;
62287 : 101;
62288 : 010;
62289 : 000;
62290 : 000;
62291 : 000;
62292 : 000;
62293 : 000;
62294 : 000;
62295 : 000;
62296 : 000;
62297 : 000;
62298 : 111;
62299 : 000;
62300 : 010;
62301 : 101;
62302 : 010;
62303 : 000;
62304 : 100;
62305 : 001;
62306 : 010;
62307 : 100;
62308 : 010;
62309 : 100;
62310 : 000;
62311 : 010;
62312 : 000;
62313 : 000;
62314 : 000;
62315 : 110;
62316 : 000;
62317 : 000;
62318 : 010;
62319 : 000;
62320 : 000;
62321 : 100;
62322 : 000;
62323 : 000;
62324 : 100;
62325 : 000;
62326 : 000;
62327 : 000;
62328 : 000;
62329 : 000;
62330 : 000;
62331 : 000;
62332 : 100;
62333 : 000;
62334 : 000;
62335 : 100;
62336 : 000;
62337 : 000;
62338 : 000;
62339 : 100;
62340 : 000;
62341 : 000;
62342 : 000;
62343 : 000;
62344 : 000;
62345 : 000;
62346 : 000;
62347 : 000;
62348 : 000;
62349 : 000;
62350 : 001;
62351 : 100;
62352 : 000;
62353 : 000;
62354 : 000;
62355 : 000;
62356 : 000;
62357 : 000;
62358 : 100;
62359 : 001;
62360 : 000;
62361 : 100;
62362 : 000;
62363 : 000;
62364 : 010;
62365 : 100;
62366 : 001;
62367 : 000;
62368 : 000;
62369 : 000;
62370 : 000;
62371 : 000;
62372 : 000;
62373 : 010;
62374 : 000;
62375 : 000;
62376 : 001;
62377 : 000;
62378 : 000;
62379 : 001;
62380 : 000;
62381 : 000;
62382 : 000;
62383 : 010;
62384 : 100;
62385 : 001;
62386 : 000;
62387 : 011;
62388 : 100;
62389 : 001;
62390 : 000;
62391 : 110;
62392 : 000;
62393 : 011;
62394 : 000;
62395 : 000;
62396 : 101;
62397 : 010;
62398 : 100;
62399 : 011;
62400 : 000;
62401 : 000;
62402 : 110;
62403 : 000;
62404 : 000;
62405 : 000;
62406 : 000;
62407 : 000;
62408 : 000;
62409 : 000;
62410 : 100;
62411 : 000;
62412 : 000;
62413 : 101;
62414 : 000;
62415 : 000;
62416 : 000;
62417 : 100;
62418 : 000;
62419 : 000;
62420 : 000;
62421 : 000;
62422 : 110;
62423 : 001;
62424 : 110;
62425 : 000;
62426 : 000;
62427 : 001;
62428 : 110;
62429 : 000;
62430 : 000;
62431 : 110;
62432 : 000;
62433 : 000;
62434 : 000;
62435 : 000;
62436 : 010;
62437 : 000;
62438 : 000;
62439 : 000;
62440 : 000;
62441 : 000;
62442 : 000;
62443 : 000;
62444 : 000;
62445 : 000;
62446 : 000;
62447 : 001;
62448 : 000;
62449 : 000;
62450 : 110;
62451 : 001;
62452 : 000;
62453 : 000;
62454 : 101;
62455 : 010;
62456 : 000;
62457 : 010;
62458 : 101;
62459 : 010;
62460 : 100;
62461 : 001;
62462 : 000;
62463 : 000;
62464 : 001;
62465 : 000;
62466 : 000;
62467 : 000;
62468 : 000;
62469 : 100;
62470 : 000;
62471 : 001;
62472 : 000;
62473 : 000;
62474 : 101;
62475 : 000;
62476 : 000;
62477 : 000;
62478 : 000;
62479 : 000;
62480 : 000;
62481 : 000;
62482 : 100;
62483 : 000;
62484 : 010;
62485 : 100;
62486 : 000;
62487 : 000;
62488 : 100;
62489 : 000;
62490 : 000;
62491 : 000;
62492 : 000;
62493 : 010;
62494 : 000;
62495 : 000;
62496 : 000;
62497 : 000;
62498 : 000;
62499 : 000;
62500 : 000;
62501 : 000;
62502 : 000;
62503 : 000;
62504 : 000;
62505 : 000;
62506 : 100;
62507 : 011;
62508 : 100;
62509 : 010;
62510 : 100;
62511 : 010;
62512 : 100;
62513 : 000;
62514 : 000;
62515 : 000;
62516 : 000;
62517 : 100;
62518 : 000;
62519 : 000;
62520 : 100;
62521 : 000;
62522 : 000;
62523 : 000;
62524 : 101;
62525 : 000;
62526 : 000;
62527 : 000;
62528 : 000;
62529 : 000;
62530 : 001;
62531 : 000;
62532 : 000;
62533 : 000;
62534 : 000;
62535 : 000;
62536 : 000;
62537 : 000;
62538 : 000;
62539 : 000;
62540 : 000;
62541 : 000;
62542 : 000;
62543 : 110;
62544 : 000;
62545 : 000;
62546 : 000;
62547 : 011;
62548 : 000;
62549 : 100;
62550 : 000;
62551 : 001;
62552 : 000;
62553 : 000;
62554 : 000;
62555 : 000;
62556 : 000;
62557 : 101;
62558 : 010;
62559 : 100;
62560 : 111;
62561 : 110;
62562 : 110;
62563 : 100;
62564 : 111;
62565 : 111;
62566 : 111;
62567 : 111;
62568 : 111;
62569 : 110;
62570 : 000;
62571 : 101;
62572 : 010;
62573 : 101;
62574 : 000;
62575 : 110;
62576 : 001;
62577 : 110;
62578 : 000;
62579 : 000;
62580 : 100;
62581 : 000;
62582 : 000;
62583 : 000;
62584 : 000;
62585 : 000;
62586 : 000;
62587 : 001;
62588 : 000;
62589 : 000;
62590 : 000;
62591 : 100;
62592 : 010;
62593 : 000;
62594 : 000;
62595 : 101;
62596 : 000;
62597 : 000;
62598 : 011;
62599 : 100;
62600 : 001;
62601 : 110;
62602 : 000;
62603 : 100;
62604 : 000;
62605 : 000;
62606 : 000;
62607 : 000;
62608 : 100;
62609 : 011;
62610 : 100;
62611 : 000;
62612 : 000;
62613 : 000;
62614 : 000;
62615 : 000;
62616 : 000;
62617 : 100;
62618 : 000;
62619 : 100;
62620 : 000;
62621 : 000;
62622 : 100;
62623 : 001;
62624 : 010;
62625 : 100;
62626 : 000;
62627 : 000;
62628 : 000;
62629 : 001;
62630 : 110;
62631 : 000;
62632 : 101;
62633 : 000;
62634 : 100;
62635 : 001;
62636 : 000;
62637 : 100;
62638 : 001;
62639 : 100;
62640 : 000;
62641 : 010;
62642 : 001;
62643 : 000;
62644 : 010;
62645 : 001;
62646 : 000;
62647 : 000;
62648 : 000;
62649 : 000;
62650 : 100;
62651 : 000;
62652 : 000;
62653 : 000;
62654 : 000;
62655 : 000;
62656 : 000;
62657 : 100;
62658 : 000;
62659 : 000;
62660 : 000;
62661 : 000;
62662 : 000;
62663 : 000;
62664 : 000;
62665 : 000;
62666 : 000;
62667 : 000;
62668 : 000;
62669 : 000;
62670 : 000;
62671 : 000;
62672 : 000;
62673 : 101;
62674 : 100;
62675 : 101;
62676 : 110;
62677 : 000;
62678 : 000;
62679 : 000;
62680 : 000;
62681 : 000;
62682 : 010;
62683 : 000;
62684 : 000;
62685 : 000;
62686 : 000;
62687 : 000;
62688 : 000;
62689 : 000;
62690 : 000;
62691 : 000;
62692 : 000;
62693 : 000;
62694 : 000;
62695 : 000;
62696 : 000;
62697 : 000;
62698 : 000;
62699 : 000;
62700 : 000;
62701 : 000;
62702 : 000;
62703 : 000;
62704 : 000;
62705 : 000;
62706 : 000;
62707 : 000;
62708 : 000;
62709 : 000;
62710 : 000;
62711 : 000;
62712 : 000;
62713 : 100;
62714 : 000;
62715 : 010;
62716 : 000;
62717 : 100;
62718 : 001;
62719 : 000;
62720 : 000;
62721 : 000;
62722 : 000;
62723 : 000;
62724 : 000;
62725 : 000;
62726 : 000;
62727 : 100;
62728 : 001;
62729 : 010;
62730 : 000;
62731 : 000;
62732 : 000;
62733 : 000;
62734 : 000;
62735 : 000;
62736 : 010;
62737 : 000;
62738 : 000;
62739 : 010;
62740 : 000;
62741 : 100;
62742 : 000;
62743 : 110;
62744 : 001;
62745 : 000;
62746 : 000;
62747 : 000;
62748 : 000;
62749 : 000;
62750 : 000;
62751 : 000;
62752 : 000;
62753 : 001;
62754 : 000;
62755 : 000;
62756 : 000;
62757 : 000;
62758 : 000;
62759 : 000;
62760 : 000;
62761 : 000;
62762 : 100;
62763 : 011;
62764 : 000;
62765 : 000;
62766 : 100;
62767 : 010;
62768 : 100;
62769 : 000;
62770 : 000;
62771 : 000;
62772 : 000;
62773 : 010;
62774 : 000;
62775 : 100;
62776 : 001;
62777 : 000;
62778 : 000;
62779 : 000;
62780 : 000;
62781 : 000;
62782 : 100;
62783 : 000;
62784 : 000;
62785 : 110;
62786 : 000;
62787 : 000;
62788 : 000;
62789 : 000;
62790 : 000;
62791 : 000;
62792 : 000;
62793 : 000;
62794 : 000;
62795 : 000;
62796 : 010;
62797 : 000;
62798 : 001;
62799 : 000;
62800 : 010;
62801 : 000;
62802 : 000;
62803 : 000;
62804 : 001;
62805 : 000;
62806 : 000;
62807 : 000;
62808 : 000;
62809 : 000;
62810 : 000;
62811 : 000;
62812 : 000;
62813 : 000;
62814 : 000;
62815 : 000;
62816 : 000;
62817 : 000;
62818 : 000;
62819 : 000;
62820 : 000;
62821 : 000;
62822 : 110;
62823 : 000;
62824 : 101;
62825 : 010;
62826 : 000;
62827 : 000;
62828 : 000;
62829 : 101;
62830 : 000;
62831 : 000;
62832 : 101;
62833 : 010;
62834 : 100;
62835 : 010;
62836 : 000;
62837 : 000;
62838 : 000;
62839 : 001;
62840 : 000;
62841 : 000;
62842 : 111;
62843 : 000;
62844 : 000;
62845 : 000;
62846 : 100;
62847 : 000;
62848 : 000;
62849 : 100;
62850 : 000;
62851 : 000;
62852 : 000;
62853 : 000;
62854 : 000;
62855 : 000;
62856 : 000;
62857 : 000;
62858 : 000;
62859 : 000;
62860 : 000;
62861 : 000;
62862 : 000;
62863 : 000;
62864 : 001;
62865 : 100;
62866 : 000;
62867 : 100;
62868 : 000;
62869 : 000;
62870 : 010;
62871 : 100;
62872 : 000;
62873 : 111;
62874 : 000;
62875 : 100;
62876 : 010;
62877 : 100;
62878 : 111;
62879 : 100;
62880 : 110;
62881 : 101;
62882 : 011;
62883 : 110;
62884 : 111;
62885 : 111;
62886 : 111;
62887 : 111;
62888 : 111;
62889 : 100;
62890 : 111;
62891 : 100;
62892 : 000;
62893 : 110;
62894 : 101;
62895 : 110;
62896 : 100;
62897 : 111;
62898 : 000;
62899 : 000;
62900 : 000;
62901 : 000;
62902 : 000;
62903 : 000;
62904 : 000;
62905 : 000;
62906 : 000;
62907 : 000;
62908 : 100;
62909 : 000;
62910 : 010;
62911 : 001;
62912 : 000;
62913 : 100;
62914 : 000;
62915 : 000;
62916 : 010;
62917 : 100;
62918 : 000;
62919 : 000;
62920 : 000;
62921 : 000;
62922 : 000;
62923 : 001;
62924 : 010;
62925 : 100;
62926 : 000;
62927 : 011;
62928 : 000;
62929 : 000;
62930 : 000;
62931 : 000;
62932 : 000;
62933 : 000;
62934 : 110;
62935 : 000;
62936 : 000;
62937 : 011;
62938 : 100;
62939 : 010;
62940 : 000;
62941 : 101;
62942 : 010;
62943 : 000;
62944 : 100;
62945 : 000;
62946 : 000;
62947 : 111;
62948 : 000;
62949 : 100;
62950 : 000;
62951 : 000;
62952 : 000;
62953 : 110;
62954 : 000;
62955 : 010;
62956 : 000;
62957 : 010;
62958 : 101;
62959 : 010;
62960 : 001;
62961 : 100;
62962 : 000;
62963 : 000;
62964 : 000;
62965 : 100;
62966 : 000;
62967 : 000;
62968 : 110;
62969 : 001;
62970 : 000;
62971 : 000;
62972 : 000;
62973 : 010;
62974 : 001;
62975 : 000;
62976 : 000;
62977 : 000;
62978 : 000;
62979 : 000;
62980 : 000;
62981 : 000;
62982 : 000;
62983 : 000;
62984 : 000;
62985 : 000;
62986 : 000;
62987 : 000;
62988 : 000;
62989 : 000;
62990 : 000;
62991 : 000;
62992 : 000;
62993 : 000;
62994 : 000;
62995 : 000;
62996 : 000;
62997 : 100;
62998 : 101;
62999 : 110;
63000 : 100;
63001 : 000;
63002 : 100;
63003 : 000;
63004 : 100;
63005 : 000;
63006 : 000;
63007 : 010;
63008 : 000;
63009 : 000;
63010 : 000;
63011 : 000;
63012 : 000;
63013 : 000;
63014 : 000;
63015 : 000;
63016 : 000;
63017 : 000;
63018 : 000;
63019 : 000;
63020 : 010;
63021 : 100;
63022 : 000;
63023 : 000;
63024 : 000;
63025 : 000;
63026 : 000;
63027 : 000;
63028 : 000;
63029 : 000;
63030 : 000;
63031 : 000;
63032 : 000;
63033 : 000;
63034 : 000;
63035 : 000;
63036 : 000;
63037 : 000;
63038 : 000;
63039 : 000;
63040 : 000;
63041 : 000;
63042 : 000;
63043 : 000;
63044 : 001;
63045 : 100;
63046 : 000;
63047 : 010;
63048 : 000;
63049 : 000;
63050 : 100;
63051 : 000;
63052 : 010;
63053 : 000;
63054 : 100;
63055 : 000;
63056 : 001;
63057 : 100;
63058 : 000;
63059 : 100;
63060 : 001;
63061 : 000;
63062 : 111;
63063 : 000;
63064 : 100;
63065 : 000;
63066 : 000;
63067 : 000;
63068 : 000;
63069 : 000;
63070 : 000;
63071 : 000;
63072 : 000;
63073 : 000;
63074 : 110;
63075 : 000;
63076 : 101;
63077 : 000;
63078 : 000;
63079 : 100;
63080 : 011;
63081 : 000;
63082 : 000;
63083 : 100;
63084 : 000;
63085 : 011;
63086 : 100;
63087 : 000;
63088 : 001;
63089 : 000;
63090 : 000;
63091 : 111;
63092 : 000;
63093 : 000;
63094 : 000;
63095 : 000;
63096 : 100;
63097 : 010;
63098 : 100;
63099 : 000;
63100 : 000;
63101 : 000;
63102 : 000;
63103 : 000;
63104 : 000;
63105 : 000;
63106 : 000;
63107 : 000;
63108 : 000;
63109 : 000;
63110 : 000;
63111 : 000;
63112 : 000;
63113 : 010;
63114 : 000;
63115 : 100;
63116 : 000;
63117 : 000;
63118 : 000;
63119 : 000;
63120 : 000;
63121 : 000;
63122 : 000;
63123 : 000;
63124 : 000;
63125 : 000;
63126 : 000;
63127 : 000;
63128 : 000;
63129 : 000;
63130 : 010;
63131 : 000;
63132 : 001;
63133 : 000;
63134 : 000;
63135 : 000;
63136 : 001;
63137 : 000;
63138 : 000;
63139 : 001;
63140 : 110;
63141 : 000;
63142 : 001;
63143 : 000;
63144 : 000;
63145 : 000;
63146 : 000;
63147 : 000;
63148 : 000;
63149 : 000;
63150 : 110;
63151 : 000;
63152 : 000;
63153 : 000;
63154 : 000;
63155 : 000;
63156 : 000;
63157 : 000;
63158 : 000;
63159 : 000;
63160 : 000;
63161 : 000;
63162 : 000;
63163 : 000;
63164 : 000;
63165 : 000;
63166 : 000;
63167 : 000;
63168 : 010;
63169 : 000;
63170 : 000;
63171 : 010;
63172 : 100;
63173 : 011;
63174 : 100;
63175 : 000;
63176 : 111;
63177 : 000;
63178 : 100;
63179 : 011;
63180 : 100;
63181 : 000;
63182 : 111;
63183 : 000;
63184 : 000;
63185 : 000;
63186 : 010;
63187 : 001;
63188 : 010;
63189 : 101;
63190 : 000;
63191 : 000;
63192 : 000;
63193 : 000;
63194 : 000;
63195 : 001;
63196 : 000;
63197 : 110;
63198 : 000;
63199 : 111;
63200 : 000;
63201 : 110;
63202 : 100;
63203 : 111;
63204 : 111;
63205 : 111;
63206 : 111;
63207 : 111;
63208 : 111;
63209 : 110;
63210 : 100;
63211 : 011;
63212 : 110;
63213 : 100;
63214 : 010;
63215 : 101;
63216 : 010;
63217 : 100;
63218 : 100;
63219 : 000;
63220 : 000;
63221 : 000;
63222 : 000;
63223 : 000;
63224 : 000;
63225 : 000;
63226 : 000;
63227 : 000;
63228 : 000;
63229 : 000;
63230 : 000;
63231 : 100;
63232 : 000;
63233 : 001;
63234 : 010;
63235 : 000;
63236 : 000;
63237 : 001;
63238 : 000;
63239 : 100;
63240 : 010;
63241 : 100;
63242 : 000;
63243 : 000;
63244 : 000;
63245 : 000;
63246 : 100;
63247 : 000;
63248 : 000;
63249 : 000;
63250 : 000;
63251 : 000;
63252 : 100;
63253 : 000;
63254 : 001;
63255 : 000;
63256 : 000;
63257 : 100;
63258 : 000;
63259 : 101;
63260 : 000;
63261 : 000;
63262 : 000;
63263 : 100;
63264 : 000;
63265 : 000;
63266 : 000;
63267 : 000;
63268 : 100;
63269 : 010;
63270 : 000;
63271 : 100;
63272 : 000;
63273 : 001;
63274 : 000;
63275 : 100;
63276 : 000;
63277 : 001;
63278 : 000;
63279 : 101;
63280 : 000;
63281 : 000;
63282 : 110;
63283 : 000;
63284 : 111;
63285 : 000;
63286 : 111;
63287 : 111;
63288 : 100;
63289 : 111;
63290 : 110;
63291 : 101;
63292 : 000;
63293 : 100;
63294 : 000;
63295 : 100;
63296 : 000;
63297 : 010;
63298 : 000;
63299 : 001;
63300 : 000;
63301 : 000;
63302 : 000;
63303 : 010;
63304 : 000;
63305 : 000;
63306 : 000;
63307 : 000;
63308 : 000;
63309 : 000;
63310 : 000;
63311 : 000;
63312 : 000;
63313 : 010;
63314 : 000;
63315 : 000;
63316 : 000;
63317 : 000;
63318 : 000;
63319 : 000;
63320 : 000;
63321 : 100;
63322 : 000;
63323 : 101;
63324 : 100;
63325 : 110;
63326 : 000;
63327 : 100;
63328 : 000;
63329 : 000;
63330 : 100;
63331 : 000;
63332 : 000;
63333 : 000;
63334 : 000;
63335 : 000;
63336 : 000;
63337 : 000;
63338 : 000;
63339 : 000;
63340 : 000;
63341 : 000;
63342 : 000;
63343 : 000;
63344 : 000;
63345 : 000;
63346 : 000;
63347 : 000;
63348 : 000;
63349 : 000;
63350 : 000;
63351 : 000;
63352 : 000;
63353 : 000;
63354 : 000;
63355 : 001;
63356 : 000;
63357 : 000;
63358 : 000;
63359 : 000;
63360 : 000;
63361 : 000;
63362 : 100;
63363 : 000;
63364 : 000;
63365 : 010;
63366 : 000;
63367 : 000;
63368 : 100;
63369 : 000;
63370 : 000;
63371 : 000;
63372 : 101;
63373 : 000;
63374 : 000;
63375 : 010;
63376 : 000;
63377 : 000;
63378 : 000;
63379 : 000;
63380 : 000;
63381 : 100;
63382 : 000;
63383 : 110;
63384 : 000;
63385 : 000;
63386 : 000;
63387 : 000;
63388 : 000;
63389 : 000;
63390 : 000;
63391 : 000;
63392 : 000;
63393 : 000;
63394 : 001;
63395 : 000;
63396 : 000;
63397 : 010;
63398 : 100;
63399 : 001;
63400 : 000;
63401 : 100;
63402 : 010;
63403 : 001;
63404 : 000;
63405 : 100;
63406 : 000;
63407 : 000;
63408 : 000;
63409 : 000;
63410 : 000;
63411 : 000;
63412 : 000;
63413 : 000;
63414 : 000;
63415 : 000;
63416 : 000;
63417 : 001;
63418 : 000;
63419 : 000;
63420 : 000;
63421 : 001;
63422 : 010;
63423 : 000;
63424 : 000;
63425 : 000;
63426 : 000;
63427 : 000;
63428 : 001;
63429 : 000;
63430 : 010;
63431 : 000;
63432 : 100;
63433 : 000;
63434 : 000;
63435 : 000;
63436 : 000;
63437 : 000;
63438 : 000;
63439 : 000;
63440 : 000;
63441 : 000;
63442 : 000;
63443 : 000;
63444 : 000;
63445 : 000;
63446 : 000;
63447 : 010;
63448 : 001;
63449 : 000;
63450 : 000;
63451 : 000;
63452 : 000;
63453 : 100;
63454 : 000;
63455 : 000;
63456 : 000;
63457 : 100;
63458 : 010;
63459 : 000;
63460 : 000;
63461 : 000;
63462 : 000;
63463 : 000;
63464 : 000;
63465 : 000;
63466 : 000;
63467 : 100;
63468 : 000;
63469 : 000;
63470 : 001;
63471 : 000;
63472 : 000;
63473 : 000;
63474 : 000;
63475 : 000;
63476 : 000;
63477 : 000;
63478 : 000;
63479 : 000;
63480 : 000;
63481 : 000;
63482 : 000;
63483 : 000;
63484 : 000;
63485 : 000;
63486 : 000;
63487 : 000;
63488 : 000;
63489 : 000;
63490 : 000;
63491 : 101;
63492 : 000;
63493 : 100;
63494 : 010;
63495 : 100;
63496 : 000;
63497 : 110;
63498 : 000;
63499 : 000;
63500 : 110;
63501 : 000;
63502 : 000;
63503 : 100;
63504 : 010;
63505 : 101;
63506 : 000;
63507 : 100;
63508 : 000;
63509 : 000;
63510 : 011;
63511 : 100;
63512 : 001;
63513 : 010;
63514 : 100;
63515 : 000;
63516 : 000;
63517 : 101;
63518 : 110;
63519 : 100;
63520 : 111;
63521 : 110;
63522 : 111;
63523 : 110;
63524 : 111;
63525 : 111;
63526 : 111;
63527 : 111;
63528 : 111;
63529 : 111;
63530 : 110;
63531 : 100;
63532 : 001;
63533 : 110;
63534 : 000;
63535 : 110;
63536 : 101;
63537 : 110;
63538 : 001;
63539 : 000;
63540 : 000;
63541 : 000;
63542 : 000;
63543 : 000;
63544 : 000;
63545 : 000;
63546 : 000;
63547 : 010;
63548 : 000;
63549 : 000;
63550 : 000;
63551 : 011;
63552 : 000;
63553 : 000;
63554 : 100;
63555 : 000;
63556 : 100;
63557 : 000;
63558 : 010;
63559 : 000;
63560 : 001;
63561 : 000;
63562 : 010;
63563 : 100;
63564 : 000;
63565 : 001;
63566 : 010;
63567 : 000;
63568 : 100;
63569 : 000;
63570 : 000;
63571 : 000;
63572 : 000;
63573 : 000;
63574 : 000;
63575 : 000;
63576 : 000;
63577 : 110;
63578 : 011;
63579 : 100;
63580 : 010;
63581 : 100;
63582 : 010;
63583 : 000;
63584 : 011;
63585 : 100;
63586 : 000;
63587 : 010;
63588 : 000;
63589 : 000;
63590 : 001;
63591 : 000;
63592 : 010;
63593 : 100;
63594 : 000;
63595 : 000;
63596 : 110;
63597 : 000;
63598 : 111;
63599 : 010;
63600 : 111;
63601 : 101;
63602 : 111;
63603 : 111;
63604 : 100;
63605 : 111;
63606 : 110;
63607 : 101;
63608 : 011;
63609 : 110;
63610 : 101;
63611 : 111;
63612 : 111;
63613 : 111;
63614 : 000;
63615 : 110;
63616 : 001;
63617 : 100;
63618 : 000;
63619 : 000;
63620 : 110;
63621 : 000;
63622 : 100;
63623 : 000;
63624 : 101;
63625 : 000;
63626 : 000;
63627 : 100;
63628 : 000;
63629 : 000;
63630 : 010;
63631 : 000;
63632 : 000;
63633 : 000;
63634 : 100;
63635 : 000;
63636 : 010;
63637 : 100;
63638 : 000;
63639 : 000;
63640 : 000;
63641 : 011;
63642 : 100;
63643 : 000;
63644 : 000;
63645 : 000;
63646 : 101;
63647 : 000;
63648 : 101;
63649 : 010;
63650 : 001;
63651 : 010;
63652 : 001;
63653 : 100;
63654 : 000;
63655 : 000;
63656 : 000;
63657 : 000;
63658 : 000;
63659 : 000;
63660 : 000;
63661 : 000;
63662 : 000;
63663 : 000;
63664 : 000;
63665 : 000;
63666 : 000;
63667 : 000;
63668 : 000;
63669 : 000;
63670 : 000;
63671 : 000;
63672 : 000;
63673 : 000;
63674 : 000;
63675 : 100;
63676 : 000;
63677 : 000;
63678 : 000;
63679 : 000;
63680 : 000;
63681 : 000;
63682 : 000;
63683 : 010;
63684 : 000;
63685 : 100;
63686 : 000;
63687 : 001;
63688 : 000;
63689 : 000;
63690 : 000;
63691 : 000;
63692 : 000;
63693 : 010;
63694 : 000;
63695 : 100;
63696 : 000;
63697 : 100;
63698 : 011;
63699 : 000;
63700 : 000;
63701 : 010;
63702 : 100;
63703 : 001;
63704 : 110;
63705 : 000;
63706 : 000;
63707 : 000;
63708 : 100;
63709 : 000;
63710 : 000;
63711 : 000;
63712 : 000;
63713 : 000;
63714 : 110;
63715 : 000;
63716 : 000;
63717 : 000;
63718 : 000;
63719 : 010;
63720 : 100;
63721 : 000;
63722 : 000;
63723 : 000;
63724 : 000;
63725 : 000;
63726 : 000;
63727 : 000;
63728 : 000;
63729 : 000;
63730 : 000;
63731 : 000;
63732 : 000;
63733 : 000;
63734 : 000;
63735 : 000;
63736 : 000;
63737 : 000;
63738 : 000;
63739 : 000;
63740 : 000;
63741 : 000;
63742 : 000;
63743 : 000;
63744 : 000;
63745 : 000;
63746 : 000;
63747 : 000;
63748 : 000;
63749 : 100;
63750 : 000;
63751 : 000;
63752 : 000;
63753 : 000;
63754 : 000;
63755 : 001;
63756 : 000;
63757 : 000;
63758 : 000;
63759 : 100;
63760 : 000;
63761 : 001;
63762 : 100;
63763 : 000;
63764 : 000;
63765 : 010;
63766 : 101;
63767 : 000;
63768 : 000;
63769 : 000;
63770 : 100;
63771 : 000;
63772 : 000;
63773 : 000;
63774 : 010;
63775 : 000;
63776 : 000;
63777 : 000;
63778 : 000;
63779 : 000;
63780 : 000;
63781 : 000;
63782 : 000;
63783 : 000;
63784 : 000;
63785 : 100;
63786 : 000;
63787 : 001;
63788 : 000;
63789 : 010;
63790 : 100;
63791 : 100;
63792 : 000;
63793 : 100;
63794 : 000;
63795 : 001;
63796 : 100;
63797 : 010;
63798 : 100;
63799 : 010;
63800 : 100;
63801 : 000;
63802 : 010;
63803 : 000;
63804 : 000;
63805 : 000;
63806 : 010;
63807 : 100;
63808 : 000;
63809 : 000;
63810 : 000;
63811 : 010;
63812 : 100;
63813 : 000;
63814 : 001;
63815 : 000;
63816 : 100;
63817 : 001;
63818 : 100;
63819 : 001;
63820 : 100;
63821 : 000;
63822 : 111;
63823 : 000;
63824 : 100;
63825 : 010;
63826 : 101;
63827 : 010;
63828 : 101;
63829 : 010;
63830 : 100;
63831 : 000;
63832 : 000;
63833 : 100;
63834 : 010;
63835 : 101;
63836 : 010;
63837 : 100;
63838 : 011;
63839 : 110;
63840 : 101;
63841 : 000;
63842 : 110;
63843 : 101;
63844 : 111;
63845 : 111;
63846 : 111;
63847 : 111;
63848 : 110;
63849 : 101;
63850 : 010;
63851 : 100;
63852 : 110;
63853 : 001;
63854 : 100;
63855 : 111;
63856 : 000;
63857 : 110;
63858 : 000;
63859 : 010;
63860 : 100;
63861 : 000;
63862 : 000;
63863 : 000;
63864 : 000;
63865 : 000;
63866 : 100;
63867 : 000;
63868 : 000;
63869 : 000;
63870 : 000;
63871 : 100;
63872 : 000;
63873 : 000;
63874 : 001;
63875 : 000;
63876 : 010;
63877 : 000;
63878 : 000;
63879 : 100;
63880 : 000;
63881 : 000;
63882 : 000;
63883 : 001;
63884 : 000;
63885 : 100;
63886 : 000;
63887 : 000;
63888 : 000;
63889 : 000;
63890 : 000;
63891 : 010;
63892 : 000;
63893 : 000;
63894 : 000;
63895 : 000;
63896 : 000;
63897 : 100;
63898 : 100;
63899 : 000;
63900 : 100;
63901 : 000;
63902 : 101;
63903 : 000;
63904 : 100;
63905 : 000;
63906 : 111;
63907 : 000;
63908 : 101;
63909 : 110;
63910 : 100;
63911 : 011;
63912 : 100;
63913 : 011;
63914 : 110;
63915 : 101;
63916 : 111;
63917 : 111;
63918 : 100;
63919 : 111;
63920 : 110;
63921 : 111;
63922 : 000;
63923 : 111;
63924 : 111;
63925 : 111;
63926 : 001;
63927 : 110;
63928 : 111;
63929 : 101;
63930 : 010;
63931 : 111;
63932 : 000;
63933 : 111;
63934 : 111;
63935 : 111;
63936 : 100;
63937 : 011;
63938 : 100;
63939 : 000;
63940 : 000;
63941 : 000;
63942 : 000;
63943 : 000;
63944 : 000;
63945 : 000;
63946 : 010;
63947 : 000;
63948 : 001;
63949 : 000;
63950 : 100;
63951 : 000;
63952 : 000;
63953 : 000;
63954 : 000;
63955 : 001;
63956 : 000;
63957 : 000;
63958 : 011;
63959 : 100;
63960 : 000;
63961 : 100;
63962 : 000;
63963 : 010;
63964 : 000;
63965 : 111;
63966 : 110;
63967 : 111;
63968 : 100;
63969 : 000;
63970 : 000;
63971 : 000;
63972 : 000;
63973 : 011;
63974 : 001;
63975 : 110;
63976 : 001;
63977 : 010;
63978 : 000;
63979 : 000;
63980 : 000;
63981 : 000;
63982 : 000;
63983 : 000;
63984 : 001;
63985 : 000;
63986 : 000;
63987 : 100;
63988 : 000;
63989 : 000;
63990 : 100;
63991 : 011;
63992 : 100;
63993 : 111;
63994 : 000;
63995 : 010;
63996 : 100;
63997 : 000;
63998 : 100;
63999 : 000;
64000 : 000;
64001 : 000;
64002 : 101;
64003 : 000;
64004 : 000;
64005 : 001;
64006 : 000;
64007 : 000;
64008 : 100;
64009 : 010;
64010 : 001;
64011 : 100;
64012 : 000;
64013 : 000;
64014 : 100;
64015 : 001;
64016 : 000;
64017 : 000;
64018 : 000;
64019 : 100;
64020 : 000;
64021 : 100;
64022 : 011;
64023 : 100;
64024 : 000;
64025 : 100;
64026 : 000;
64027 : 000;
64028 : 000;
64029 : 000;
64030 : 001;
64031 : 000;
64032 : 000;
64033 : 000;
64034 : 000;
64035 : 000;
64036 : 000;
64037 : 000;
64038 : 000;
64039 : 001;
64040 : 000;
64041 : 000;
64042 : 000;
64043 : 000;
64044 : 000;
64045 : 000;
64046 : 000;
64047 : 000;
64048 : 000;
64049 : 000;
64050 : 000;
64051 : 000;
64052 : 000;
64053 : 000;
64054 : 100;
64055 : 000;
64056 : 000;
64057 : 000;
64058 : 000;
64059 : 000;
64060 : 000;
64061 : 000;
64062 : 000;
64063 : 100;
64064 : 000;
64065 : 000;
64066 : 000;
64067 : 100;
64068 : 000;
64069 : 000;
64070 : 000;
64071 : 000;
64072 : 001;
64073 : 000;
64074 : 000;
64075 : 000;
64076 : 000;
64077 : 100;
64078 : 000;
64079 : 001;
64080 : 000;
64081 : 000;
64082 : 010;
64083 : 000;
64084 : 000;
64085 : 000;
64086 : 000;
64087 : 000;
64088 : 000;
64089 : 000;
64090 : 000;
64091 : 000;
64092 : 011;
64093 : 000;
64094 : 000;
64095 : 000;
64096 : 000;
64097 : 000;
64098 : 000;
64099 : 101;
64100 : 000;
64101 : 100;
64102 : 000;
64103 : 010;
64104 : 000;
64105 : 001;
64106 : 010;
64107 : 000;
64108 : 000;
64109 : 000;
64110 : 100;
64111 : 010;
64112 : 000;
64113 : 000;
64114 : 010;
64115 : 000;
64116 : 000;
64117 : 000;
64118 : 001;
64119 : 000;
64120 : 000;
64121 : 000;
64122 : 100;
64123 : 000;
64124 : 100;
64125 : 000;
64126 : 000;
64127 : 000;
64128 : 001;
64129 : 100;
64130 : 000;
64131 : 000;
64132 : 000;
64133 : 110;
64134 : 000;
64135 : 110;
64136 : 000;
64137 : 010;
64138 : 000;
64139 : 110;
64140 : 000;
64141 : 000;
64142 : 100;
64143 : 010;
64144 : 101;
64145 : 000;
64146 : 100;
64147 : 000;
64148 : 000;
64149 : 100;
64150 : 001;
64151 : 110;
64152 : 000;
64153 : 001;
64154 : 100;
64155 : 010;
64156 : 100;
64157 : 110;
64158 : 101;
64159 : 110;
64160 : 110;
64161 : 111;
64162 : 100;
64163 : 111;
64164 : 111;
64165 : 111;
64166 : 110;
64167 : 111;
64168 : 111;
64169 : 110;
64170 : 101;
64171 : 010;
64172 : 100;
64173 : 110;
64174 : 001;
64175 : 110;
64176 : 100;
64177 : 111;
64178 : 000;
64179 : 000;
64180 : 000;
64181 : 000;
64182 : 000;
64183 : 000;
64184 : 000;
64185 : 000;
64186 : 001;
64187 : 000;
64188 : 000;
64189 : 000;
64190 : 000;
64191 : 000;
64192 : 011;
64193 : 100;
64194 : 000;
64195 : 000;
64196 : 000;
64197 : 101;
64198 : 000;
64199 : 000;
64200 : 000;
64201 : 100;
64202 : 000;
64203 : 010;
64204 : 000;
64205 : 000;
64206 : 000;
64207 : 100;
64208 : 010;
64209 : 001;
64210 : 000;
64211 : 100;
64212 : 000;
64213 : 000;
64214 : 000;
64215 : 000;
64216 : 000;
64217 : 010;
64218 : 101;
64219 : 010;
64220 : 001;
64221 : 010;
64222 : 110;
64223 : 101;
64224 : 010;
64225 : 111;
64226 : 100;
64227 : 111;
64228 : 111;
64229 : 111;
64230 : 111;
64231 : 100;
64232 : 111;
64233 : 111;
64234 : 101;
64235 : 010;
64236 : 111;
64237 : 001;
64238 : 111;
64239 : 101;
64240 : 011;
64241 : 100;
64242 : 111;
64243 : 110;
64244 : 001;
64245 : 110;
64246 : 111;
64247 : 110;
64248 : 101;
64249 : 110;
64250 : 111;
64251 : 111;
64252 : 110;
64253 : 101;
64254 : 110;
64255 : 001;
64256 : 111;
64257 : 111;
64258 : 111;
64259 : 111;
64260 : 111;
64261 : 101;
64262 : 010;
64263 : 000;
64264 : 000;
64265 : 100;
64266 : 000;
64267 : 000;
64268 : 000;
64269 : 110;
64270 : 000;
64271 : 001;
64272 : 100;
64273 : 010;
64274 : 100;
64275 : 000;
64276 : 100;
64277 : 000;
64278 : 100;
64279 : 000;
64280 : 000;
64281 : 010;
64282 : 000;
64283 : 000;
64284 : 000;
64285 : 100;
64286 : 000;
64287 : 110;
64288 : 000;
64289 : 110;
64290 : 101;
64291 : 110;
64292 : 000;
64293 : 100;
64294 : 000;
64295 : 000;
64296 : 000;
64297 : 101;
64298 : 000;
64299 : 111;
64300 : 000;
64301 : 001;
64302 : 110;
64303 : 000;
64304 : 000;
64305 : 000;
64306 : 000;
64307 : 000;
64308 : 000;
64309 : 000;
64310 : 000;
64311 : 000;
64312 : 110;
64313 : 000;
64314 : 101;
64315 : 100;
64316 : 011;
64317 : 111;
64318 : 000;
64319 : 111;
64320 : 000;
64321 : 000;
64322 : 010;
64323 : 000;
64324 : 100;
64325 : 000;
64326 : 000;
64327 : 010;
64328 : 000;
64329 : 000;
64330 : 000;
64331 : 000;
64332 : 010;
64333 : 000;
64334 : 000;
64335 : 000;
64336 : 010;
64337 : 100;
64338 : 000;
64339 : 010;
64340 : 000;
64341 : 000;
64342 : 100;
64343 : 110;
64344 : 001;
64345 : 000;
64346 : 000;
64347 : 000;
64348 : 010;
64349 : 000;
64350 : 000;
64351 : 000;
64352 : 000;
64353 : 000;
64354 : 000;
64355 : 000;
64356 : 000;
64357 : 001;
64358 : 100;
64359 : 000;
64360 : 000;
64361 : 000;
64362 : 000;
64363 : 000;
64364 : 000;
64365 : 000;
64366 : 000;
64367 : 000;
64368 : 010;
64369 : 000;
64370 : 000;
64371 : 000;
64372 : 000;
64373 : 000;
64374 : 000;
64375 : 000;
64376 : 000;
64377 : 000;
64378 : 000;
64379 : 000;
64380 : 000;
64381 : 100;
64382 : 000;
64383 : 000;
64384 : 000;
64385 : 001;
64386 : 010;
64387 : 000;
64388 : 000;
64389 : 000;
64390 : 000;
64391 : 000;
64392 : 000;
64393 : 000;
64394 : 000;
64395 : 100;
64396 : 010;
64397 : 000;
64398 : 000;
64399 : 010;
64400 : 000;
64401 : 000;
64402 : 000;
64403 : 000;
64404 : 000;
64405 : 000;
64406 : 000;
64407 : 000;
64408 : 000;
64409 : 000;
64410 : 010;
64411 : 000;
64412 : 000;
64413 : 000;
64414 : 100;
64415 : 001;
64416 : 000;
64417 : 100;
64418 : 000;
64419 : 010;
64420 : 000;
64421 : 000;
64422 : 000;
64423 : 001;
64424 : 000;
64425 : 000;
64426 : 100;
64427 : 000;
64428 : 000;
64429 : 000;
64430 : 000;
64431 : 000;
64432 : 000;
64433 : 000;
64434 : 000;
64435 : 000;
64436 : 000;
64437 : 000;
64438 : 000;
64439 : 000;
64440 : 000;
64441 : 000;
64442 : 001;
64443 : 000;
64444 : 010;
64445 : 101;
64446 : 000;
64447 : 110;
64448 : 000;
64449 : 000;
64450 : 010;
64451 : 101;
64452 : 000;
64453 : 000;
64454 : 000;
64455 : 001;
64456 : 000;
64457 : 100;
64458 : 000;
64459 : 001;
64460 : 000;
64461 : 110;
64462 : 001;
64463 : 000;
64464 : 100;
64465 : 010;
64466 : 000;
64467 : 110;
64468 : 001;
64469 : 000;
64470 : 000;
64471 : 000;
64472 : 110;
64473 : 000;
64474 : 000;
64475 : 101;
64476 : 000;
64477 : 110;
64478 : 000;
64479 : 111;
64480 : 100;
64481 : 111;
64482 : 111;
64483 : 111;
64484 : 110;
64485 : 111;
64486 : 111;
64487 : 111;
64488 : 111;
64489 : 111;
64490 : 110;
64491 : 101;
64492 : 111;
64493 : 100;
64494 : 110;
64495 : 000;
64496 : 111;
64497 : 100;
64498 : 000;
64499 : 100;
64500 : 000;
64501 : 000;
64502 : 000;
64503 : 000;
64504 : 001;
64505 : 000;
64506 : 000;
64507 : 000;
64508 : 000;
64509 : 000;
64510 : 000;
64511 : 000;
64512 : 000;
64513 : 000;
64514 : 010;
64515 : 000;
64516 : 000;
64517 : 000;
64518 : 000;
64519 : 000;
64520 : 010;
64521 : 001;
64522 : 000;
64523 : 100;
64524 : 000;
64525 : 000;
64526 : 010;
64527 : 000;
64528 : 000;
64529 : 000;
64530 : 000;
64531 : 000;
64532 : 000;
64533 : 101;
64534 : 010;
64535 : 101;
64536 : 110;
64537 : 001;
64538 : 110;
64539 : 111;
64540 : 100;
64541 : 111;
64542 : 101;
64543 : 111;
64544 : 111;
64545 : 110;
64546 : 111;
64547 : 110;
64548 : 001;
64549 : 110;
64550 : 101;
64551 : 111;
64552 : 110;
64553 : 001;
64554 : 110;
64555 : 111;
64556 : 100;
64557 : 111;
64558 : 110;
64559 : 111;
64560 : 110;
64561 : 111;
64562 : 101;
64563 : 111;
64564 : 110;
64565 : 101;
64566 : 111;
64567 : 001;
64568 : 111;
64569 : 111;
64570 : 000;
64571 : 111;
64572 : 101;
64573 : 010;
64574 : 111;
64575 : 110;
64576 : 111;
64577 : 100;
64578 : 011;
64579 : 100;
64580 : 111;
64581 : 110;
64582 : 111;
64583 : 111;
64584 : 111;
64585 : 011;
64586 : 100;
64587 : 011;
64588 : 100;
64589 : 000;
64590 : 100;
64591 : 010;
64592 : 000;
64593 : 000;
64594 : 001;
64595 : 000;
64596 : 010;
64597 : 000;
64598 : 000;
64599 : 011;
64600 : 100;
64601 : 000;
64602 : 101;
64603 : 000;
64604 : 000;
64605 : 000;
64606 : 100;
64607 : 000;
64608 : 000;
64609 : 000;
64610 : 000;
64611 : 000;
64612 : 110;
64613 : 001;
64614 : 110;
64615 : 000;
64616 : 110;
64617 : 000;
64618 : 000;
64619 : 000;
64620 : 000;
64621 : 000;
64622 : 001;
64623 : 111;
64624 : 010;
64625 : 101;
64626 : 110;
64627 : 100;
64628 : 111;
64629 : 000;
64630 : 000;
64631 : 000;
64632 : 100;
64633 : 000;
64634 : 000;
64635 : 100;
64636 : 000;
64637 : 100;
64638 : 000;
64639 : 100;
64640 : 000;
64641 : 100;
64642 : 000;
64643 : 000;
64644 : 000;
64645 : 010;
64646 : 100;
64647 : 000;
64648 : 100;
64649 : 000;
64650 : 100;
64651 : 000;
64652 : 100;
64653 : 001;
64654 : 100;
64655 : 000;
64656 : 000;
64657 : 000;
64658 : 001;
64659 : 100;
64660 : 000;
64661 : 111;
64662 : 000;
64663 : 110;
64664 : 000;
64665 : 000;
64666 : 000;
64667 : 000;
64668 : 000;
64669 : 000;
64670 : 000;
64671 : 000;
64672 : 100;
64673 : 000;
64674 : 000;
64675 : 000;
64676 : 000;
64677 : 000;
64678 : 000;
64679 : 000;
64680 : 000;
64681 : 000;
64682 : 000;
64683 : 000;
64684 : 000;
64685 : 000;
64686 : 000;
64687 : 000;
64688 : 000;
64689 : 000;
64690 : 000;
64691 : 000;
64692 : 000;
64693 : 000;
64694 : 000;
64695 : 000;
64696 : 000;
64697 : 010;
64698 : 000;
64699 : 000;
64700 : 010;
64701 : 000;
64702 : 000;
64703 : 000;
64704 : 010;
64705 : 000;
64706 : 000;
64707 : 000;
64708 : 000;
64709 : 001;
64710 : 010;
64711 : 000;
64712 : 000;
64713 : 000;
64714 : 010;
64715 : 000;
64716 : 000;
64717 : 001;
64718 : 000;
64719 : 000;
64720 : 000;
64721 : 100;
64722 : 000;
64723 : 101;
64724 : 010;
64725 : 000;
64726 : 100;
64727 : 000;
64728 : 000;
64729 : 100;
64730 : 001;
64731 : 000;
64732 : 100;
64733 : 000;
64734 : 000;
64735 : 000;
64736 : 000;
64737 : 010;
64738 : 000;
64739 : 000;
64740 : 000;
64741 : 000;
64742 : 000;
64743 : 100;
64744 : 000;
64745 : 000;
64746 : 000;
64747 : 000;
64748 : 000;
64749 : 000;
64750 : 111;
64751 : 000;
64752 : 000;
64753 : 000;
64754 : 100;
64755 : 000;
64756 : 000;
64757 : 000;
64758 : 000;
64759 : 000;
64760 : 100;
64761 : 000;
64762 : 110;
64763 : 000;
64764 : 100;
64765 : 000;
64766 : 000;
64767 : 000;
64768 : 111;
64769 : 100;
64770 : 000;
64771 : 100;
64772 : 010;
64773 : 101;
64774 : 000;
64775 : 100;
64776 : 010;
64777 : 000;
64778 : 100;
64779 : 010;
64780 : 000;
64781 : 000;
64782 : 100;
64783 : 010;
64784 : 000;
64785 : 101;
64786 : 000;
64787 : 000;
64788 : 000;
64789 : 110;
64790 : 000;
64791 : 100;
64792 : 001;
64793 : 110;
64794 : 000;
64795 : 110;
64796 : 101;
64797 : 110;
64798 : 101;
64799 : 110;
64800 : 011;
64801 : 100;
64802 : 110;
64803 : 111;
64804 : 111;
64805 : 111;
64806 : 111;
64807 : 111;
64808 : 110;
64809 : 101;
64810 : 110;
64811 : 110;
64812 : 000;
64813 : 011;
64814 : 100;
64815 : 010;
64816 : 100;
64817 : 111;
64818 : 010;
64819 : 000;
64820 : 111;
64821 : 000;
64822 : 100;
64823 : 010;
64824 : 000;
64825 : 000;
64826 : 000;
64827 : 000;
64828 : 000;
64829 : 000;
64830 : 000;
64831 : 101;
64832 : 010;
64833 : 000;
64834 : 000;
64835 : 100;
64836 : 000;
64837 : 000;
64838 : 010;
64839 : 101;
64840 : 000;
64841 : 000;
64842 : 100;
64843 : 000;
64844 : 010;
64845 : 101;
64846 : 100;
64847 : 111;
64848 : 100;
64849 : 111;
64850 : 100;
64851 : 111;
64852 : 111;
64853 : 110;
64854 : 101;
64855 : 010;
64856 : 111;
64857 : 111;
64858 : 101;
64859 : 010;
64860 : 111;
64861 : 111;
64862 : 010;
64863 : 100;
64864 : 011;
64865 : 101;
64866 : 011;
64867 : 101;
64868 : 110;
64869 : 111;
64870 : 010;
64871 : 111;
64872 : 101;
64873 : 110;
64874 : 111;
64875 : 111;
64876 : 111;
64877 : 110;
64878 : 001;
64879 : 111;
64880 : 101;
64881 : 010;
64882 : 111;
64883 : 110;
64884 : 001;
64885 : 110;
64886 : 111;
64887 : 110;
64888 : 111;
64889 : 100;
64890 : 111;
64891 : 110;
64892 : 111;
64893 : 111;
64894 : 101;
64895 : 111;
64896 : 110;
64897 : 111;
64898 : 111;
64899 : 111;
64900 : 110;
64901 : 001;
64902 : 111;
64903 : 100;
64904 : 111;
64905 : 111;
64906 : 111;
64907 : 100;
64908 : 111;
64909 : 011;
64910 : 100;
64911 : 001;
64912 : 100;
64913 : 000;
64914 : 100;
64915 : 000;
64916 : 100;
64917 : 001;
64918 : 100;
64919 : 000;
64920 : 000;
64921 : 000;
64922 : 000;
64923 : 110;
64924 : 001;
64925 : 100;
64926 : 010;
64927 : 000;
64928 : 000;
64929 : 000;
64930 : 000;
64931 : 000;
64932 : 000;
64933 : 000;
64934 : 000;
64935 : 000;
64936 : 001;
64937 : 110;
64938 : 111;
64939 : 100;
64940 : 110;
64941 : 000;
64942 : 000;
64943 : 000;
64944 : 100;
64945 : 100;
64946 : 100;
64947 : 100;
64948 : 000;
64949 : 100;
64950 : 110;
64951 : 000;
64952 : 001;
64953 : 100;
64954 : 010;
64955 : 000;
64956 : 000;
64957 : 000;
64958 : 000;
64959 : 100;
64960 : 000;
64961 : 000;
64962 : 000;
64963 : 100;
64964 : 000;
64965 : 000;
64966 : 000;
64967 : 001;
64968 : 000;
64969 : 000;
64970 : 010;
64971 : 001;
64972 : 000;
64973 : 000;
64974 : 010;
64975 : 000;
64976 : 100;
64977 : 010;
64978 : 000;
64979 : 000;
64980 : 000;
64981 : 000;
64982 : 100;
64983 : 001;
64984 : 110;
64985 : 000;
64986 : 000;
64987 : 000;
64988 : 000;
64989 : 000;
64990 : 000;
64991 : 000;
64992 : 000;
64993 : 000;
64994 : 000;
64995 : 000;
64996 : 000;
64997 : 000;
64998 : 000;
64999 : 000;
65000 : 000;
65001 : 000;
65002 : 000;
65003 : 000;
65004 : 000;
65005 : 000;
65006 : 000;
65007 : 000;
65008 : 000;
65009 : 000;
65010 : 000;
65011 : 100;
65012 : 000;
65013 : 001;
65014 : 010;
65015 : 000;
65016 : 000;
65017 : 001;
65018 : 000;
65019 : 000;
65020 : 000;
65021 : 000;
65022 : 001;
65023 : 000;
65024 : 000;
65025 : 000;
65026 : 000;
65027 : 000;
65028 : 000;
65029 : 000;
65030 : 000;
65031 : 000;
65032 : 100;
65033 : 000;
65034 : 001;
65035 : 000;
65036 : 000;
65037 : 110;
65038 : 000;
65039 : 100;
65040 : 011;
65041 : 000;
65042 : 010;
65043 : 000;
65044 : 101;
65045 : 000;
65046 : 000;
65047 : 000;
65048 : 001;
65049 : 000;
65050 : 000;
65051 : 000;
65052 : 000;
65053 : 000;
65054 : 000;
65055 : 000;
65056 : 000;
65057 : 000;
65058 : 000;
65059 : 101;
65060 : 000;
65061 : 000;
65062 : 000;
65063 : 000;
65064 : 000;
65065 : 000;
65066 : 000;
65067 : 000;
65068 : 000;
65069 : 000;
65070 : 000;
65071 : 100;
65072 : 000;
65073 : 111;
65074 : 000;
65075 : 101;
65076 : 010;
65077 : 100;
65078 : 101;
65079 : 010;
65080 : 000;
65081 : 111;
65082 : 000;
65083 : 000;
65084 : 001;
65085 : 010;
65086 : 100;
65087 : 000;
65088 : 000;
65089 : 000;
65090 : 110;
65091 : 001;
65092 : 000;
65093 : 100;
65094 : 010;
65095 : 000;
65096 : 101;
65097 : 000;
65098 : 000;
65099 : 101;
65100 : 000;
65101 : 110;
65102 : 000;
65103 : 101;
65104 : 000;
65105 : 000;
65106 : 100;
65107 : 010;
65108 : 100;
65109 : 001;
65110 : 000;
65111 : 010;
65112 : 000;
65113 : 100;
65114 : 001;
65115 : 110;
65116 : 000;
65117 : 111;
65118 : 110;
65119 : 100;
65120 : 111;
65121 : 110;
65122 : 111;
65123 : 111;
65124 : 111;
65125 : 111;
65126 : 111;
65127 : 111;
65128 : 111;
65129 : 111;
65130 : 111;
65131 : 100;
65132 : 111;
65133 : 100;
65134 : 000;
65135 : 101;
65136 : 010;
65137 : 100;
65138 : 101;
65139 : 000;
65140 : 000;
65141 : 000;
65142 : 000;
65143 : 101;
65144 : 000;
65145 : 110;
65146 : 100;
65147 : 111;
65148 : 110;
65149 : 111;
65150 : 110;
65151 : 001;
65152 : 111;
65153 : 101;
65154 : 111;
65155 : 011;
65156 : 111;
65157 : 111;
65158 : 101;
65159 : 110;
65160 : 111;
65161 : 110;
65162 : 111;
65163 : 111;
65164 : 101;
65165 : 110;
65166 : 011;
65167 : 101;
65168 : 010;
65169 : 111;
65170 : 011;
65171 : 100;
65172 : 011;
65173 : 100;
65174 : 011;
65175 : 111;
65176 : 100;
65177 : 011;
65178 : 110;
65179 : 101;
65180 : 111;
65181 : 100;
65182 : 111;
65183 : 111;
65184 : 100;
65185 : 111;
65186 : 110;
65187 : 111;
65188 : 101;
65189 : 110;
65190 : 101;
65191 : 110;
65192 : 011;
65193 : 111;
65194 : 100;
65195 : 111;
65196 : 000;
65197 : 111;
65198 : 111;
65199 : 110;
65200 : 111;
65201 : 101;
65202 : 110;
65203 : 111;
65204 : 111;
65205 : 111;
65206 : 100;
65207 : 111;
65208 : 011;
65209 : 111;
65210 : 111;
65211 : 101;
65212 : 110;
65213 : 111;
65214 : 110;
65215 : 001;
65216 : 111;
65217 : 100;
65218 : 111;
65219 : 100;
65220 : 111;
65221 : 111;
65222 : 111;
65223 : 111;
65224 : 110;
65225 : 101;
65226 : 110;
65227 : 111;
65228 : 111;
65229 : 111;
65230 : 111;
65231 : 110;
65232 : 111;
65233 : 111;
65234 : 010;
65235 : 101;
65236 : 010;
65237 : 000;
65238 : 000;
65239 : 110;
65240 : 000;
65241 : 100;
65242 : 001;
65243 : 000;
65244 : 000;
65245 : 000;
65246 : 000;
65247 : 001;
65248 : 000;
65249 : 000;
65250 : 000;
65251 : 000;
65252 : 000;
65253 : 000;
65254 : 000;
65255 : 100;
65256 : 000;
65257 : 000;
65258 : 000;
65259 : 000;
65260 : 001;
65261 : 110;
65262 : 100;
65263 : 110;
65264 : 101;
65265 : 110;
65266 : 100;
65267 : 000;
65268 : 000;
65269 : 001;
65270 : 000;
65271 : 000;
65272 : 000;
65273 : 000;
65274 : 001;
65275 : 100;
65276 : 000;
65277 : 111;
65278 : 000;
65279 : 100;
65280 : 000;
65281 : 000;
65282 : 010;
65283 : 001;
65284 : 000;
65285 : 100;
65286 : 000;
65287 : 000;
65288 : 110;
65289 : 000;
65290 : 000;
65291 : 100;
65292 : 000;
65293 : 000;
65294 : 100;
65295 : 000;
65296 : 001;
65297 : 100;
65298 : 000;
65299 : 100;
65300 : 010;
65301 : 100;
65302 : 010;
65303 : 100;
65304 : 000;
65305 : 000;
65306 : 000;
65307 : 000;
65308 : 000;
65309 : 000;
65310 : 000;
65311 : 000;
65312 : 000;
65313 : 000;
65314 : 000;
65315 : 000;
65316 : 000;
65317 : 000;
65318 : 000;
65319 : 000;
65320 : 000;
65321 : 010;
65322 : 000;
65323 : 000;
65324 : 000;
65325 : 110;
65326 : 001;
65327 : 000;
65328 : 000;
65329 : 100;
65330 : 001;
65331 : 000;
65332 : 000;
65333 : 000;
65334 : 000;
65335 : 000;
65336 : 000;
65337 : 000;
65338 : 100;
65339 : 000;
65340 : 000;
65341 : 100;
65342 : 010;
65343 : 000;
65344 : 000;
65345 : 100;
65346 : 000;
65347 : 001;
65348 : 110;
65349 : 000;
65350 : 100;
65351 : 011;
65352 : 000;
65353 : 110;
65354 : 000;
65355 : 100;
65356 : 001;
65357 : 000;
65358 : 000;
65359 : 001;
65360 : 000;
65361 : 000;
65362 : 101;
65363 : 000;
65364 : 010;
65365 : 000;
65366 : 000;
65367 : 000;
65368 : 000;
65369 : 000;
65370 : 000;
65371 : 000;
65372 : 000;
65373 : 000;
65374 : 000;
65375 : 000;
65376 : 000;
65377 : 000;
65378 : 000;
65379 : 000;
65380 : 000;
65381 : 000;
65382 : 010;
65383 : 000;
65384 : 000;
65385 : 000;
65386 : 000;
65387 : 000;
65388 : 000;
65389 : 110;
65390 : 000;
65391 : 111;
65392 : 000;
65393 : 100;
65394 : 010;
65395 : 000;
65396 : 100;
65397 : 010;
65398 : 000;
65399 : 100;
65400 : 000;
65401 : 100;
65402 : 000;
65403 : 110;
65404 : 000;
65405 : 000;
65406 : 000;
65407 : 000;
65408 : 110;
65409 : 001;
65410 : 000;
65411 : 110;
65412 : 000;
65413 : 000;
65414 : 100;
65415 : 000;
65416 : 010;
65417 : 100;
65418 : 010;
65419 : 000;
65420 : 100;
65421 : 001;
65422 : 000;
65423 : 010;
65424 : 100;
65425 : 010;
65426 : 000;
65427 : 001;
65428 : 000;
65429 : 110;
65430 : 000;
65431 : 100;
65432 : 001;
65433 : 110;
65434 : 000;
65435 : 110;
65436 : 101;
65437 : 110;
65438 : 111;
65439 : 110;
65440 : 101;
65441 : 111;
65442 : 111;
65443 : 111;
65444 : 111;
65445 : 111;
65446 : 111;
65447 : 111;
65448 : 111;
65449 : 110;
65450 : 111;
65451 : 110;
65452 : 000;
65453 : 111;
65454 : 110;
65455 : 100;
65456 : 111;
65457 : 110;
65458 : 011;
65459 : 100;
65460 : 111;
65461 : 110;
65462 : 011;
65463 : 110;
65464 : 111;
65465 : 111;
65466 : 011;
65467 : 101;
65468 : 111;
65469 : 001;
65470 : 111;
65471 : 110;
65472 : 111;
65473 : 110;
65474 : 101;
65475 : 110;
65476 : 101;
65477 : 110;
65478 : 011;
65479 : 100;
65480 : 111;
65481 : 001;
65482 : 110;
65483 : 001;
65484 : 110;
65485 : 101;
65486 : 110;
65487 : 111;
65488 : 101;
65489 : 110;
65490 : 101;
65491 : 111;
65492 : 110;
65493 : 111;
65494 : 100;
65495 : 111;
65496 : 101;
65497 : 110;
65498 : 101;
65499 : 010;
65500 : 111;
65501 : 001;
65502 : 110;
65503 : 011;
65504 : 111;
65505 : 100;
65506 : 011;
65507 : 100;
65508 : 011;
65509 : 111;
65510 : 011;
65511 : 101;
65512 : 110;
65513 : 101;
65514 : 011;
65515 : 111;
65516 : 111;
65517 : 100;
65518 : 111;
65519 : 101;
65520 : 110;
65521 : 111;
65522 : 111;
65523 : 101;
65524 : 110;
65525 : 111;
65526 : 111;
65527 : 110;
65528 : 101;
65529 : 110;
65530 : 111;
65531 : 010;
65532 : 111;
65533 : 101;
65534 : 111;
65535 : 110;
65536 : 111;
65537 : 111;
65538 : 011;
65539 : 111;
65540 : 111;
65541 : 100;
65542 : 111;
65543 : 110;
65544 : 101;
65545 : 111;
65546 : 111;
65547 : 111;
65548 : 100;
65549 : 111;
65550 : 110;
65551 : 111;
65552 : 111;
65553 : 111;
65554 : 111;
65555 : 110;
65556 : 111;
65557 : 111;
65558 : 100;
65559 : 001;
65560 : 000;
65561 : 010;
65562 : 100;
65563 : 000;
65564 : 110;
65565 : 000;
65566 : 100;
65567 : 010;
65568 : 100;
65569 : 000;
65570 : 000;
65571 : 100;
65572 : 000;
65573 : 000;
65574 : 000;
65575 : 000;
65576 : 000;
65577 : 000;
65578 : 000;
65579 : 000;
65580 : 000;
65581 : 000;
65582 : 000;
65583 : 100;
65584 : 110;
65585 : 100;
65586 : 011;
65587 : 100;
65588 : 010;
65589 : 100;
65590 : 000;
65591 : 000;
65592 : 010;
65593 : 100;
65594 : 000;
65595 : 000;
65596 : 000;
65597 : 000;
65598 : 000;
65599 : 000;
65600 : 000;
65601 : 100;
65602 : 000;
65603 : 100;
65604 : 000;
65605 : 010;
65606 : 000;
65607 : 000;
65608 : 000;
65609 : 100;
65610 : 000;
65611 : 000;
65612 : 010;
65613 : 100;
65614 : 000;
65615 : 010;
65616 : 000;
65617 : 000;
65618 : 010;
65619 : 000;
65620 : 001;
65621 : 000;
65622 : 101;
65623 : 010;
65624 : 100;
65625 : 000;
65626 : 000;
65627 : 000;
65628 : 000;
65629 : 000;
65630 : 000;
65631 : 000;
65632 : 000;
65633 : 000;
65634 : 010;
65635 : 001;
65636 : 000;
65637 : 000;
65638 : 010;
65639 : 000;
65640 : 000;
65641 : 100;
65642 : 000;
65643 : 000;
65644 : 001;
65645 : 000;
65646 : 000;
65647 : 000;
65648 : 000;
65649 : 000;
65650 : 000;
65651 : 000;
65652 : 000;
65653 : 000;
65654 : 000;
65655 : 000;
65656 : 000;
65657 : 100;
65658 : 011;
65659 : 000;
65660 : 000;
65661 : 001;
65662 : 000;
65663 : 000;
65664 : 101;
65665 : 000;
65666 : 010;
65667 : 100;
65668 : 000;
65669 : 001;
65670 : 000;
65671 : 100;
65672 : 000;
65673 : 001;
65674 : 000;
65675 : 010;
65676 : 000;
65677 : 000;
65678 : 000;
65679 : 000;
65680 : 100;
65681 : 000;
65682 : 000;
65683 : 000;
65684 : 000;
65685 : 000;
65686 : 000;
65687 : 000;
65688 : 000;
65689 : 010;
65690 : 000;
65691 : 000;
65692 : 000;
65693 : 000;
65694 : 000;
65695 : 000;
65696 : 000;
65697 : 000;
65698 : 000;
65699 : 000;
65700 : 000;
65701 : 000;
65702 : 000;
65703 : 000;
65704 : 000;
65705 : 000;
65706 : 000;
65707 : 010;
65708 : 000;
65709 : 001;
65710 : 100;
65711 : 000;
65712 : 100;
65713 : 000;
65714 : 000;
65715 : 101;
65716 : 000;
65717 : 101;
65718 : 010;
65719 : 100;
65720 : 011;
65721 : 000;
65722 : 000;
65723 : 000;
65724 : 000;
65725 : 100;
65726 : 001;
65727 : 000;
65728 : 000;
65729 : 000;
65730 : 100;
65731 : 000;
65732 : 000;
65733 : 010;
65734 : 001;
65735 : 100;
65736 : 000;
65737 : 001;
65738 : 100;
65739 : 010;
65740 : 001;
65741 : 110;
65742 : 100;
65743 : 001;
65744 : 110;
65745 : 101;
65746 : 110;
65747 : 101;
65748 : 110;
65749 : 101;
65750 : 111;
65751 : 110;
65752 : 111;
65753 : 100;
65754 : 111;
65755 : 111;
65756 : 110;
65757 : 001;
65758 : 110;
65759 : 111;
65760 : 110;
65761 : 111;
65762 : 110;
65763 : 111;
65764 : 100;
65765 : 111;
65766 : 111;
65767 : 100;
65768 : 111;
65769 : 111;
65770 : 000;
65771 : 111;
65772 : 111;
65773 : 110;
65774 : 101;
65775 : 011;
65776 : 111;
65777 : 101;
65778 : 110;
65779 : 111;
65780 : 101;
65781 : 111;
65782 : 100;
65783 : 111;
65784 : 101;
65785 : 110;
65786 : 101;
65787 : 110;
65788 : 110;
65789 : 111;
65790 : 100;
65791 : 111;
65792 : 000;
65793 : 111;
65794 : 010;
65795 : 101;
65796 : 111;
65797 : 100;
65798 : 111;
65799 : 111;
65800 : 000;
65801 : 111;
65802 : 111;
65803 : 110;
65804 : 111;
65805 : 011;
65806 : 101;
65807 : 010;
65808 : 111;
65809 : 001;
65810 : 110;
65811 : 011;
65812 : 101;
65813 : 011;
65814 : 111;
65815 : 010;
65816 : 111;
65817 : 001;
65818 : 111;
65819 : 111;
65820 : 100;
65821 : 111;
65822 : 111;
65823 : 100;
65824 : 111;
65825 : 111;
65826 : 111;
65827 : 111;
65828 : 100;
65829 : 111;
65830 : 110;
65831 : 111;
65832 : 111;
65833 : 110;
65834 : 111;
65835 : 100;
65836 : 111;
65837 : 111;
65838 : 110;
65839 : 011;
65840 : 111;
65841 : 100;
65842 : 011;
65843 : 111;
65844 : 111;
65845 : 000;
65846 : 111;
65847 : 111;
65848 : 111;
65849 : 101;
65850 : 110;
65851 : 101;
65852 : 111;
65853 : 110;
65854 : 111;
65855 : 111;
65856 : 101;
65857 : 110;
65858 : 111;
65859 : 100;
65860 : 111;
65861 : 111;
65862 : 111;
65863 : 111;
65864 : 111;
65865 : 010;
65866 : 111;
65867 : 110;
65868 : 111;
65869 : 111;
65870 : 101;
65871 : 111;
65872 : 100;
65873 : 111;
65874 : 100;
65875 : 111;
65876 : 111;
65877 : 111;
65878 : 111;
65879 : 111;
65880 : 111;
65881 : 110;
65882 : 001;
65883 : 110;
65884 : 000;
65885 : 101;
65886 : 010;
65887 : 100;
65888 : 000;
65889 : 111;
65890 : 000;
65891 : 010;
65892 : 000;
65893 : 000;
65894 : 000;
65895 : 000;
65896 : 000;
65897 : 000;
65898 : 000;
65899 : 000;
65900 : 000;
65901 : 000;
65902 : 100;
65903 : 100;
65904 : 100;
65905 : 100;
65906 : 000;
65907 : 000;
65908 : 101;
65909 : 010;
65910 : 100;
65911 : 111;
65912 : 000;
65913 : 000;
65914 : 010;
65915 : 100;
65916 : 001;
65917 : 010;
65918 : 100;
65919 : 000;
65920 : 000;
65921 : 000;
65922 : 000;
65923 : 010;
65924 : 000;
65925 : 101;
65926 : 000;
65927 : 100;
65928 : 001;
65929 : 000;
65930 : 010;
65931 : 101;
65932 : 000;
65933 : 000;
65934 : 000;
65935 : 100;
65936 : 000;
65937 : 100;
65938 : 000;
65939 : 000;
65940 : 100;
65941 : 010;
65942 : 100;
65943 : 000;
65944 : 011;
65945 : 000;
65946 : 000;
65947 : 000;
65948 : 000;
65949 : 101;
65950 : 010;
65951 : 000;
65952 : 001;
65953 : 000;
65954 : 100;
65955 : 000;
65956 : 000;
65957 : 000;
65958 : 100;
65959 : 000;
65960 : 000;
65961 : 000;
65962 : 000;
65963 : 000;
65964 : 000;
65965 : 000;
65966 : 000;
65967 : 000;
65968 : 000;
65969 : 000;
65970 : 010;
65971 : 000;
65972 : 000;
65973 : 000;
65974 : 110;
65975 : 000;
65976 : 001;
65977 : 000;
65978 : 000;
65979 : 000;
65980 : 000;
65981 : 110;
65982 : 000;
65983 : 000;
65984 : 010;
65985 : 000;
65986 : 001;
65987 : 000;
65988 : 000;
65989 : 000;
65990 : 000;
65991 : 010;
65992 : 000;
65993 : 000;
65994 : 000;
65995 : 000;
65996 : 000;
65997 : 000;
65998 : 100;
65999 : 000;
66000 : 000;
66001 : 000;
66002 : 000;
66003 : 000;
66004 : 000;
66005 : 000;
66006 : 000;
66007 : 000;
66008 : 000;
66009 : 000;
66010 : 000;
66011 : 000;
66012 : 000;
66013 : 000;
66014 : 000;
66015 : 000;
66016 : 000;
66017 : 000;
66018 : 000;
66019 : 000;
66020 : 000;
66021 : 000;
66022 : 100;
66023 : 000;
66024 : 001;
66025 : 110;
66026 : 000;
66027 : 101;
66028 : 000;
66029 : 000;
66030 : 110;
66031 : 111;
66032 : 000;
66033 : 110;
66034 : 000;
66035 : 110;
66036 : 000;
66037 : 110;
66038 : 000;
66039 : 001;
66040 : 100;
66041 : 010;
66042 : 101;
66043 : 110;
66044 : 001;
66045 : 010;
66046 : 100;
66047 : 010;
66048 : 101;
66049 : 010;
66050 : 101;
66051 : 110;
66052 : 101;
66053 : 110;
66054 : 101;
66055 : 010;
66056 : 111;
66057 : 110;
66058 : 111;
66059 : 101;
66060 : 110;
66061 : 111;
66062 : 111;
66063 : 111;
66064 : 111;
66065 : 001;
66066 : 111;
66067 : 110;
66068 : 011;
66069 : 111;
66070 : 110;
66071 : 001;
66072 : 111;
66073 : 111;
66074 : 110;
66075 : 101;
66076 : 111;
66077 : 111;
66078 : 111;
66079 : 101;
66080 : 111;
66081 : 111;
66082 : 101;
66083 : 110;
66084 : 011;
66085 : 111;
66086 : 110;
66087 : 111;
66088 : 011;
66089 : 100;
66090 : 111;
66091 : 111;
66092 : 101;
66093 : 111;
66094 : 111;
66095 : 110;
66096 : 101;
66097 : 110;
66098 : 011;
66099 : 110;
66100 : 111;
66101 : 000;
66102 : 111;
66103 : 111;
66104 : 010;
66105 : 101;
66106 : 110;
66107 : 011;
66108 : 101;
66109 : 111;
66110 : 011;
66111 : 111;
66112 : 111;
66113 : 101;
66114 : 111;
66115 : 110;
66116 : 011;
66117 : 111;
66118 : 000;
66119 : 111;
66120 : 111;
66121 : 100;
66122 : 111;
66123 : 001;
66124 : 110;
66125 : 101;
66126 : 110;
66127 : 111;
66128 : 100;
66129 : 111;
66130 : 111;
66131 : 100;
66132 : 111;
66133 : 100;
66134 : 111;
66135 : 101;
66136 : 110;
66137 : 111;
66138 : 110;
66139 : 101;
66140 : 111;
66141 : 010;
66142 : 101;
66143 : 111;
66144 : 010;
66145 : 101;
66146 : 110;
66147 : 111;
66148 : 111;
66149 : 100;
66150 : 111;
66151 : 101;
66152 : 110;
66153 : 101;
66154 : 111;
66155 : 111;
66156 : 110;
66157 : 101;
66158 : 111;
66159 : 110;
66160 : 111;
66161 : 111;
66162 : 110;
66163 : 101;
66164 : 110;
66165 : 111;
66166 : 111;
66167 : 100;
66168 : 111;
66169 : 110;
66170 : 111;
66171 : 111;
66172 : 111;
66173 : 111;
66174 : 100;
66175 : 111;
66176 : 111;
66177 : 111;
66178 : 110;
66179 : 111;
66180 : 111;
66181 : 110;
66182 : 001;
66183 : 110;
66184 : 111;
66185 : 101;
66186 : 111;
66187 : 101;
66188 : 111;
66189 : 110;
66190 : 111;
66191 : 111;
66192 : 111;
66193 : 110;
66194 : 111;
66195 : 111;
66196 : 100;
66197 : 111;
66198 : 110;
66199 : 111;
66200 : 111;
66201 : 111;
66202 : 111;
66203 : 111;
66204 : 111;
66205 : 110;
66206 : 101;
66207 : 010;
66208 : 100;
66209 : 000;
66210 : 000;
66211 : 100;
66212 : 001;
66213 : 110;
66214 : 000;
66215 : 110;
66216 : 000;
66217 : 100;
66218 : 010;
66219 : 100;
66220 : 000;
66221 : 000;
66222 : 000;
66223 : 000;
66224 : 101;
66225 : 000;
66226 : 000;
66227 : 000;
66228 : 000;
66229 : 000;
66230 : 000;
66231 : 000;
66232 : 100;
66233 : 101;
66234 : 000;
66235 : 110;
66236 : 000;
66237 : 100;
66238 : 000;
66239 : 000;
66240 : 000;
66241 : 000;
66242 : 101;
66243 : 000;
66244 : 000;
66245 : 000;
66246 : 000;
66247 : 010;
66248 : 000;
66249 : 000;
66250 : 000;
66251 : 000;
66252 : 000;
66253 : 100;
66254 : 011;
66255 : 000;
66256 : 000;
66257 : 001;
66258 : 000;
66259 : 100;
66260 : 000;
66261 : 000;
66262 : 110;
66263 : 100;
66264 : 000;
66265 : 100;
66266 : 000;
66267 : 000;
66268 : 010;
66269 : 000;
66270 : 000;
66271 : 000;
66272 : 000;
66273 : 000;
66274 : 000;
66275 : 000;
66276 : 000;
66277 : 000;
66278 : 000;
66279 : 000;
66280 : 000;
66281 : 000;
66282 : 000;
66283 : 001;
66284 : 000;
66285 : 000;
66286 : 100;
66287 : 000;
66288 : 010;
66289 : 101;
66290 : 000;
66291 : 000;
66292 : 100;
66293 : 000;
66294 : 001;
66295 : 000;
66296 : 110;
66297 : 000;
66298 : 000;
66299 : 000;
66300 : 000;
66301 : 000;
66302 : 000;
66303 : 000;
66304 : 000;
66305 : 000;
66306 : 000;
66307 : 000;
66308 : 000;
66309 : 000;
66310 : 000;
66311 : 000;
66312 : 000;
66313 : 000;
66314 : 000;
66315 : 000;
66316 : 000;
66317 : 000;
66318 : 000;
66319 : 000;
66320 : 010;
66321 : 000;
66322 : 000;
66323 : 000;
66324 : 000;
66325 : 000;
66326 : 000;
66327 : 000;
66328 : 000;
66329 : 000;
66330 : 000;
66331 : 000;
66332 : 000;
66333 : 000;
66334 : 000;
66335 : 011;
66336 : 100;
66337 : 000;
66338 : 000;
66339 : 111;
66340 : 000;
66341 : 000;
66342 : 000;
66343 : 010;
66344 : 000;
66345 : 000;
66346 : 000;
66347 : 000;
66348 : 100;
66349 : 010;
66350 : 101;
66351 : 110;
66352 : 101;
66353 : 111;
66354 : 111;
66355 : 111;
66356 : 111;
66357 : 101;
66358 : 111;
66359 : 110;
66360 : 111;
66361 : 111;
66362 : 110;
66363 : 101;
66364 : 111;
66365 : 111;
66366 : 111;
66367 : 101;
66368 : 110;
66369 : 111;
66370 : 111;
66371 : 011;
66372 : 111;
66373 : 111;
66374 : 111;
66375 : 111;
66376 : 101;
66377 : 111;
66378 : 011;
66379 : 110;
66380 : 101;
66381 : 011;
66382 : 100;
66383 : 011;
66384 : 100;
66385 : 111;
66386 : 110;
66387 : 101;
66388 : 111;
66389 : 100;
66390 : 111;
66391 : 111;
66392 : 110;
66393 : 101;
66394 : 011;
66395 : 110;
66396 : 111;
66397 : 100;
66398 : 111;
66399 : 110;
66400 : 011;
66401 : 100;
66402 : 111;
66403 : 111;
66404 : 111;
66405 : 100;
66406 : 111;
66407 : 101;
66408 : 110;
66409 : 111;
66410 : 111;
66411 : 110;
66412 : 111;
66413 : 110;
66414 : 101;
66415 : 111;
66416 : 010;
66417 : 111;
66418 : 101;
66419 : 111;
66420 : 111;
66421 : 111;
66422 : 110;
66423 : 101;
66424 : 111;
66425 : 111;
66426 : 111;
66427 : 111;
66428 : 110;
66429 : 111;
66430 : 100;
66431 : 111;
66432 : 110;
66433 : 111;
66434 : 110;
66435 : 101;
66436 : 111;
66437 : 110;
66438 : 111;
66439 : 111;
66440 : 110;
66441 : 111;
66442 : 110;
66443 : 111;
66444 : 101;
66445 : 111;
66446 : 011;
66447 : 111;
66448 : 111;
66449 : 110;
66450 : 001;
66451 : 111;
66452 : 110;
66453 : 111;
66454 : 010;
66455 : 111;
66456 : 101;
66457 : 110;
66458 : 011;
66459 : 111;
66460 : 110;
66461 : 111;
66462 : 111;
66463 : 110;
66464 : 101;
66465 : 111;
66466 : 111;
66467 : 000;
66468 : 111;
66469 : 111;
66470 : 011;
66471 : 110;
66472 : 111;
66473 : 011;
66474 : 110;
66475 : 101;
66476 : 011;
66477 : 110;
66478 : 111;
66479 : 101;
66480 : 111;
66481 : 101;
66482 : 111;
66483 : 111;
66484 : 111;
66485 : 111;
66486 : 111;
66487 : 111;
66488 : 111;
66489 : 011;
66490 : 111;
66491 : 100;
66492 : 111;
66493 : 010;
66494 : 111;
66495 : 111;
66496 : 000;
66497 : 111;
66498 : 101;
66499 : 111;
66500 : 000;
66501 : 111;
66502 : 111;
66503 : 111;
66504 : 110;
66505 : 111;
66506 : 110;
66507 : 111;
66508 : 010;
66509 : 101;
66510 : 110;
66511 : 011;
66512 : 100;
66513 : 011;
66514 : 101;
66515 : 110;
66516 : 111;
66517 : 111;
66518 : 101;
66519 : 110;
66520 : 111;
66521 : 100;
66522 : 111;
66523 : 110;
66524 : 101;
66525 : 111;
66526 : 111;
66527 : 111;
66528 : 111;
66529 : 111;
66530 : 100;
66531 : 011;
66532 : 100;
66533 : 000;
66534 : 101;
66535 : 000;
66536 : 011;
66537 : 100;
66538 : 000;
66539 : 001;
66540 : 110;
66541 : 000;
66542 : 000;
66543 : 000;
66544 : 100;
66545 : 100;
66546 : 000;
66547 : 000;
66548 : 000;
66549 : 000;
66550 : 000;
66551 : 000;
66552 : 000;
66553 : 010;
66554 : 000;
66555 : 000;
66556 : 000;
66557 : 111;
66558 : 000;
66559 : 100;
66560 : 000;
66561 : 000;
66562 : 010;
66563 : 000;
66564 : 100;
66565 : 000;
66566 : 000;
66567 : 100;
66568 : 000;
66569 : 100;
66570 : 000;
66571 : 100;
66572 : 010;
66573 : 000;
66574 : 000;
66575 : 000;
66576 : 100;
66577 : 010;
66578 : 000;
66579 : 000;
66580 : 010;
66581 : 101;
66582 : 000;
66583 : 111;
66584 : 000;
66585 : 000;
66586 : 000;
66587 : 000;
66588 : 000;
66589 : 000;
66590 : 000;
66591 : 000;
66592 : 000;
66593 : 000;
66594 : 000;
66595 : 000;
66596 : 000;
66597 : 110;
66598 : 001;
66599 : 000;
66600 : 000;
66601 : 111;
66602 : 000;
66603 : 110;
66604 : 000;
66605 : 010;
66606 : 000;
66607 : 001;
66608 : 100;
66609 : 000;
66610 : 000;
66611 : 111;
66612 : 000;
66613 : 000;
66614 : 000;
66615 : 000;
66616 : 000;
66617 : 000;
66618 : 000;
66619 : 000;
66620 : 000;
66621 : 000;
66622 : 000;
66623 : 000;
66624 : 000;
66625 : 000;
66626 : 000;
66627 : 000;
66628 : 000;
66629 : 000;
66630 : 000;
66631 : 000;
66632 : 000;
66633 : 000;
66634 : 000;
66635 : 000;
66636 : 000;
66637 : 000;
66638 : 000;
66639 : 000;
66640 : 000;
66641 : 000;
66642 : 000;
66643 : 000;
66644 : 000;
66645 : 000;
66646 : 000;
66647 : 000;
66648 : 000;
66649 : 000;
66650 : 100;
66651 : 000;
66652 : 000;
66653 : 001;
66654 : 100;
66655 : 000;
66656 : 000;
66657 : 000;
66658 : 000;
66659 : 000;
66660 : 110;
66661 : 001;
66662 : 110;
66663 : 101;
66664 : 000;
66665 : 111;
66666 : 111;
66667 : 111;
66668 : 111;
66669 : 101;
66670 : 110;
66671 : 111;
66672 : 010;
66673 : 111;
66674 : 100;
66675 : 111;
66676 : 110;
66677 : 111;
66678 : 110;
66679 : 111;
66680 : 101;
66681 : 110;
66682 : 111;
66683 : 111;
66684 : 110;
66685 : 101;
66686 : 110;
66687 : 111;
66688 : 111;
66689 : 000;
66690 : 111;
66691 : 100;
66692 : 111;
66693 : 000;
66694 : 111;
66695 : 100;
66696 : 011;
66697 : 110;
66698 : 101;
66699 : 111;
66700 : 111;
66701 : 110;
66702 : 111;
66703 : 111;
66704 : 110;
66705 : 001;
66706 : 111;
66707 : 010;
66708 : 111;
66709 : 011;
66710 : 100;
66711 : 111;
66712 : 001;
66713 : 110;
66714 : 101;
66715 : 111;
66716 : 110;
66717 : 111;
66718 : 011;
66719 : 101;
66720 : 110;
66721 : 111;
66722 : 111;
66723 : 100;
66724 : 111;
66725 : 111;
66726 : 010;
66727 : 111;
66728 : 111;
66729 : 111;
66730 : 100;
66731 : 111;
66732 : 101;
66733 : 011;
66734 : 110;
66735 : 001;
66736 : 110;
66737 : 101;
66738 : 010;
66739 : 100;
66740 : 000;
66741 : 111;
66742 : 111;
66743 : 111;
66744 : 110;
66745 : 111;
66746 : 100;
66747 : 111;
66748 : 111;
66749 : 111;
66750 : 110;
66751 : 111;
66752 : 101;
66753 : 111;
66754 : 111;
66755 : 111;
66756 : 111;
66757 : 111;
66758 : 101;
66759 : 111;
66760 : 111;
66761 : 101;
66762 : 011;
66763 : 110;
66764 : 111;
66765 : 110;
66766 : 101;
66767 : 110;
66768 : 101;
66769 : 111;
66770 : 110;
66771 : 111;
66772 : 101;
66773 : 111;
66774 : 101;
66775 : 110;
66776 : 111;
66777 : 111;
66778 : 101;
66779 : 110;
66780 : 101;
66781 : 111;
66782 : 101;
66783 : 111;
66784 : 111;
66785 : 110;
66786 : 111;
66787 : 111;
66788 : 110;
66789 : 101;
66790 : 110;
66791 : 111;
66792 : 101;
66793 : 111;
66794 : 111;
66795 : 110;
66796 : 111;
66797 : 111;
66798 : 111;
66799 : 110;
66800 : 111;
66801 : 110;
66802 : 111;
66803 : 110;
66804 : 101;
66805 : 110;
66806 : 101;
66807 : 110;
66808 : 111;
66809 : 100;
66810 : 111;
66811 : 111;
66812 : 111;
66813 : 101;
66814 : 111;
66815 : 110;
66816 : 111;
66817 : 111;
66818 : 110;
66819 : 111;
66820 : 111;
66821 : 110;
66822 : 101;
66823 : 110;
66824 : 101;
66825 : 011;
66826 : 100;
66827 : 111;
66828 : 111;
66829 : 111;
66830 : 101;
66831 : 111;
66832 : 111;
66833 : 110;
66834 : 111;
66835 : 111;
66836 : 001;
66837 : 110;
66838 : 111;
66839 : 111;
66840 : 111;
66841 : 111;
66842 : 111;
66843 : 111;
66844 : 110;
66845 : 111;
66846 : 110;
66847 : 101;
66848 : 110;
66849 : 111;
66850 : 111;
66851 : 111;
66852 : 110;
66853 : 111;
66854 : 000;
66855 : 100;
66856 : 000;
66857 : 000;
66858 : 100;
66859 : 000;
66860 : 000;
66861 : 000;
66862 : 110;
66863 : 000;
66864 : 000;
66865 : 000;
66866 : 000;
66867 : 100;
66868 : 000;
66869 : 000;
66870 : 000;
66871 : 000;
66872 : 000;
66873 : 000;
66874 : 000;
66875 : 100;
66876 : 000;
66877 : 000;
66878 : 000;
66879 : 000;
66880 : 000;
66881 : 100;
66882 : 000;
66883 : 000;
66884 : 000;
66885 : 010;
66886 : 000;
66887 : 000;
66888 : 000;
66889 : 010;
66890 : 000;
66891 : 000;
66892 : 000;
66893 : 000;
66894 : 100;
66895 : 000;
66896 : 000;
66897 : 100;
66898 : 010;
66899 : 101;
66900 : 100;
66901 : 110;
66902 : 110;
66903 : 100;
66904 : 111;
66905 : 110;
66906 : 101;
66907 : 010;
66908 : 000;
66909 : 000;
66910 : 000;
66911 : 000;
66912 : 000;
66913 : 000;
66914 : 000;
66915 : 110;
66916 : 001;
66917 : 000;
66918 : 000;
66919 : 110;
66920 : 000;
66921 : 000;
66922 : 000;
66923 : 000;
66924 : 000;
66925 : 101;
66926 : 000;
66927 : 000;
66928 : 000;
66929 : 000;
66930 : 000;
66931 : 000;
66932 : 000;
66933 : 000;
66934 : 000;
66935 : 000;
66936 : 000;
66937 : 000;
66938 : 000;
66939 : 000;
66940 : 000;
66941 : 000;
66942 : 000;
66943 : 000;
66944 : 000;
66945 : 100;
66946 : 000;
66947 : 000;
66948 : 000;
66949 : 000;
66950 : 000;
66951 : 000;
66952 : 000;
66953 : 000;
66954 : 000;
66955 : 100;
66956 : 000;
66957 : 000;
66958 : 000;
66959 : 000;
66960 : 000;
66961 : 000;
66962 : 001;
66963 : 110;
66964 : 111;
66965 : 111;
66966 : 111;
66967 : 111;
66968 : 101;
66969 : 110;
66970 : 011;
66971 : 111;
66972 : 110;
66973 : 111;
66974 : 000;
66975 : 111;
66976 : 110;
66977 : 111;
66978 : 111;
66979 : 111;
66980 : 101;
66981 : 110;
66982 : 001;
66983 : 111;
66984 : 111;
66985 : 100;
66986 : 011;
66987 : 100;
66988 : 011;
66989 : 110;
66990 : 111;
66991 : 101;
66992 : 111;
66993 : 110;
66994 : 111;
66995 : 001;
66996 : 110;
66997 : 101;
66998 : 011;
66999 : 100;
67000 : 111;
67001 : 011;
67002 : 100;
67003 : 111;
67004 : 000;
67005 : 111;
67006 : 011;
67007 : 100;
67008 : 111;
67009 : 111;
67010 : 110;
67011 : 111;
67012 : 111;
67013 : 110;
67014 : 101;
67015 : 111;
67016 : 110;
67017 : 101;
67018 : 011;
67019 : 110;
67020 : 101;
67021 : 011;
67022 : 100;
67023 : 111;
67024 : 101;
67025 : 111;
67026 : 110;
67027 : 101;
67028 : 111;
67029 : 100;
67030 : 111;
67031 : 111;
67032 : 110;
67033 : 111;
67034 : 110;
67035 : 001;
67036 : 111;
67037 : 000;
67038 : 111;
67039 : 110;
67040 : 111;
67041 : 111;
67042 : 110;
67043 : 011;
67044 : 000;
67045 : 100;
67046 : 001;
67047 : 100;
67048 : 000;
67049 : 111;
67050 : 111;
67051 : 111;
67052 : 110;
67053 : 111;
67054 : 000;
67055 : 100;
67056 : 000;
67057 : 111;
67058 : 111;
67059 : 111;
67060 : 111;
67061 : 100;
67062 : 010;
67063 : 101;
67064 : 111;
67065 : 111;
67066 : 111;
67067 : 110;
67068 : 101;
67069 : 111;
67070 : 111;
67071 : 111;
67072 : 110;
67073 : 111;
67074 : 110;
67075 : 101;
67076 : 110;
67077 : 111;
67078 : 110;
67079 : 111;
67080 : 110;
67081 : 111;
67082 : 101;
67083 : 111;
67084 : 101;
67085 : 110;
67086 : 111;
67087 : 011;
67088 : 110;
67089 : 111;
67090 : 101;
67091 : 010;
67092 : 111;
67093 : 110;
67094 : 111;
67095 : 011;
67096 : 101;
67097 : 110;
67098 : 111;
67099 : 111;
67100 : 111;
67101 : 010;
67102 : 111;
67103 : 110;
67104 : 111;
67105 : 001;
67106 : 110;
67107 : 101;
67108 : 111;
67109 : 111;
67110 : 111;
67111 : 111;
67112 : 110;
67113 : 111;
67114 : 100;
67115 : 111;
67116 : 111;
67117 : 100;
67118 : 111;
67119 : 101;
67120 : 011;
67121 : 111;
67122 : 100;
67123 : 111;
67124 : 011;
67125 : 111;
67126 : 110;
67127 : 111;
67128 : 111;
67129 : 111;
67130 : 110;
67131 : 101;
67132 : 110;
67133 : 111;
67134 : 110;
67135 : 101;
67136 : 110;
67137 : 001;
67138 : 111;
67139 : 100;
67140 : 111;
67141 : 111;
67142 : 110;
67143 : 011;
67144 : 111;
67145 : 110;
67146 : 111;
67147 : 101;
67148 : 110;
67149 : 111;
67150 : 110;
67151 : 111;
67152 : 110;
67153 : 101;
67154 : 111;
67155 : 110;
67156 : 111;
67157 : 111;
67158 : 110;
67159 : 001;
67160 : 110;
67161 : 100;
67162 : 111;
67163 : 100;
67164 : 111;
67165 : 111;
67166 : 111;
67167 : 111;
67168 : 111;
67169 : 111;
67170 : 100;
67171 : 111;
67172 : 111;
67173 : 111;
67174 : 111;
67175 : 111;
67176 : 110;
67177 : 111;
67178 : 000;
67179 : 110;
67180 : 000;
67181 : 001;
67182 : 000;
67183 : 100;
67184 : 010;
67185 : 100;
67186 : 000;
67187 : 010;
67188 : 000;
67189 : 000;
67190 : 000;
67191 : 000;
67192 : 000;
67193 : 100;
67194 : 000;
67195 : 000;
67196 : 000;
67197 : 000;
67198 : 000;
67199 : 000;
67200 : 000;
67201 : 000;
67202 : 000;
67203 : 000;
67204 : 100;
67205 : 000;
67206 : 001;
67207 : 100;
67208 : 000;
67209 : 001;
67210 : 100;
67211 : 000;
67212 : 101;
67213 : 010;
67214 : 100;
67215 : 011;
67216 : 110;
67217 : 101;
67218 : 110;
67219 : 110;
67220 : 111;
67221 : 100;
67222 : 111;
67223 : 110;
67224 : 101;
67225 : 010;
67226 : 100;
67227 : 100;
67228 : 000;
67229 : 000;
67230 : 000;
67231 : 100;
67232 : 000;
67233 : 000;
67234 : 000;
67235 : 000;
67236 : 000;
67237 : 000;
67238 : 000;
67239 : 000;
67240 : 000;
67241 : 001;
67242 : 000;
67243 : 000;
67244 : 000;
67245 : 000;
67246 : 000;
67247 : 000;
67248 : 000;
67249 : 000;
67250 : 000;
67251 : 000;
67252 : 000;
67253 : 000;
67254 : 000;
67255 : 000;
67256 : 000;
67257 : 000;
67258 : 000;
67259 : 000;
67260 : 000;
67261 : 000;
67262 : 000;
67263 : 001;
67264 : 000;
67265 : 000;
67266 : 000;
67267 : 000;
67268 : 000;
67269 : 000;
67270 : 000;
67271 : 000;
67272 : 000;
67273 : 000;
67274 : 000;
67275 : 000;
67276 : 001;
67277 : 000;
67278 : 010;
67279 : 101;
67280 : 011;
67281 : 110;
67282 : 111;
67283 : 101;
67284 : 110;
67285 : 001;
67286 : 110;
67287 : 101;
67288 : 110;
67289 : 111;
67290 : 101;
67291 : 110;
67292 : 001;
67293 : 111;
67294 : 110;
67295 : 101;
67296 : 011;
67297 : 100;
67298 : 011;
67299 : 100;
67300 : 011;
67301 : 111;
67302 : 110;
67303 : 001;
67304 : 110;
67305 : 111;
67306 : 100;
67307 : 111;
67308 : 100;
67309 : 111;
67310 : 011;
67311 : 110;
67312 : 101;
67313 : 111;
67314 : 100;
67315 : 111;
67316 : 111;
67317 : 110;
67318 : 111;
67319 : 111;
67320 : 110;
67321 : 101;
67322 : 111;
67323 : 111;
67324 : 111;
67325 : 110;
67326 : 101;
67327 : 111;
67328 : 110;
67329 : 101;
67330 : 011;
67331 : 100;
67332 : 111;
67333 : 001;
67334 : 110;
67335 : 011;
67336 : 101;
67337 : 110;
67338 : 111;
67339 : 000;
67340 : 111;
67341 : 100;
67342 : 111;
67343 : 011;
67344 : 100;
67345 : 010;
67346 : 101;
67347 : 010;
67348 : 111;
67349 : 111;
67350 : 000;
67351 : 000;
67352 : 001;
67353 : 111;
67354 : 111;
67355 : 110;
67356 : 000;
67357 : 100;
67358 : 000;
67359 : 111;
67360 : 111;
67361 : 101;
67362 : 111;
67363 : 111;
67364 : 000;
67365 : 110;
67366 : 011;
67367 : 110;
67368 : 001;
67369 : 100;
67370 : 000;
67371 : 010;
67372 : 101;
67373 : 111;
67374 : 111;
67375 : 111;
67376 : 110;
67377 : 001;
67378 : 100;
67379 : 010;
67380 : 101;
67381 : 010;
67382 : 101;
67383 : 111;
67384 : 110;
67385 : 111;
67386 : 111;
67387 : 111;
67388 : 110;
67389 : 111;
67390 : 100;
67391 : 111;
67392 : 111;
67393 : 101;
67394 : 111;
67395 : 111;
67396 : 111;
67397 : 111;
67398 : 111;
67399 : 101;
67400 : 111;
67401 : 110;
67402 : 111;
67403 : 110;
67404 : 111;
67405 : 111;
67406 : 111;
67407 : 100;
67408 : 111;
67409 : 111;
67410 : 111;
67411 : 111;
67412 : 111;
67413 : 101;
67414 : 110;
67415 : 111;
67416 : 111;
67417 : 111;
67418 : 100;
67419 : 011;
67420 : 111;
67421 : 101;
67422 : 110;
67423 : 101;
67424 : 111;
67425 : 111;
67426 : 111;
67427 : 110;
67428 : 111;
67429 : 110;
67430 : 101;
67431 : 111;
67432 : 101;
67433 : 111;
67434 : 111;
67435 : 111;
67436 : 110;
67437 : 111;
67438 : 111;
67439 : 110;
67440 : 111;
67441 : 110;
67442 : 111;
67443 : 111;
67444 : 110;
67445 : 101;
67446 : 111;
67447 : 000;
67448 : 111;
67449 : 100;
67450 : 111;
67451 : 011;
67452 : 100;
67453 : 011;
67454 : 111;
67455 : 111;
67456 : 111;
67457 : 110;
67458 : 111;
67459 : 111;
67460 : 010;
67461 : 101;
67462 : 111;
67463 : 101;
67464 : 110;
67465 : 101;
67466 : 111;
67467 : 111;
67468 : 111;
67469 : 101;
67470 : 111;
67471 : 110;
67472 : 111;
67473 : 111;
67474 : 111;
67475 : 101;
67476 : 110;
67477 : 111;
67478 : 101;
67479 : 111;
67480 : 111;
67481 : 111;
67482 : 010;
67483 : 111;
67484 : 101;
67485 : 110;
67486 : 111;
67487 : 100;
67488 : 111;
67489 : 110;
67490 : 111;
67491 : 111;
67492 : 100;
67493 : 111;
67494 : 110;
67495 : 111;
67496 : 111;
67497 : 111;
67498 : 111;
67499 : 111;
67500 : 110;
67501 : 100;
67502 : 010;
67503 : 101;
67504 : 100;
67505 : 000;
67506 : 110;
67507 : 100;
67508 : 000;
67509 : 100;
67510 : 010;
67511 : 100;
67512 : 000;
67513 : 000;
67514 : 000;
67515 : 000;
67516 : 000;
67517 : 000;
67518 : 000;
67519 : 000;
67520 : 000;
67521 : 000;
67522 : 110;
67523 : 000;
67524 : 001;
67525 : 000;
67526 : 000;
67527 : 010;
67528 : 100;
67529 : 010;
67530 : 100;
67531 : 010;
67532 : 100;
67533 : 111;
67534 : 100;
67535 : 110;
67536 : 101;
67537 : 110;
67538 : 101;
67539 : 110;
67540 : 001;
67541 : 110;
67542 : 001;
67543 : 110;
67544 : 100;
67545 : 111;
67546 : 010;
67547 : 100;
67548 : 000;
67549 : 000;
67550 : 000;
67551 : 000;
67552 : 000;
67553 : 000;
67554 : 000;
67555 : 000;
67556 : 000;
67557 : 000;
67558 : 000;
67559 : 000;
67560 : 000;
67561 : 000;
67562 : 000;
67563 : 000;
67564 : 000;
67565 : 000;
67566 : 000;
67567 : 000;
67568 : 000;
67569 : 000;
67570 : 000;
67571 : 000;
67572 : 000;
67573 : 000;
67574 : 000;
67575 : 000;
67576 : 000;
67577 : 000;
67578 : 000;
67579 : 000;
67580 : 000;
67581 : 000;
67582 : 000;
67583 : 000;
67584 : 000;
67585 : 000;
67586 : 000;
67587 : 000;
67588 : 000;
67589 : 000;
67590 : 100;
67591 : 000;
67592 : 111;
67593 : 000;
67594 : 111;
67595 : 000;
67596 : 111;
67597 : 110;
67598 : 101;
67599 : 010;
67600 : 101;
67601 : 100;
67602 : 111;
67603 : 010;
67604 : 101;
67605 : 110;
67606 : 111;
67607 : 010;
67608 : 101;
67609 : 010;
67610 : 111;
67611 : 101;
67612 : 110;
67613 : 101;
67614 : 011;
67615 : 110;
67616 : 101;
67617 : 011;
67618 : 100;
67619 : 111;
67620 : 100;
67621 : 011;
67622 : 100;
67623 : 111;
67624 : 001;
67625 : 110;
67626 : 011;
67627 : 101;
67628 : 011;
67629 : 110;
67630 : 101;
67631 : 111;
67632 : 110;
67633 : 011;
67634 : 111;
67635 : 110;
67636 : 001;
67637 : 111;
67638 : 100;
67639 : 111;
67640 : 001;
67641 : 110;
67642 : 111;
67643 : 100;
67644 : 111;
67645 : 111;
67646 : 110;
67647 : 011;
67648 : 101;
67649 : 110;
67650 : 111;
67651 : 111;
67652 : 100;
67653 : 111;
67654 : 111;
67655 : 100;
67656 : 010;
67657 : 000;
67658 : 101;
67659 : 010;
67660 : 101;
67661 : 010;
67662 : 111;
67663 : 111;
67664 : 000;
67665 : 000;
67666 : 000;
67667 : 101;
67668 : 000;
67669 : 100;
67670 : 111;
67671 : 000;
67672 : 100;
67673 : 000;
67674 : 111;
67675 : 111;
67676 : 111;
67677 : 111;
67678 : 000;
67679 : 000;
67680 : 110;
67681 : 111;
67682 : 110;
67683 : 101;
67684 : 010;
67685 : 101;
67686 : 100;
67687 : 111;
67688 : 111;
67689 : 111;
67690 : 111;
67691 : 111;
67692 : 110;
67693 : 101;
67694 : 110;
67695 : 111;
67696 : 111;
67697 : 111;
67698 : 111;
67699 : 111;
67700 : 111;
67701 : 111;
67702 : 110;
67703 : 111;
67704 : 101;
67705 : 010;
67706 : 101;
67707 : 111;
67708 : 111;
67709 : 111;
67710 : 111;
67711 : 111;
67712 : 110;
67713 : 111;
67714 : 110;
67715 : 111;
67716 : 110;
67717 : 101;
67718 : 110;
67719 : 111;
67720 : 111;
67721 : 111;
67722 : 111;
67723 : 111;
67724 : 111;
67725 : 100;
67726 : 111;
67727 : 111;
67728 : 111;
67729 : 100;
67730 : 111;
67731 : 100;
67732 : 111;
67733 : 111;
67734 : 111;
67735 : 100;
67736 : 111;
67737 : 111;
67738 : 111;
67739 : 110;
67740 : 111;
67741 : 111;
67742 : 111;
67743 : 111;
67744 : 110;
67745 : 111;
67746 : 101;
67747 : 111;
67748 : 111;
67749 : 011;
67750 : 110;
67751 : 111;
67752 : 010;
67753 : 111;
67754 : 110;
67755 : 001;
67756 : 111;
67757 : 100;
67758 : 011;
67759 : 101;
67760 : 111;
67761 : 111;
67762 : 101;
67763 : 110;
67764 : 111;
67765 : 111;
67766 : 111;
67767 : 111;
67768 : 111;
67769 : 111;
67770 : 111;
67771 : 110;
67772 : 111;
67773 : 100;
67774 : 111;
67775 : 100;
67776 : 111;
67777 : 111;
67778 : 100;
67779 : 111;
67780 : 111;
67781 : 111;
67782 : 110;
67783 : 111;
67784 : 111;
67785 : 111;
67786 : 110;
67787 : 111;
67788 : 010;
67789 : 110;
67790 : 001;
67791 : 111;
67792 : 000;
67793 : 111;
67794 : 000;
67795 : 111;
67796 : 010;
67797 : 101;
67798 : 110;
67799 : 111;
67800 : 110;
67801 : 101;
67802 : 111;
67803 : 110;
67804 : 111;
67805 : 001;
67806 : 110;
67807 : 111;
67808 : 111;
67809 : 111;
67810 : 101;
67811 : 110;
67812 : 111;
67813 : 111;
67814 : 111;
67815 : 101;
67816 : 110;
67817 : 111;
67818 : 100;
67819 : 111;
67820 : 111;
67821 : 111;
67822 : 111;
67823 : 110;
67824 : 101;
67825 : 110;
67826 : 001;
67827 : 000;
67828 : 100;
67829 : 011;
67830 : 100;
67831 : 000;
67832 : 011;
67833 : 000;
67834 : 000;
67835 : 000;
67836 : 000;
67837 : 000;
67838 : 000;
67839 : 000;
67840 : 000;
67841 : 000;
67842 : 000;
67843 : 000;
67844 : 110;
67845 : 000;
67846 : 110;
67847 : 101;
67848 : 000;
67849 : 111;
67850 : 100;
67851 : 111;
67852 : 110;
67853 : 111;
67854 : 100;
67855 : 111;
67856 : 110;
67857 : 010;
67858 : 101;
67859 : 010;
67860 : 100;
67861 : 010;
67862 : 100;
67863 : 000;
67864 : 000;
67865 : 100;
67866 : 000;
67867 : 111;
67868 : 000;
67869 : 000;
67870 : 111;
67871 : 000;
67872 : 000;
67873 : 000;
67874 : 000;
67875 : 000;
67876 : 000;
67877 : 000;
67878 : 000;
67879 : 000;
67880 : 000;
67881 : 000;
67882 : 000;
67883 : 000;
67884 : 000;
67885 : 000;
67886 : 000;
67887 : 000;
67888 : 000;
67889 : 000;
67890 : 000;
67891 : 000;
67892 : 000;
67893 : 000;
67894 : 000;
67895 : 000;
67896 : 000;
67897 : 000;
67898 : 000;
67899 : 000;
67900 : 100;
67901 : 000;
67902 : 000;
67903 : 100;
67904 : 000;
67905 : 000;
67906 : 000;
67907 : 000;
67908 : 111;
67909 : 000;
67910 : 000;
67911 : 000;
67912 : 000;
67913 : 111;
67914 : 111;
67915 : 100;
67916 : 011;
67917 : 100;
67918 : 111;
67919 : 100;
67920 : 111;
67921 : 011;
67922 : 100;
67923 : 111;
67924 : 111;
67925 : 100;
67926 : 001;
67927 : 110;
67928 : 101;
67929 : 111;
67930 : 000;
67931 : 111;
67932 : 010;
67933 : 101;
67934 : 110;
67935 : 001;
67936 : 110;
67937 : 111;
67938 : 100;
67939 : 011;
67940 : 111;
67941 : 100;
67942 : 111;
67943 : 110;
67944 : 111;
67945 : 101;
67946 : 110;
67947 : 111;
67948 : 110;
67949 : 101;
67950 : 111;
67951 : 110;
67952 : 101;
67953 : 111;
67954 : 100;
67955 : 111;
67956 : 111;
67957 : 110;
67958 : 111;
67959 : 110;
67960 : 111;
67961 : 111;
67962 : 000;
67963 : 111;
67964 : 110;
67965 : 101;
67966 : 111;
67967 : 110;
67968 : 111;
67969 : 111;
67970 : 100;
67971 : 011;
67972 : 111;
67973 : 110;
67974 : 111;
67975 : 111;
67976 : 000;
67977 : 000;
67978 : 100;
67979 : 011;
67980 : 100;
67981 : 111;
67982 : 100;
67983 : 111;
67984 : 111;
67985 : 111;
67986 : 000;
67987 : 110;
67988 : 111;
67989 : 111;
67990 : 010;
67991 : 111;
67992 : 110;
67993 : 001;
67994 : 110;
67995 : 101;
67996 : 111;
67997 : 111;
67998 : 111;
67999 : 111;
68000 : 101;
68001 : 110;
68002 : 111;
68003 : 111;
68004 : 111;
68005 : 110;
68006 : 111;
68007 : 111;
68008 : 110;
68009 : 111;
68010 : 110;
68011 : 101;
68012 : 111;
68013 : 010;
68014 : 111;
68015 : 100;
68016 : 011;
68017 : 110;
68018 : 101;
68019 : 110;
68020 : 100;
68021 : 111;
68022 : 101;
68023 : 110;
68024 : 111;
68025 : 111;
68026 : 110;
68027 : 111;
68028 : 100;
68029 : 111;
68030 : 110;
68031 : 101;
68032 : 111;
68033 : 111;
68034 : 111;
68035 : 101;
68036 : 111;
68037 : 111;
68038 : 111;
68039 : 110;
68040 : 111;
68041 : 100;
68042 : 111;
68043 : 110;
68044 : 111;
68045 : 111;
68046 : 111;
68047 : 110;
68048 : 111;
68049 : 111;
68050 : 111;
68051 : 111;
68052 : 110;
68053 : 011;
68054 : 111;
68055 : 111;
68056 : 110;
68057 : 101;
68058 : 111;
68059 : 101;
68060 : 110;
68061 : 111;
68062 : 100;
68063 : 111;
68064 : 001;
68065 : 110;
68066 : 111;
68067 : 010;
68068 : 101;
68069 : 110;
68070 : 101;
68071 : 111;
68072 : 100;
68073 : 111;
68074 : 111;
68075 : 110;
68076 : 111;
68077 : 111;
68078 : 110;
68079 : 111;
68080 : 100;
68081 : 010;
68082 : 111;
68083 : 111;
68084 : 101;
68085 : 110;
68086 : 111;
68087 : 110;
68088 : 101;
68089 : 110;
68090 : 111;
68091 : 101;
68092 : 111;
68093 : 111;
68094 : 111;
68095 : 011;
68096 : 100;
68097 : 111;
68098 : 011;
68099 : 111;
68100 : 100;
68101 : 111;
68102 : 111;
68103 : 100;
68104 : 011;
68105 : 100;
68106 : 011;
68107 : 100;
68108 : 111;
68109 : 101;
68110 : 110;
68111 : 111;
68112 : 111;
68113 : 110;
68114 : 111;
68115 : 111;
68116 : 101;
68117 : 111;
68118 : 111;
68119 : 110;
68120 : 111;
68121 : 111;
68122 : 111;
68123 : 101;
68124 : 110;
68125 : 111;
68126 : 111;
68127 : 100;
68128 : 011;
68129 : 100;
68130 : 111;
68131 : 111;
68132 : 111;
68133 : 110;
68134 : 111;
68135 : 110;
68136 : 111;
68137 : 111;
68138 : 111;
68139 : 111;
68140 : 110;
68141 : 101;
68142 : 111;
68143 : 111;
68144 : 111;
68145 : 110;
68146 : 111;
68147 : 100;
68148 : 010;
68149 : 100;
68150 : 000;
68151 : 100;
68152 : 000;
68153 : 100;
68154 : 110;
68155 : 101;
68156 : 010;
68157 : 100;
68158 : 000;
68159 : 000;
68160 : 100;
68161 : 011;
68162 : 100;
68163 : 111;
68164 : 100;
68165 : 111;
68166 : 100;
68167 : 110;
68168 : 111;
68169 : 100;
68170 : 111;
68171 : 100;
68172 : 011;
68173 : 100;
68174 : 010;
68175 : 100;
68176 : 001;
68177 : 100;
68178 : 000;
68179 : 100;
68180 : 000;
68181 : 000;
68182 : 000;
68183 : 111;
68184 : 000;
68185 : 111;
68186 : 110;
68187 : 100;
68188 : 111;
68189 : 100;
68190 : 110;
68191 : 111;
68192 : 100;
68193 : 000;
68194 : 000;
68195 : 000;
68196 : 000;
68197 : 000;
68198 : 000;
68199 : 000;
68200 : 000;
68201 : 000;
68202 : 000;
68203 : 000;
68204 : 000;
68205 : 000;
68206 : 000;
68207 : 000;
68208 : 000;
68209 : 000;
68210 : 000;
68211 : 000;
68212 : 000;
68213 : 000;
68214 : 000;
68215 : 000;
68216 : 000;
68217 : 000;
68218 : 000;
68219 : 000;
68220 : 010;
68221 : 001;
68222 : 000;
68223 : 010;
68224 : 000;
68225 : 000;
68226 : 011;
68227 : 000;
68228 : 000;
68229 : 000;
68230 : 000;
68231 : 011;
68232 : 000;
68233 : 000;
68234 : 111;
68235 : 000;
68236 : 111;
68237 : 111;
68238 : 000;
68239 : 111;
68240 : 000;
68241 : 111;
68242 : 110;
68243 : 001;
68244 : 110;
68245 : 111;
68246 : 111;
68247 : 000;
68248 : 111;
68249 : 110;
68250 : 111;
68251 : 100;
68252 : 111;
68253 : 010;
68254 : 101;
68255 : 111;
68256 : 100;
68257 : 011;
68258 : 111;
68259 : 100;
68260 : 111;
68261 : 011;
68262 : 101;
68263 : 011;
68264 : 100;
68265 : 011;
68266 : 101;
68267 : 010;
68268 : 111;
68269 : 111;
68270 : 110;
68271 : 001;
68272 : 111;
68273 : 110;
68274 : 111;
68275 : 111;
68276 : 100;
68277 : 011;
68278 : 101;
68279 : 111;
68280 : 100;
68281 : 111;
68282 : 111;
68283 : 111;
68284 : 111;
68285 : 110;
68286 : 111;
68287 : 101;
68288 : 111;
68289 : 110;
68290 : 111;
68291 : 111;
68292 : 111;
68293 : 101;
68294 : 110;
68295 : 111;
68296 : 111;
68297 : 111;
68298 : 110;
68299 : 101;
68300 : 010;
68301 : 111;
68302 : 001;
68303 : 110;
68304 : 111;
68305 : 111;
68306 : 111;
68307 : 111;
68308 : 110;
68309 : 111;
68310 : 101;
68311 : 111;
68312 : 111;
68313 : 110;
68314 : 111;
68315 : 110;
68316 : 111;
68317 : 110;
68318 : 101;
68319 : 110;
68320 : 111;
68321 : 000;
68322 : 111;
68323 : 100;
68324 : 011;
68325 : 101;
68326 : 110;
68327 : 101;
68328 : 011;
68329 : 100;
68330 : 111;
68331 : 110;
68332 : 101;
68333 : 111;
68334 : 000;
68335 : 111;
68336 : 111;
68337 : 111;
68338 : 111;
68339 : 111;
68340 : 111;
68341 : 111;
68342 : 111;
68343 : 111;
68344 : 111;
68345 : 110;
68346 : 111;
68347 : 111;
68348 : 111;
68349 : 111;
68350 : 111;
68351 : 011;
68352 : 110;
68353 : 111;
68354 : 110;
68355 : 111;
68356 : 110;
68357 : 111;
68358 : 111;
68359 : 111;
68360 : 111;
68361 : 111;
68362 : 111;
68363 : 111;
68364 : 101;
68365 : 110;
68366 : 111;
68367 : 111;
68368 : 101;
68369 : 110;
68370 : 011;
68371 : 111;
68372 : 111;
68373 : 100;
68374 : 111;
68375 : 111;
68376 : 111;
68377 : 010;
68378 : 110;
68379 : 111;
68380 : 111;
68381 : 000;
68382 : 111;
68383 : 110;
68384 : 111;
68385 : 111;
68386 : 100;
68387 : 111;
68388 : 111;
68389 : 111;
68390 : 110;
68391 : 111;
68392 : 111;
68393 : 111;
68394 : 100;
68395 : 111;
68396 : 101;
68397 : 111;
68398 : 111;
68399 : 111;
68400 : 111;
68401 : 111;
68402 : 100;
68403 : 011;
68404 : 110;
68405 : 111;
68406 : 101;
68407 : 111;
68408 : 111;
68409 : 111;
68410 : 110;
68411 : 111;
68412 : 110;
68413 : 111;
68414 : 000;
68415 : 111;
68416 : 111;
68417 : 110;
68418 : 101;
68419 : 110;
68420 : 111;
68421 : 111;
68422 : 110;
68423 : 111;
68424 : 111;
68425 : 111;
68426 : 110;
68427 : 111;
68428 : 111;
68429 : 111;
68430 : 111;
68431 : 100;
68432 : 111;
68433 : 101;
68434 : 110;
68435 : 101;
68436 : 110;
68437 : 110;
68438 : 111;
68439 : 101;
68440 : 111;
68441 : 110;
68442 : 111;
68443 : 110;
68444 : 111;
68445 : 111;
68446 : 111;
68447 : 111;
68448 : 111;
68449 : 110;
68450 : 111;
68451 : 000;
68452 : 111;
68453 : 101;
68454 : 111;
68455 : 111;
68456 : 101;
68457 : 110;
68458 : 111;
68459 : 101;
68460 : 111;
68461 : 110;
68462 : 111;
68463 : 110;
68464 : 101;
68465 : 111;
68466 : 111;
68467 : 111;
68468 : 111;
68469 : 111;
68470 : 111;
68471 : 000;
68472 : 110;
68473 : 001;
68474 : 000;
68475 : 100;
68476 : 000;
68477 : 110;
68478 : 001;
68479 : 100;
68480 : 110;
68481 : 100;
68482 : 110;
68483 : 001;
68484 : 110;
68485 : 100;
68486 : 011;
68487 : 100;
68488 : 110;
68489 : 010;
68490 : 100;
68491 : 010;
68492 : 100;
68493 : 000;
68494 : 101;
68495 : 010;
68496 : 000;
68497 : 000;
68498 : 010;
68499 : 000;
68500 : 101;
68501 : 010;
68502 : 100;
68503 : 000;
68504 : 100;
68505 : 010;
68506 : 101;
68507 : 010;
68508 : 100;
68509 : 011;
68510 : 100;
68511 : 110;
68512 : 000;
68513 : 000;
68514 : 000;
68515 : 000;
68516 : 000;
68517 : 000;
68518 : 000;
68519 : 000;
68520 : 000;
68521 : 000;
68522 : 000;
68523 : 000;
68524 : 000;
68525 : 000;
68526 : 000;
68527 : 000;
68528 : 000;
68529 : 000;
68530 : 000;
68531 : 000;
68532 : 000;
68533 : 000;
68534 : 000;
68535 : 010;
68536 : 100;
68537 : 000;
68538 : 011;
68539 : 000;
68540 : 000;
68541 : 000;
68542 : 000;
68543 : 000;
68544 : 000;
68545 : 000;
68546 : 100;
68547 : 000;
68548 : 000;
68549 : 000;
68550 : 000;
68551 : 000;
68552 : 000;
68553 : 000;
68554 : 100;
68555 : 111;
68556 : 000;
68557 : 111;
68558 : 110;
68559 : 001;
68560 : 111;
68561 : 100;
68562 : 011;
68563 : 100;
68564 : 111;
68565 : 000;
68566 : 111;
68567 : 110;
68568 : 001;
68569 : 111;
68570 : 000;
68571 : 111;
68572 : 001;
68573 : 111;
68574 : 110;
68575 : 011;
68576 : 111;
68577 : 100;
68578 : 111;
68579 : 011;
68580 : 100;
68581 : 111;
68582 : 110;
68583 : 101;
68584 : 110;
68585 : 111;
68586 : 110;
68587 : 101;
68588 : 111;
68589 : 101;
68590 : 111;
68591 : 110;
68592 : 111;
68593 : 101;
68594 : 010;
68595 : 111;
68596 : 111;
68597 : 111;
68598 : 110;
68599 : 111;
68600 : 011;
68601 : 110;
68602 : 101;
68603 : 110;
68604 : 111;
68605 : 101;
68606 : 111;
68607 : 110;
68608 : 111;
68609 : 111;
68610 : 111;
68611 : 100;
68612 : 111;
68613 : 111;
68614 : 111;
68615 : 111;
68616 : 111;
68617 : 101;
68618 : 111;
68619 : 111;
68620 : 100;
68621 : 111;
68622 : 110;
68623 : 111;
68624 : 100;
68625 : 111;
68626 : 100;
68627 : 111;
68628 : 001;
68629 : 111;
68630 : 110;
68631 : 101;
68632 : 110;
68633 : 101;
68634 : 011;
68635 : 100;
68636 : 111;
68637 : 111;
68638 : 111;
68639 : 111;
68640 : 111;
68641 : 111;
68642 : 111;
68643 : 111;
68644 : 110;
68645 : 111;
68646 : 111;
68647 : 111;
68648 : 110;
68649 : 111;
68650 : 111;
68651 : 111;
68652 : 111;
68653 : 110;
68654 : 111;
68655 : 111;
68656 : 110;
68657 : 111;
68658 : 110;
68659 : 111;
68660 : 110;
68661 : 111;
68662 : 110;
68663 : 111;
68664 : 101;
68665 : 111;
68666 : 111;
68667 : 100;
68668 : 111;
68669 : 110;
68670 : 111;
68671 : 111;
68672 : 101;
68673 : 111;
68674 : 111;
68675 : 111;
68676 : 111;
68677 : 111;
68678 : 100;
68679 : 111;
68680 : 110;
68681 : 101;
68682 : 010;
68683 : 111;
68684 : 110;
68685 : 111;
68686 : 111;
68687 : 110;
68688 : 111;
68689 : 111;
68690 : 111;
68691 : 100;
68692 : 111;
68693 : 111;
68694 : 111;
68695 : 100;
68696 : 111;
68697 : 111;
68698 : 101;
68699 : 010;
68700 : 111;
68701 : 111;
68702 : 111;
68703 : 111;
68704 : 111;
68705 : 110;
68706 : 111;
68707 : 111;
68708 : 110;
68709 : 101;
68710 : 111;
68711 : 111;
68712 : 100;
68713 : 111;
68714 : 111;
68715 : 111;
68716 : 110;
68717 : 111;
68718 : 100;
68719 : 111;
68720 : 100;
68721 : 111;
68722 : 111;
68723 : 111;
68724 : 101;
68725 : 110;
68726 : 011;
68727 : 110;
68728 : 111;
68729 : 000;
68730 : 111;
68731 : 101;
68732 : 011;
68733 : 110;
68734 : 111;
68735 : 100;
68736 : 111;
68737 : 111;
68738 : 111;
68739 : 111;
68740 : 000;
68741 : 111;
68742 : 101;
68743 : 111;
68744 : 110;
68745 : 101;
68746 : 111;
68747 : 101;
68748 : 110;
68749 : 111;
68750 : 110;
68751 : 111;
68752 : 010;
68753 : 111;
68754 : 111;
68755 : 110;
68756 : 011;
68757 : 101;
68758 : 111;
68759 : 110;
68760 : 111;
68761 : 101;
68762 : 111;
68763 : 111;
68764 : 101;
68765 : 110;
68766 : 111;
68767 : 100;
68768 : 111;
68769 : 111;
68770 : 111;
68771 : 110;
68772 : 111;
68773 : 010;
68774 : 100;
68775 : 111;
68776 : 110;
68777 : 111;
68778 : 110;
68779 : 111;
68780 : 110;
68781 : 111;
68782 : 101;
68783 : 111;
68784 : 110;
68785 : 111;
68786 : 110;
68787 : 101;
68788 : 110;
68789 : 111;
68790 : 110;
68791 : 111;
68792 : 111;
68793 : 110;
68794 : 110;
68795 : 000;
68796 : 111;
68797 : 000;
68798 : 100;
68799 : 000;
68800 : 101;
68801 : 010;
68802 : 101;
68803 : 110;
68804 : 100;
68805 : 011;
68806 : 100;
68807 : 110;
68808 : 001;
68809 : 100;
68810 : 001;
68811 : 100;
68812 : 000;
68813 : 010;
68814 : 000;
68815 : 000;
68816 : 100;
68817 : 000;
68818 : 100;
68819 : 000;
68820 : 000;
68821 : 000;
68822 : 000;
68823 : 010;
68824 : 101;
68825 : 000;
68826 : 110;
68827 : 100;
68828 : 000;
68829 : 000;
68830 : 000;
68831 : 000;
68832 : 000;
68833 : 000;
68834 : 000;
68835 : 000;
68836 : 000;
68837 : 000;
68838 : 000;
68839 : 000;
68840 : 000;
68841 : 100;
68842 : 000;
68843 : 000;
68844 : 000;
68845 : 100;
68846 : 000;
68847 : 010;
68848 : 000;
68849 : 000;
68850 : 110;
68851 : 000;
68852 : 000;
68853 : 110;
68854 : 000;
68855 : 001;
68856 : 000;
68857 : 000;
68858 : 100;
68859 : 000;
68860 : 000;
68861 : 100;
68862 : 000;
68863 : 000;
68864 : 100;
68865 : 000;
68866 : 000;
68867 : 000;
68868 : 000;
68869 : 000;
68870 : 000;
68871 : 100;
68872 : 000;
68873 : 000;
68874 : 000;
68875 : 011;
68876 : 100;
68877 : 111;
68878 : 001;
68879 : 110;
68880 : 111;
68881 : 000;
68882 : 111;
68883 : 111;
68884 : 000;
68885 : 111;
68886 : 101;
68887 : 110;
68888 : 101;
68889 : 010;
68890 : 111;
68891 : 100;
68892 : 111;
68893 : 100;
68894 : 111;
68895 : 100;
68896 : 111;
68897 : 010;
68898 : 101;
68899 : 110;
68900 : 111;
68901 : 000;
68902 : 111;
68903 : 011;
68904 : 101;
68905 : 010;
68906 : 101;
68907 : 111;
68908 : 110;
68909 : 011;
68910 : 110;
68911 : 101;
68912 : 110;
68913 : 111;
68914 : 101;
68915 : 110;
68916 : 101;
68917 : 110;
68918 : 101;
68919 : 111;
68920 : 100;
68921 : 111;
68922 : 111;
68923 : 111;
68924 : 010;
68925 : 111;
68926 : 111;
68927 : 111;
68928 : 111;
68929 : 100;
68930 : 111;
68931 : 111;
68932 : 110;
68933 : 111;
68934 : 110;
68935 : 101;
68936 : 110;
68937 : 111;
68938 : 110;
68939 : 111;
68940 : 010;
68941 : 101;
68942 : 111;
68943 : 111;
68944 : 111;
68945 : 110;
68946 : 011;
68947 : 111;
68948 : 110;
68949 : 111;
68950 : 111;
68951 : 110;
68952 : 111;
68953 : 111;
68954 : 111;
68955 : 111;
68956 : 111;
68957 : 110;
68958 : 111;
68959 : 110;
68960 : 111;
68961 : 110;
68962 : 111;
68963 : 101;
68964 : 111;
68965 : 111;
68966 : 110;
68967 : 111;
68968 : 111;
68969 : 111;
68970 : 100;
68971 : 111;
68972 : 111;
68973 : 111;
68974 : 111;
68975 : 111;
68976 : 101;
68977 : 111;
68978 : 111;
68979 : 101;
68980 : 111;
68981 : 111;
68982 : 101;
68983 : 110;
68984 : 111;
68985 : 110;
68986 : 111;
68987 : 111;
68988 : 111;
68989 : 111;
68990 : 101;
68991 : 110;
68992 : 111;
68993 : 110;
68994 : 101;
68995 : 110;
68996 : 001;
68997 : 110;
68998 : 111;
68999 : 011;
69000 : 111;
69001 : 111;
69002 : 111;
69003 : 101;
69004 : 111;
69005 : 000;
69006 : 111;
69007 : 111;
69008 : 111;
69009 : 100;
69010 : 111;
69011 : 111;
69012 : 111;
69013 : 110;
69014 : 111;
69015 : 111;
69016 : 111;
69017 : 110;
69018 : 111;
69019 : 111;
69020 : 100;
69021 : 111;
69022 : 111;
69023 : 110;
69024 : 101;
69025 : 111;
69026 : 111;
69027 : 101;
69028 : 111;
69029 : 111;
69030 : 110;
69031 : 111;
69032 : 111;
69033 : 111;
69034 : 010;
69035 : 111;
69036 : 101;
69037 : 011;
69038 : 111;
69039 : 110;
69040 : 011;
69041 : 111;
69042 : 100;
69043 : 111;
69044 : 110;
69045 : 111;
69046 : 101;
69047 : 110;
69048 : 111;
69049 : 111;
69050 : 111;
69051 : 110;
69052 : 111;
69053 : 101;
69054 : 111;
69055 : 111;
69056 : 110;
69057 : 101;
69058 : 010;
69059 : 101;
69060 : 110;
69061 : 111;
69062 : 110;
69063 : 001;
69064 : 111;
69065 : 110;
69066 : 111;
69067 : 111;
69068 : 111;
69069 : 101;
69070 : 111;
69071 : 101;
69072 : 111;
69073 : 110;
69074 : 101;
69075 : 111;
69076 : 111;
69077 : 110;
69078 : 111;
69079 : 111;
69080 : 110;
69081 : 011;
69082 : 110;
69083 : 101;
69084 : 110;
69085 : 011;
69086 : 111;
69087 : 110;
69088 : 101;
69089 : 010;
69090 : 101;
69091 : 111;
69092 : 100;
69093 : 111;
69094 : 111;
69095 : 111;
69096 : 111;
69097 : 101;
69098 : 011;
69099 : 111;
69100 : 101;
69101 : 111;
69102 : 110;
69103 : 111;
69104 : 111;
69105 : 101;
69106 : 111;
69107 : 111;
69108 : 111;
69109 : 101;
69110 : 111;
69111 : 110;
69112 : 101;
69113 : 111;
69114 : 111;
69115 : 111;
69116 : 100;
69117 : 111;
69118 : 000;
69119 : 100;
69120 : 110;
69121 : 100;
69122 : 110;
69123 : 001;
69124 : 110;
69125 : 000;
69126 : 100;
69127 : 000;
69128 : 000;
69129 : 000;
69130 : 010;
69131 : 000;
69132 : 000;
69133 : 100;
69134 : 000;
69135 : 100;
69136 : 010;
69137 : 001;
69138 : 010;
69139 : 100;
69140 : 010;
69141 : 101;
69142 : 000;
69143 : 100;
69144 : 000;
69145 : 000;
69146 : 000;
69147 : 001;
69148 : 110;
69149 : 000;
69150 : 101;
69151 : 010;
69152 : 100;
69153 : 000;
69154 : 000;
69155 : 000;
69156 : 000;
69157 : 101;
69158 : 000;
69159 : 000;
69160 : 000;
69161 : 000;
69162 : 000;
69163 : 010;
69164 : 000;
69165 : 000;
69166 : 000;
69167 : 001;
69168 : 100;
69169 : 000;
69170 : 001;
69171 : 000;
69172 : 000;
69173 : 001;
69174 : 000;
69175 : 000;
69176 : 000;
69177 : 000;
69178 : 000;
69179 : 000;
69180 : 000;
69181 : 000;
69182 : 001;
69183 : 000;
69184 : 000;
69185 : 001;
69186 : 000;
69187 : 000;
69188 : 110;
69189 : 001;
69190 : 000;
69191 : 000;
69192 : 010;
69193 : 101;
69194 : 000;
69195 : 000;
69196 : 000;
69197 : 111;
69198 : 110;
69199 : 101;
69200 : 011;
69201 : 111;
69202 : 100;
69203 : 111;
69204 : 111;
69205 : 100;
69206 : 011;
69207 : 110;
69208 : 111;
69209 : 101;
69210 : 110;
69211 : 011;
69212 : 111;
69213 : 011;
69214 : 101;
69215 : 010;
69216 : 101;
69217 : 111;
69218 : 000;
69219 : 111;
69220 : 001;
69221 : 111;
69222 : 100;
69223 : 111;
69224 : 110;
69225 : 101;
69226 : 111;
69227 : 010;
69228 : 101;
69229 : 111;
69230 : 111;
69231 : 111;
69232 : 111;
69233 : 010;
69234 : 111;
69235 : 111;
69236 : 111;
69237 : 011;
69238 : 110;
69239 : 111;
69240 : 111;
69241 : 111;
69242 : 000;
69243 : 111;
69244 : 101;
69245 : 111;
69246 : 110;
69247 : 111;
69248 : 111;
69249 : 111;
69250 : 111;
69251 : 111;
69252 : 111;
69253 : 111;
69254 : 111;
69255 : 111;
69256 : 111;
69257 : 111;
69258 : 111;
69259 : 111;
69260 : 111;
69261 : 111;
69262 : 110;
69263 : 101;
69264 : 111;
69265 : 111;
69266 : 101;
69267 : 110;
69268 : 111;
69269 : 101;
69270 : 111;
69271 : 111;
69272 : 111;
69273 : 110;
69274 : 111;
69275 : 110;
69276 : 101;
69277 : 111;
69278 : 111;
69279 : 101;
69280 : 111;
69281 : 101;
69282 : 110;
69283 : 111;
69284 : 110;
69285 : 111;
69286 : 101;
69287 : 111;
69288 : 110;
69289 : 111;
69290 : 111;
69291 : 111;
69292 : 110;
69293 : 101;
69294 : 110;
69295 : 111;
69296 : 110;
69297 : 111;
69298 : 111;
69299 : 110;
69300 : 111;
69301 : 111;
69302 : 111;
69303 : 111;
69304 : 111;
69305 : 111;
69306 : 111;
69307 : 100;
69308 : 011;
69309 : 110;
69310 : 111;
69311 : 111;
69312 : 111;
69313 : 111;
69314 : 011;
69315 : 111;
69316 : 111;
69317 : 111;
69318 : 111;
69319 : 100;
69320 : 111;
69321 : 110;
69322 : 111;
69323 : 110;
69324 : 111;
69325 : 111;
69326 : 111;
69327 : 000;
69328 : 111;
69329 : 111;
69330 : 111;
69331 : 110;
69332 : 111;
69333 : 111;
69334 : 111;
69335 : 110;
69336 : 101;
69337 : 111;
69338 : 100;
69339 : 111;
69340 : 111;
69341 : 110;
69342 : 001;
69343 : 111;
69344 : 111;
69345 : 110;
69346 : 111;
69347 : 110;
69348 : 111;
69349 : 110;
69350 : 001;
69351 : 111;
69352 : 000;
69353 : 111;
69354 : 101;
69355 : 110;
69356 : 111;
69357 : 110;
69358 : 101;
69359 : 111;
69360 : 100;
69361 : 111;
69362 : 110;
69363 : 111;
69364 : 111;
69365 : 111;
69366 : 111;
69367 : 111;
69368 : 100;
69369 : 111;
69370 : 100;
69371 : 111;
69372 : 110;
69373 : 000;
69374 : 111;
69375 : 110;
69376 : 111;
69377 : 111;
69378 : 110;
69379 : 111;
69380 : 111;
69381 : 111;
69382 : 111;
69383 : 110;
69384 : 111;
69385 : 101;
69386 : 110;
69387 : 111;
69388 : 110;
69389 : 111;
69390 : 110;
69391 : 111;
69392 : 111;
69393 : 111;
69394 : 111;
69395 : 110;
69396 : 111;
69397 : 101;
69398 : 110;
69399 : 101;
69400 : 111;
69401 : 100;
69402 : 111;
69403 : 111;
69404 : 110;
69405 : 101;
69406 : 110;
69407 : 111;
69408 : 111;
69409 : 111;
69410 : 110;
69411 : 111;
69412 : 111;
69413 : 111;
69414 : 110;
69415 : 101;
69416 : 110;
69417 : 111;
69418 : 110;
69419 : 111;
69420 : 110;
69421 : 111;
69422 : 111;
69423 : 100;
69424 : 011;
69425 : 110;
69426 : 111;
69427 : 110;
69428 : 111;
69429 : 110;
69430 : 111;
69431 : 111;
69432 : 111;
69433 : 110;
69434 : 101;
69435 : 111;
69436 : 110;
69437 : 111;
69438 : 111;
69439 : 110;
69440 : 000;
69441 : 011;
69442 : 000;
69443 : 000;
69444 : 000;
69445 : 000;
69446 : 010;
69447 : 001;
69448 : 100;
69449 : 000;
69450 : 100;
69451 : 000;
69452 : 111;
69453 : 000;
69454 : 000;
69455 : 011;
69456 : 100;
69457 : 000;
69458 : 000;
69459 : 000;
69460 : 000;
69461 : 000;
69462 : 000;
69463 : 000;
69464 : 000;
69465 : 010;
69466 : 100;
69467 : 000;
69468 : 101;
69469 : 010;
69470 : 000;
69471 : 000;
69472 : 000;
69473 : 000;
69474 : 000;
69475 : 001;
69476 : 010;
69477 : 000;
69478 : 000;
69479 : 010;
69480 : 000;
69481 : 001;
69482 : 000;
69483 : 000;
69484 : 101;
69485 : 000;
69486 : 000;
69487 : 000;
69488 : 000;
69489 : 000;
69490 : 000;
69491 : 000;
69492 : 000;
69493 : 000;
69494 : 100;
69495 : 000;
69496 : 000;
69497 : 000;
69498 : 000;
69499 : 111;
69500 : 000;
69501 : 000;
69502 : 110;
69503 : 000;
69504 : 010;
69505 : 000;
69506 : 110;
69507 : 001;
69508 : 000;
69509 : 000;
69510 : 100;
69511 : 000;
69512 : 000;
69513 : 000;
69514 : 000;
69515 : 110;
69516 : 000;
69517 : 000;
69518 : 111;
69519 : 111;
69520 : 100;
69521 : 111;
69522 : 011;
69523 : 100;
69524 : 011;
69525 : 111;
69526 : 100;
69527 : 111;
69528 : 001;
69529 : 110;
69530 : 101;
69531 : 111;
69532 : 100;
69533 : 111;
69534 : 110;
69535 : 111;
69536 : 111;
69537 : 100;
69538 : 111;
69539 : 111;
69540 : 110;
69541 : 111;
69542 : 011;
69543 : 100;
69544 : 011;
69545 : 111;
69546 : 110;
69547 : 111;
69548 : 111;
69549 : 110;
69550 : 101;
69551 : 110;
69552 : 101;
69553 : 111;
69554 : 100;
69555 : 111;
69556 : 100;
69557 : 111;
69558 : 111;
69559 : 100;
69560 : 111;
69561 : 111;
69562 : 111;
69563 : 110;
69564 : 111;
69565 : 111;
69566 : 111;
69567 : 100;
69568 : 111;
69569 : 110;
69570 : 111;
69571 : 110;
69572 : 101;
69573 : 111;
69574 : 110;
69575 : 111;
69576 : 110;
69577 : 111;
69578 : 100;
69579 : 111;
69580 : 111;
69581 : 110;
69582 : 111;
69583 : 111;
69584 : 110;
69585 : 111;
69586 : 111;
69587 : 111;
69588 : 111;
69589 : 110;
69590 : 111;
69591 : 110;
69592 : 101;
69593 : 111;
69594 : 111;
69595 : 111;
69596 : 111;
69597 : 110;
69598 : 111;
69599 : 110;
69600 : 111;
69601 : 111;
69602 : 111;
69603 : 111;
69604 : 111;
69605 : 111;
69606 : 110;
69607 : 111;
69608 : 111;
69609 : 101;
69610 : 110;
69611 : 111;
69612 : 111;
69613 : 111;
69614 : 111;
69615 : 111;
69616 : 111;
69617 : 100;
69618 : 111;
69619 : 111;
69620 : 100;
69621 : 111;
69622 : 110;
69623 : 011;
69624 : 100;
69625 : 111;
69626 : 111;
69627 : 111;
69628 : 111;
69629 : 111;
69630 : 100;
69631 : 111;
69632 : 110;
69633 : 101;
69634 : 110;
69635 : 111;
69636 : 110;
69637 : 111;
69638 : 111;
69639 : 111;
69640 : 111;
69641 : 111;
69642 : 101;
69643 : 111;
69644 : 111;
69645 : 110;
69646 : 111;
69647 : 111;
69648 : 100;
69649 : 111;
69650 : 111;
69651 : 111;
69652 : 000;
69653 : 111;
69654 : 100;
69655 : 111;
69656 : 111;
69657 : 011;
69658 : 111;
69659 : 110;
69660 : 101;
69661 : 111;
69662 : 111;
69663 : 110;
69664 : 101;
69665 : 111;
69666 : 111;
69667 : 111;
69668 : 100;
69669 : 011;
69670 : 110;
69671 : 111;
69672 : 111;
69673 : 110;
69674 : 111;
69675 : 111;
69676 : 100;
69677 : 111;
69678 : 110;
69679 : 111;
69680 : 111;
69681 : 111;
69682 : 111;
69683 : 001;
69684 : 110;
69685 : 111;
69686 : 100;
69687 : 111;
69688 : 111;
69689 : 011;
69690 : 111;
69691 : 101;
69692 : 111;
69693 : 111;
69694 : 111;
69695 : 101;
69696 : 110;
69697 : 111;
69698 : 101;
69699 : 111;
69700 : 110;
69701 : 101;
69702 : 111;
69703 : 111;
69704 : 110;
69705 : 111;
69706 : 011;
69707 : 100;
69708 : 011;
69709 : 101;
69710 : 111;
69711 : 110;
69712 : 101;
69713 : 110;
69714 : 101;
69715 : 111;
69716 : 110;
69717 : 111;
69718 : 011;
69719 : 110;
69720 : 111;
69721 : 111;
69722 : 110;
69723 : 101;
69724 : 111;
69725 : 111;
69726 : 111;
69727 : 101;
69728 : 110;
69729 : 111;
69730 : 101;
69731 : 110;
69732 : 111;
69733 : 101;
69734 : 111;
69735 : 010;
69736 : 111;
69737 : 111;
69738 : 101;
69739 : 110;
69740 : 111;
69741 : 101;
69742 : 010;
69743 : 111;
69744 : 111;
69745 : 111;
69746 : 100;
69747 : 111;
69748 : 111;
69749 : 100;
69750 : 111;
69751 : 100;
69752 : 111;
69753 : 111;
69754 : 110;
69755 : 111;
69756 : 111;
69757 : 110;
69758 : 101;
69759 : 111;
69760 : 000;
69761 : 100;
69762 : 000;
69763 : 100;
69764 : 000;
69765 : 101;
69766 : 000;
69767 : 000;
69768 : 010;
69769 : 000;
69770 : 011;
69771 : 100;
69772 : 000;
69773 : 000;
69774 : 100;
69775 : 000;
69776 : 000;
69777 : 000;
69778 : 100;
69779 : 000;
69780 : 000;
69781 : 100;
69782 : 000;
69783 : 010;
69784 : 000;
69785 : 100;
69786 : 001;
69787 : 110;
69788 : 000;
69789 : 100;
69790 : 000;
69791 : 100;
69792 : 001;
69793 : 000;
69794 : 110;
69795 : 000;
69796 : 000;
69797 : 100;
69798 : 000;
69799 : 000;
69800 : 100;
69801 : 000;
69802 : 110;
69803 : 000;
69804 : 000;
69805 : 000;
69806 : 010;
69807 : 100;
69808 : 000;
69809 : 010;
69810 : 000;
69811 : 100;
69812 : 000;
69813 : 000;
69814 : 010;
69815 : 000;
69816 : 100;
69817 : 011;
69818 : 000;
69819 : 000;
69820 : 000;
69821 : 000;
69822 : 000;
69823 : 000;
69824 : 101;
69825 : 000;
69826 : 000;
69827 : 000;
69828 : 000;
69829 : 000;
69830 : 010;
69831 : 001;
69832 : 100;
69833 : 010;
69834 : 000;
69835 : 001;
69836 : 000;
69837 : 100;
69838 : 000;
69839 : 011;
69840 : 100;
69841 : 000;
69842 : 110;
69843 : 101;
69844 : 010;
69845 : 100;
69846 : 011;
69847 : 000;
69848 : 000;
69849 : 010;
69850 : 101;
69851 : 010;
69852 : 111;
69853 : 100;
69854 : 011;
69855 : 101;
69856 : 110;
69857 : 011;
69858 : 111;
69859 : 100;
69860 : 011;
69861 : 100;
69862 : 111;
69863 : 111;
69864 : 100;
69865 : 111;
69866 : 101;
69867 : 110;
69868 : 101;
69869 : 111;
69870 : 110;
69871 : 111;
69872 : 110;
69873 : 111;
69874 : 111;
69875 : 011;
69876 : 110;
69877 : 101;
69878 : 111;
69879 : 111;
69880 : 110;
69881 : 111;
69882 : 100;
69883 : 111;
69884 : 111;
69885 : 100;
69886 : 111;
69887 : 111;
69888 : 111;
69889 : 111;
69890 : 111;
69891 : 111;
69892 : 111;
69893 : 110;
69894 : 111;
69895 : 101;
69896 : 111;
69897 : 111;
69898 : 111;
69899 : 111;
69900 : 110;
69901 : 101;
69902 : 111;
69903 : 111;
69904 : 111;
69905 : 110;
69906 : 111;
69907 : 110;
69908 : 111;
69909 : 111;
69910 : 111;
69911 : 111;
69912 : 111;
69913 : 110;
69914 : 111;
69915 : 101;
69916 : 111;
69917 : 111;
69918 : 111;
69919 : 111;
69920 : 111;
69921 : 110;
69922 : 111;
69923 : 111;
69924 : 110;
69925 : 101;
69926 : 111;
69927 : 111;
69928 : 110;
69929 : 111;
69930 : 111;
69931 : 111;
69932 : 111;
69933 : 110;
69934 : 101;
69935 : 010;
69936 : 111;
69937 : 111;
69938 : 111;
69939 : 111;
69940 : 111;
69941 : 111;
69942 : 111;
69943 : 111;
69944 : 111;
69945 : 110;
69946 : 111;
69947 : 110;
69948 : 101;
69949 : 111;
69950 : 111;
69951 : 111;
69952 : 111;
69953 : 111;
69954 : 111;
69955 : 111;
69956 : 101;
69957 : 110;
69958 : 111;
69959 : 110;
69960 : 101;
69961 : 110;
69962 : 111;
69963 : 111;
69964 : 111;
69965 : 111;
69966 : 101;
69967 : 111;
69968 : 111;
69969 : 110;
69970 : 001;
69971 : 110;
69972 : 111;
69973 : 111;
69974 : 111;
69975 : 111;
69976 : 110;
69977 : 111;
69978 : 101;
69979 : 111;
69980 : 111;
69981 : 110;
69982 : 111;
69983 : 111;
69984 : 110;
69985 : 001;
69986 : 110;
69987 : 111;
69988 : 111;
69989 : 111;
69990 : 101;
69991 : 111;
69992 : 110;
69993 : 101;
69994 : 111;
69995 : 110;
69996 : 011;
69997 : 111;
69998 : 101;
69999 : 010;
70000 : 101;
70001 : 010;
70002 : 111;
70003 : 110;
70004 : 111;
70005 : 111;
70006 : 111;
70007 : 110;
70008 : 111;
70009 : 110;
70010 : 111;
70011 : 110;
70012 : 111;
70013 : 100;
70014 : 111;
70015 : 111;
70016 : 111;
70017 : 111;
70018 : 110;
70019 : 111;
70020 : 111;
70021 : 110;
70022 : 111;
70023 : 100;
70024 : 111;
70025 : 111;
70026 : 111;
70027 : 111;
70028 : 110;
70029 : 111;
70030 : 110;
70031 : 001;
70032 : 111;
70033 : 110;
70034 : 011;
70035 : 110;
70036 : 101;
70037 : 111;
70038 : 110;
70039 : 101;
70040 : 111;
70041 : 111;
70042 : 111;
70043 : 010;
70044 : 111;
70045 : 110;
70046 : 111;
70047 : 110;
70048 : 001;
70049 : 110;
70050 : 111;
70051 : 111;
70052 : 110;
70053 : 111;
70054 : 110;
70055 : 111;
70056 : 101;
70057 : 110;
70058 : 111;
70059 : 101;
70060 : 110;
70061 : 111;
70062 : 111;
70063 : 111;
70064 : 110;
70065 : 111;
70066 : 111;
70067 : 110;
70068 : 011;
70069 : 111;
70070 : 111;
70071 : 111;
70072 : 110;
70073 : 101;
70074 : 111;
70075 : 110;
70076 : 101;
70077 : 111;
70078 : 110;
70079 : 111;
70080 : 000;
70081 : 000;
70082 : 000;
70083 : 010;
70084 : 000;
70085 : 010;
70086 : 100;
70087 : 000;
70088 : 100;
70089 : 000;
70090 : 100;
70091 : 000;
70092 : 000;
70093 : 010;
70094 : 000;
70095 : 000;
70096 : 000;
70097 : 000;
70098 : 000;
70099 : 000;
70100 : 000;
70101 : 010;
70102 : 000;
70103 : 000;
70104 : 000;
70105 : 000;
70106 : 000;
70107 : 110;
70108 : 001;
70109 : 110;
70110 : 001;
70111 : 010;
70112 : 100;
70113 : 000;
70114 : 000;
70115 : 100;
70116 : 000;
70117 : 000;
70118 : 111;
70119 : 000;
70120 : 000;
70121 : 000;
70122 : 000;
70123 : 000;
70124 : 000;
70125 : 000;
70126 : 000;
70127 : 000;
70128 : 000;
70129 : 001;
70130 : 000;
70131 : 000;
70132 : 010;
70133 : 000;
70134 : 001;
70135 : 000;
70136 : 000;
70137 : 000;
70138 : 100;
70139 : 000;
70140 : 000;
70141 : 000;
70142 : 001;
70143 : 000;
70144 : 000;
70145 : 000;
70146 : 000;
70147 : 000;
70148 : 100;
70149 : 000;
70150 : 000;
70151 : 000;
70152 : 000;
70153 : 000;
70154 : 100;
70155 : 000;
70156 : 000;
70157 : 111;
70158 : 000;
70159 : 000;
70160 : 000;
70161 : 000;
70162 : 000;
70163 : 000;
70164 : 111;
70165 : 000;
70166 : 000;
70167 : 100;
70168 : 111;
70169 : 100;
70170 : 010;
70171 : 111;
70172 : 101;
70173 : 111;
70174 : 110;
70175 : 111;
70176 : 111;
70177 : 100;
70178 : 111;
70179 : 111;
70180 : 111;
70181 : 110;
70182 : 101;
70183 : 110;
70184 : 111;
70185 : 111;
70186 : 110;
70187 : 111;
70188 : 111;
70189 : 110;
70190 : 011;
70191 : 101;
70192 : 111;
70193 : 111;
70194 : 100;
70195 : 111;
70196 : 111;
70197 : 110;
70198 : 111;
70199 : 110;
70200 : 101;
70201 : 111;
70202 : 111;
70203 : 111;
70204 : 110;
70205 : 111;
70206 : 111;
70207 : 110;
70208 : 111;
70209 : 111;
70210 : 100;
70211 : 111;
70212 : 111;
70213 : 111;
70214 : 111;
70215 : 110;
70216 : 111;
70217 : 111;
70218 : 110;
70219 : 101;
70220 : 111;
70221 : 111;
70222 : 110;
70223 : 111;
70224 : 111;
70225 : 101;
70226 : 111;
70227 : 111;
70228 : 101;
70229 : 110;
70230 : 111;
70231 : 111;
70232 : 111;
70233 : 101;
70234 : 110;
70235 : 111;
70236 : 110;
70237 : 111;
70238 : 100;
70239 : 111;
70240 : 100;
70241 : 111;
70242 : 111;
70243 : 101;
70244 : 111;
70245 : 111;
70246 : 110;
70247 : 111;
70248 : 111;
70249 : 111;
70250 : 111;
70251 : 100;
70252 : 111;
70253 : 111;
70254 : 111;
70255 : 111;
70256 : 100;
70257 : 111;
70258 : 110;
70259 : 111;
70260 : 110;
70261 : 101;
70262 : 110;
70263 : 111;
70264 : 111;
70265 : 101;
70266 : 111;
70267 : 111;
70268 : 111;
70269 : 110;
70270 : 111;
70271 : 111;
70272 : 110;
70273 : 111;
70274 : 110;
70275 : 111;
70276 : 111;
70277 : 111;
70278 : 101;
70279 : 111;
70280 : 111;
70281 : 111;
70282 : 110;
70283 : 101;
70284 : 010;
70285 : 111;
70286 : 110;
70287 : 111;
70288 : 111;
70289 : 111;
70290 : 111;
70291 : 110;
70292 : 101;
70293 : 111;
70294 : 110;
70295 : 111;
70296 : 101;
70297 : 110;
70298 : 111;
70299 : 110;
70300 : 111;
70301 : 111;
70302 : 101;
70303 : 110;
70304 : 111;
70305 : 111;
70306 : 111;
70307 : 100;
70308 : 111;
70309 : 110;
70310 : 111;
70311 : 111;
70312 : 111;
70313 : 111;
70314 : 110;
70315 : 101;
70316 : 111;
70317 : 110;
70318 : 111;
70319 : 111;
70320 : 111;
70321 : 111;
70322 : 100;
70323 : 111;
70324 : 111;
70325 : 100;
70326 : 111;
70327 : 111;
70328 : 101;
70329 : 111;
70330 : 111;
70331 : 101;
70332 : 111;
70333 : 111;
70334 : 010;
70335 : 100;
70336 : 111;
70337 : 110;
70338 : 101;
70339 : 111;
70340 : 111;
70341 : 101;
70342 : 111;
70343 : 111;
70344 : 111;
70345 : 100;
70346 : 111;
70347 : 110;
70348 : 101;
70349 : 111;
70350 : 111;
70351 : 110;
70352 : 111;
70353 : 111;
70354 : 111;
70355 : 111;
70356 : 110;
70357 : 111;
70358 : 111;
70359 : 111;
70360 : 110;
70361 : 101;
70362 : 110;
70363 : 111;
70364 : 101;
70365 : 111;
70366 : 101;
70367 : 111;
70368 : 111;
70369 : 111;
70370 : 100;
70371 : 011;
70372 : 101;
70373 : 111;
70374 : 101;
70375 : 110;
70376 : 111;
70377 : 111;
70378 : 110;
70379 : 011;
70380 : 111;
70381 : 100;
70382 : 111;
70383 : 110;
70384 : 101;
70385 : 111;
70386 : 100;
70387 : 111;
70388 : 101;
70389 : 110;
70390 : 111;
70391 : 100;
70392 : 011;
70393 : 110;
70394 : 111;
70395 : 111;
70396 : 110;
70397 : 111;
70398 : 111;
70399 : 111;
70400 : 000;
70401 : 110;
70402 : 001;
70403 : 100;
70404 : 000;
70405 : 100;
70406 : 000;
70407 : 010;
70408 : 001;
70409 : 000;
70410 : 000;
70411 : 000;
70412 : 000;
70413 : 100;
70414 : 000;
70415 : 000;
70416 : 100;
70417 : 010;
70418 : 001;
70419 : 000;
70420 : 100;
70421 : 000;
70422 : 001;
70423 : 100;
70424 : 000;
70425 : 000;
70426 : 101;
70427 : 010;
70428 : 100;
70429 : 111;
70430 : 100;
70431 : 110;
70432 : 111;
70433 : 111;
70434 : 111;
70435 : 110;
70436 : 111;
70437 : 100;
70438 : 000;
70439 : 000;
70440 : 110;
70441 : 001;
70442 : 000;
70443 : 100;
70444 : 011;
70445 : 100;
70446 : 001;
70447 : 000;
70448 : 100;
70449 : 000;
70450 : 100;
70451 : 000;
70452 : 001;
70453 : 100;
70454 : 000;
70455 : 100;
70456 : 010;
70457 : 000;
70458 : 000;
70459 : 000;
70460 : 111;
70461 : 000;
70462 : 100;
70463 : 000;
70464 : 000;
70465 : 010;
70466 : 100;
70467 : 000;
70468 : 011;
70469 : 000;
70470 : 000;
70471 : 100;
70472 : 001;
70473 : 000;
70474 : 000;
70475 : 000;
70476 : 000;
70477 : 000;
70478 : 000;
70479 : 110;
70480 : 000;
70481 : 000;
70482 : 000;
70483 : 000;
70484 : 111;
70485 : 100;
70486 : 111;
70487 : 010;
70488 : 101;
70489 : 010;
70490 : 101;
70491 : 111;
70492 : 110;
70493 : 111;
70494 : 101;
70495 : 110;
70496 : 111;
70497 : 111;
70498 : 110;
70499 : 101;
70500 : 110;
70501 : 111;
70502 : 111;
70503 : 011;
70504 : 100;
70505 : 111;
70506 : 011;
70507 : 100;
70508 : 111;
70509 : 101;
70510 : 111;
70511 : 110;
70512 : 111;
70513 : 110;
70514 : 111;
70515 : 111;
70516 : 100;
70517 : 111;
70518 : 101;
70519 : 011;
70520 : 111;
70521 : 110;
70522 : 111;
70523 : 101;
70524 : 111;
70525 : 111;
70526 : 110;
70527 : 101;
70528 : 111;
70529 : 111;
70530 : 111;
70531 : 110;
70532 : 111;
70533 : 101;
70534 : 111;
70535 : 111;
70536 : 111;
70537 : 100;
70538 : 111;
70539 : 111;
70540 : 111;
70541 : 111;
70542 : 111;
70543 : 111;
70544 : 110;
70545 : 111;
70546 : 110;
70547 : 111;
70548 : 111;
70549 : 111;
70550 : 100;
70551 : 111;
70552 : 110;
70553 : 111;
70554 : 111;
70555 : 111;
70556 : 111;
70557 : 111;
70558 : 111;
70559 : 011;
70560 : 111;
70561 : 110;
70562 : 011;
70563 : 110;
70564 : 111;
70565 : 111;
70566 : 111;
70567 : 111;
70568 : 101;
70569 : 110;
70570 : 111;
70571 : 111;
70572 : 111;
70573 : 110;
70574 : 111;
70575 : 111;
70576 : 111;
70577 : 100;
70578 : 111;
70579 : 111;
70580 : 111;
70581 : 111;
70582 : 111;
70583 : 111;
70584 : 110;
70585 : 111;
70586 : 110;
70587 : 111;
70588 : 111;
70589 : 111;
70590 : 100;
70591 : 111;
70592 : 101;
70593 : 011;
70594 : 101;
70595 : 110;
70596 : 101;
70597 : 110;
70598 : 111;
70599 : 010;
70600 : 100;
70601 : 111;
70602 : 011;
70603 : 110;
70604 : 101;
70605 : 111;
70606 : 111;
70607 : 110;
70608 : 111;
70609 : 100;
70610 : 111;
70611 : 111;
70612 : 110;
70613 : 001;
70614 : 111;
70615 : 111;
70616 : 111;
70617 : 111;
70618 : 111;
70619 : 111;
70620 : 111;
70621 : 110;
70622 : 111;
70623 : 111;
70624 : 111;
70625 : 100;
70626 : 111;
70627 : 111;
70628 : 011;
70629 : 100;
70630 : 111;
70631 : 110;
70632 : 101;
70633 : 110;
70634 : 111;
70635 : 111;
70636 : 111;
70637 : 111;
70638 : 100;
70639 : 111;
70640 : 110;
70641 : 111;
70642 : 111;
70643 : 111;
70644 : 111;
70645 : 111;
70646 : 111;
70647 : 110;
70648 : 111;
70649 : 110;
70650 : 111;
70651 : 110;
70652 : 011;
70653 : 110;
70654 : 111;
70655 : 111;
70656 : 000;
70657 : 111;
70658 : 111;
70659 : 110;
70660 : 111;
70661 : 110;
70662 : 111;
70663 : 110;
70664 : 111;
70665 : 111;
70666 : 111;
70667 : 111;
70668 : 111;
70669 : 110;
70670 : 111;
70671 : 101;
70672 : 111;
70673 : 110;
70674 : 101;
70675 : 111;
70676 : 101;
70677 : 111;
70678 : 100;
70679 : 111;
70680 : 111;
70681 : 111;
70682 : 111;
70683 : 111;
70684 : 110;
70685 : 111;
70686 : 110;
70687 : 111;
70688 : 110;
70689 : 111;
70690 : 111;
70691 : 110;
70692 : 111;
70693 : 110;
70694 : 111;
70695 : 111;
70696 : 110;
70697 : 101;
70698 : 111;
70699 : 100;
70700 : 111;
70701 : 111;
70702 : 100;
70703 : 111;
70704 : 111;
70705 : 110;
70706 : 111;
70707 : 111;
70708 : 110;
70709 : 111;
70710 : 111;
70711 : 111;
70712 : 111;
70713 : 111;
70714 : 100;
70715 : 111;
70716 : 001;
70717 : 110;
70718 : 101;
70719 : 110;
70720 : 000;
70721 : 000;
70722 : 000;
70723 : 000;
70724 : 000;
70725 : 001;
70726 : 000;
70727 : 100;
70728 : 000;
70729 : 000;
70730 : 100;
70731 : 010;
70732 : 000;
70733 : 000;
70734 : 000;
70735 : 001;
70736 : 000;
70737 : 000;
70738 : 000;
70739 : 000;
70740 : 000;
70741 : 000;
70742 : 000;
70743 : 000;
70744 : 000;
70745 : 010;
70746 : 100;
70747 : 101;
70748 : 010;
70749 : 100;
70750 : 111;
70751 : 111;
70752 : 111;
70753 : 111;
70754 : 111;
70755 : 111;
70756 : 111;
70757 : 111;
70758 : 111;
70759 : 100;
70760 : 000;
70761 : 000;
70762 : 010;
70763 : 000;
70764 : 000;
70765 : 000;
70766 : 110;
70767 : 000;
70768 : 011;
70769 : 000;
70770 : 010;
70771 : 100;
70772 : 000;
70773 : 000;
70774 : 010;
70775 : 000;
70776 : 101;
70777 : 000;
70778 : 100;
70779 : 000;
70780 : 000;
70781 : 000;
70782 : 010;
70783 : 000;
70784 : 000;
70785 : 000;
70786 : 000;
70787 : 000;
70788 : 000;
70789 : 000;
70790 : 000;
70791 : 000;
70792 : 000;
70793 : 000;
70794 : 000;
70795 : 000;
70796 : 000;
70797 : 000;
70798 : 000;
70799 : 001;
70800 : 000;
70801 : 000;
70802 : 000;
70803 : 100;
70804 : 000;
70805 : 111;
70806 : 000;
70807 : 101;
70808 : 010;
70809 : 101;
70810 : 110;
70811 : 111;
70812 : 101;
70813 : 010;
70814 : 111;
70815 : 101;
70816 : 010;
70817 : 101;
70818 : 111;
70819 : 011;
70820 : 101;
70821 : 110;
70822 : 101;
70823 : 110;
70824 : 111;
70825 : 100;
70826 : 111;
70827 : 111;
70828 : 110;
70829 : 111;
70830 : 110;
70831 : 101;
70832 : 111;
70833 : 001;
70834 : 110;
70835 : 111;
70836 : 111;
70837 : 111;
70838 : 110;
70839 : 111;
70840 : 110;
70841 : 101;
70842 : 111;
70843 : 110;
70844 : 111;
70845 : 110;
70846 : 111;
70847 : 111;
70848 : 110;
70849 : 111;
70850 : 111;
70851 : 111;
70852 : 110;
70853 : 111;
70854 : 110;
70855 : 111;
70856 : 111;
70857 : 111;
70858 : 111;
70859 : 110;
70860 : 111;
70861 : 100;
70862 : 111;
70863 : 100;
70864 : 111;
70865 : 111;
70866 : 101;
70867 : 110;
70868 : 111;
70869 : 111;
70870 : 111;
70871 : 111;
70872 : 111;
70873 : 110;
70874 : 111;
70875 : 100;
70876 : 111;
70877 : 110;
70878 : 111;
70879 : 110;
70880 : 111;
70881 : 101;
70882 : 111;
70883 : 111;
70884 : 110;
70885 : 111;
70886 : 100;
70887 : 111;
70888 : 111;
70889 : 111;
70890 : 111;
70891 : 110;
70892 : 111;
70893 : 101;
70894 : 110;
70895 : 101;
70896 : 111;
70897 : 111;
70898 : 010;
70899 : 101;
70900 : 111;
70901 : 110;
70902 : 111;
70903 : 101;
70904 : 111;
70905 : 111;
70906 : 001;
70907 : 110;
70908 : 101;
70909 : 010;
70910 : 111;
70911 : 110;
70912 : 111;
70913 : 110;
70914 : 111;
70915 : 111;
70916 : 110;
70917 : 111;
70918 : 111;
70919 : 111;
70920 : 111;
70921 : 111;
70922 : 100;
70923 : 111;
70924 : 111;
70925 : 110;
70926 : 111;
70927 : 101;
70928 : 111;
70929 : 111;
70930 : 111;
70931 : 111;
70932 : 111;
70933 : 110;
70934 : 101;
70935 : 110;
70936 : 111;
70937 : 110;
70938 : 101;
70939 : 010;
70940 : 101;
70941 : 111;
70942 : 100;
70943 : 011;
70944 : 110;
70945 : 111;
70946 : 111;
70947 : 110;
70948 : 111;
70949 : 111;
70950 : 100;
70951 : 111;
70952 : 111;
70953 : 111;
70954 : 111;
70955 : 110;
70956 : 101;
70957 : 111;
70958 : 111;
70959 : 111;
70960 : 111;
70961 : 100;
70962 : 111;
70963 : 100;
70964 : 111;
70965 : 100;
70966 : 011;
70967 : 101;
70968 : 110;
70969 : 001;
70970 : 111;
70971 : 100;
70972 : 111;
70973 : 101;
70974 : 110;
70975 : 111;
70976 : 111;
70977 : 111;
70978 : 110;
70979 : 101;
70980 : 111;
70981 : 111;
70982 : 111;
70983 : 101;
70984 : 110;
70985 : 111;
70986 : 100;
70987 : 111;
70988 : 110;
70989 : 101;
70990 : 111;
70991 : 110;
70992 : 111;
70993 : 111;
70994 : 110;
70995 : 111;
70996 : 110;
70997 : 111;
70998 : 111;
70999 : 110;
71000 : 101;
71001 : 010;
71002 : 101;
71003 : 110;
71004 : 101;
71005 : 011;
71006 : 110;
71007 : 101;
71008 : 111;
71009 : 100;
71010 : 111;
71011 : 111;
71012 : 100;
71013 : 111;
71014 : 111;
71015 : 000;
71016 : 111;
71017 : 111;
71018 : 110;
71019 : 111;
71020 : 110;
71021 : 111;
71022 : 011;
71023 : 110;
71024 : 111;
71025 : 101;
71026 : 111;
71027 : 110;
71028 : 101;
71029 : 111;
71030 : 100;
71031 : 111;
71032 : 100;
71033 : 111;
71034 : 111;
71035 : 110;
71036 : 111;
71037 : 111;
71038 : 110;
71039 : 111;
71040 : 000;
71041 : 100;
71042 : 000;
71043 : 110;
71044 : 000;
71045 : 000;
71046 : 000;
71047 : 000;
71048 : 000;
71049 : 010;
71050 : 000;
71051 : 000;
71052 : 000;
71053 : 001;
71054 : 100;
71055 : 010;
71056 : 000;
71057 : 000;
71058 : 000;
71059 : 000;
71060 : 000;
71061 : 000;
71062 : 000;
71063 : 000;
71064 : 000;
71065 : 000;
71066 : 000;
71067 : 000;
71068 : 110;
71069 : 000;
71070 : 111;
71071 : 110;
71072 : 111;
71073 : 111;
71074 : 111;
71075 : 111;
71076 : 111;
71077 : 110;
71078 : 110;
71079 : 011;
71080 : 100;
71081 : 000;
71082 : 101;
71083 : 000;
71084 : 100;
71085 : 000;
71086 : 000;
71087 : 000;
71088 : 100;
71089 : 000;
71090 : 000;
71091 : 000;
71092 : 000;
71093 : 000;
71094 : 101;
71095 : 000;
71096 : 000;
71097 : 000;
71098 : 010;
71099 : 000;
71100 : 000;
71101 : 000;
71102 : 000;
71103 : 000;
71104 : 000;
71105 : 000;
71106 : 000;
71107 : 000;
71108 : 000;
71109 : 000;
71110 : 000;
71111 : 000;
71112 : 010;
71113 : 000;
71114 : 100;
71115 : 010;
71116 : 100;
71117 : 000;
71118 : 000;
71119 : 100;
71120 : 000;
71121 : 000;
71122 : 000;
71123 : 000;
71124 : 011;
71125 : 100;
71126 : 111;
71127 : 110;
71128 : 101;
71129 : 110;
71130 : 111;
71131 : 011;
71132 : 110;
71133 : 111;
71134 : 111;
71135 : 110;
71136 : 111;
71137 : 111;
71138 : 110;
71139 : 111;
71140 : 110;
71141 : 111;
71142 : 111;
71143 : 111;
71144 : 111;
71145 : 111;
71146 : 111;
71147 : 110;
71148 : 101;
71149 : 111;
71150 : 111;
71151 : 111;
71152 : 110;
71153 : 111;
71154 : 111;
71155 : 101;
71156 : 110;
71157 : 111;
71158 : 111;
71159 : 101;
71160 : 111;
71161 : 110;
71162 : 111;
71163 : 011;
71164 : 101;
71165 : 111;
71166 : 111;
71167 : 101;
71168 : 111;
71169 : 110;
71170 : 101;
71171 : 111;
71172 : 111;
71173 : 111;
71174 : 001;
71175 : 110;
71176 : 111;
71177 : 100;
71178 : 011;
71179 : 111;
71180 : 111;
71181 : 111;
71182 : 111;
71183 : 111;
71184 : 111;
71185 : 110;
71186 : 111;
71187 : 111;
71188 : 111;
71189 : 110;
71190 : 101;
71191 : 110;
71192 : 111;
71193 : 101;
71194 : 111;
71195 : 111;
71196 : 111;
71197 : 111;
71198 : 101;
71199 : 111;
71200 : 111;
71201 : 110;
71202 : 111;
71203 : 100;
71204 : 111;
71205 : 111;
71206 : 111;
71207 : 111;
71208 : 110;
71209 : 111;
71210 : 100;
71211 : 111;
71212 : 111;
71213 : 111;
71214 : 011;
71215 : 110;
71216 : 111;
71217 : 111;
71218 : 111;
71219 : 110;
71220 : 111;
71221 : 111;
71222 : 111;
71223 : 110;
71224 : 111;
71225 : 110;
71226 : 111;
71227 : 111;
71228 : 111;
71229 : 111;
71230 : 111;
71231 : 101;
71232 : 111;
71233 : 111;
71234 : 100;
71235 : 111;
71236 : 011;
71237 : 101;
71238 : 110;
71239 : 101;
71240 : 010;
71241 : 101;
71242 : 111;
71243 : 111;
71244 : 111;
71245 : 111;
71246 : 111;
71247 : 110;
71248 : 111;
71249 : 110;
71250 : 111;
71251 : 100;
71252 : 111;
71253 : 111;
71254 : 111;
71255 : 110;
71256 : 001;
71257 : 111;
71258 : 111;
71259 : 110;
71260 : 111;
71261 : 111;
71262 : 111;
71263 : 111;
71264 : 101;
71265 : 111;
71266 : 110;
71267 : 101;
71268 : 111;
71269 : 111;
71270 : 111;
71271 : 010;
71272 : 101;
71273 : 110;
71274 : 001;
71275 : 111;
71276 : 110;
71277 : 111;
71278 : 010;
71279 : 101;
71280 : 110;
71281 : 111;
71282 : 111;
71283 : 011;
71284 : 110;
71285 : 111;
71286 : 110;
71287 : 111;
71288 : 111;
71289 : 111;
71290 : 110;
71291 : 111;
71292 : 111;
71293 : 111;
71294 : 111;
71295 : 100;
71296 : 111;
71297 : 100;
71298 : 111;
71299 : 111;
71300 : 110;
71301 : 001;
71302 : 110;
71303 : 111;
71304 : 111;
71305 : 111;
71306 : 111;
71307 : 111;
71308 : 111;
71309 : 111;
71310 : 110;
71311 : 111;
71312 : 101;
71313 : 110;
71314 : 111;
71315 : 101;
71316 : 111;
71317 : 010;
71318 : 101;
71319 : 111;
71320 : 110;
71321 : 111;
71322 : 111;
71323 : 111;
71324 : 110;
71325 : 111;
71326 : 111;
71327 : 110;
71328 : 111;
71329 : 011;
71330 : 100;
71331 : 111;
71332 : 111;
71333 : 010;
71334 : 111;
71335 : 111;
71336 : 110;
71337 : 101;
71338 : 111;
71339 : 111;
71340 : 001;
71341 : 110;
71342 : 111;
71343 : 101;
71344 : 110;
71345 : 111;
71346 : 110;
71347 : 011;
71348 : 111;
71349 : 110;
71350 : 111;
71351 : 111;
71352 : 110;
71353 : 111;
71354 : 110;
71355 : 101;
71356 : 111;
71357 : 110;
71358 : 101;
71359 : 111;
71360 : 000;
71361 : 000;
71362 : 000;
71363 : 000;
71364 : 000;
71365 : 000;
71366 : 110;
71367 : 000;
71368 : 000;
71369 : 000;
71370 : 000;
71371 : 100;
71372 : 000;
71373 : 110;
71374 : 000;
71375 : 100;
71376 : 000;
71377 : 000;
71378 : 100;
71379 : 000;
71380 : 010;
71381 : 000;
71382 : 100;
71383 : 000;
71384 : 000;
71385 : 000;
71386 : 000;
71387 : 000;
71388 : 101;
71389 : 000;
71390 : 110;
71391 : 101;
71392 : 110;
71393 : 111;
71394 : 110;
71395 : 101;
71396 : 110;
71397 : 001;
71398 : 000;
71399 : 100;
71400 : 000;
71401 : 010;
71402 : 000;
71403 : 000;
71404 : 010;
71405 : 001;
71406 : 000;
71407 : 000;
71408 : 000;
71409 : 000;
71410 : 001;
71411 : 000;
71412 : 010;
71413 : 000;
71414 : 000;
71415 : 000;
71416 : 000;
71417 : 000;
71418 : 000;
71419 : 000;
71420 : 000;
71421 : 000;
71422 : 000;
71423 : 000;
71424 : 000;
71425 : 000;
71426 : 000;
71427 : 000;
71428 : 000;
71429 : 100;
71430 : 000;
71431 : 000;
71432 : 100;
71433 : 000;
71434 : 000;
71435 : 000;
71436 : 000;
71437 : 000;
71438 : 000;
71439 : 000;
71440 : 000;
71441 : 000;
71442 : 000;
71443 : 000;
71444 : 110;
71445 : 111;
71446 : 000;
71447 : 111;
71448 : 011;
71449 : 111;
71450 : 100;
71451 : 111;
71452 : 101;
71453 : 110;
71454 : 101;
71455 : 111;
71456 : 100;
71457 : 111;
71458 : 101;
71459 : 111;
71460 : 101;
71461 : 010;
71462 : 101;
71463 : 110;
71464 : 001;
71465 : 110;
71466 : 101;
71467 : 111;
71468 : 010;
71469 : 111;
71470 : 100;
71471 : 011;
71472 : 101;
71473 : 110;
71474 : 111;
71475 : 110;
71476 : 011;
71477 : 100;
71478 : 111;
71479 : 110;
71480 : 011;
71481 : 101;
71482 : 110;
71483 : 111;
71484 : 110;
71485 : 111;
71486 : 110;
71487 : 111;
71488 : 110;
71489 : 111;
71490 : 111;
71491 : 110;
71492 : 111;
71493 : 110;
71494 : 111;
71495 : 101;
71496 : 110;
71497 : 111;
71498 : 111;
71499 : 110;
71500 : 111;
71501 : 110;
71502 : 111;
71503 : 110;
71504 : 111;
71505 : 111;
71506 : 111;
71507 : 110;
71508 : 101;
71509 : 111;
71510 : 111;
71511 : 111;
71512 : 111;
71513 : 110;
71514 : 111;
71515 : 111;
71516 : 110;
71517 : 111;
71518 : 110;
71519 : 111;
71520 : 111;
71521 : 111;
71522 : 111;
71523 : 111;
71524 : 100;
71525 : 011;
71526 : 111;
71527 : 110;
71528 : 101;
71529 : 111;
71530 : 111;
71531 : 111;
71532 : 110;
71533 : 101;
71534 : 111;
71535 : 111;
71536 : 110;
71537 : 111;
71538 : 111;
71539 : 101;
71540 : 010;
71541 : 101;
71542 : 110;
71543 : 111;
71544 : 111;
71545 : 111;
71546 : 101;
71547 : 110;
71548 : 111;
71549 : 110;
71550 : 111;
71551 : 110;
71552 : 111;
71553 : 111;
71554 : 111;
71555 : 110;
71556 : 101;
71557 : 110;
71558 : 111;
71559 : 111;
71560 : 111;
71561 : 110;
71562 : 111;
71563 : 110;
71564 : 111;
71565 : 100;
71566 : 111;
71567 : 111;
71568 : 111;
71569 : 101;
71570 : 111;
71571 : 111;
71572 : 111;
71573 : 110;
71574 : 111;
71575 : 111;
71576 : 111;
71577 : 100;
71578 : 111;
71579 : 111;
71580 : 100;
71581 : 111;
71582 : 110;
71583 : 111;
71584 : 110;
71585 : 111;
71586 : 111;
71587 : 111;
71588 : 110;
71589 : 101;
71590 : 111;
71591 : 111;
71592 : 111;
71593 : 110;
71594 : 111;
71595 : 110;
71596 : 101;
71597 : 111;
71598 : 110;
71599 : 111;
71600 : 111;
71601 : 101;
71602 : 110;
71603 : 111;
71604 : 101;
71605 : 111;
71606 : 111;
71607 : 101;
71608 : 110;
71609 : 111;
71610 : 101;
71611 : 111;
71612 : 110;
71613 : 111;
71614 : 100;
71615 : 111;
71616 : 111;
71617 : 011;
71618 : 110;
71619 : 111;
71620 : 111;
71621 : 111;
71622 : 111;
71623 : 110;
71624 : 101;
71625 : 010;
71626 : 111;
71627 : 100;
71628 : 111;
71629 : 000;
71630 : 111;
71631 : 111;
71632 : 110;
71633 : 111;
71634 : 111;
71635 : 010;
71636 : 111;
71637 : 111;
71638 : 110;
71639 : 111;
71640 : 111;
71641 : 101;
71642 : 110;
71643 : 111;
71644 : 101;
71645 : 110;
71646 : 101;
71647 : 111;
71648 : 100;
71649 : 111;
71650 : 111;
71651 : 110;
71652 : 111;
71653 : 101;
71654 : 110;
71655 : 101;
71656 : 111;
71657 : 111;
71658 : 110;
71659 : 111;
71660 : 110;
71661 : 111;
71662 : 111;
71663 : 111;
71664 : 111;
71665 : 111;
71666 : 101;
71667 : 110;
71668 : 101;
71669 : 111;
71670 : 110;
71671 : 001;
71672 : 111;
71673 : 110;
71674 : 101;
71675 : 111;
71676 : 110;
71677 : 111;
71678 : 111;
71679 : 110;
71680 : 000;
71681 : 000;
71682 : 000;
71683 : 001;
71684 : 000;
71685 : 000;
71686 : 000;
71687 : 000;
71688 : 100;
71689 : 000;
71690 : 001;
71691 : 110;
71692 : 000;
71693 : 101;
71694 : 110;
71695 : 111;
71696 : 100;
71697 : 010;
71698 : 000;
71699 : 000;
71700 : 000;
71701 : 000;
71702 : 000;
71703 : 000;
71704 : 000;
71705 : 000;
71706 : 111;
71707 : 000;
71708 : 010;
71709 : 100;
71710 : 000;
71711 : 010;
71712 : 001;
71713 : 000;
71714 : 000;
71715 : 000;
71716 : 000;
71717 : 000;
71718 : 000;
71719 : 000;
71720 : 000;
71721 : 100;
71722 : 000;
71723 : 101;
71724 : 000;
71725 : 000;
71726 : 000;
71727 : 000;
71728 : 000;
71729 : 000;
71730 : 000;
71731 : 000;
71732 : 000;
71733 : 000;
71734 : 000;
71735 : 000;
71736 : 000;
71737 : 000;
71738 : 000;
71739 : 000;
71740 : 000;
71741 : 000;
71742 : 000;
71743 : 000;
71744 : 100;
71745 : 000;
71746 : 000;
71747 : 000;
71748 : 000;
71749 : 000;
71750 : 000;
71751 : 000;
71752 : 000;
71753 : 000;
71754 : 000;
71755 : 000;
71756 : 000;
71757 : 000;
71758 : 000;
71759 : 000;
71760 : 000;
71761 : 000;
71762 : 010;
71763 : 100;
71764 : 000;
71765 : 001;
71766 : 111;
71767 : 110;
71768 : 101;
71769 : 111;
71770 : 111;
71771 : 110;
71772 : 111;
71773 : 111;
71774 : 110;
71775 : 011;
71776 : 111;
71777 : 110;
71778 : 011;
71779 : 110;
71780 : 111;
71781 : 111;
71782 : 110;
71783 : 111;
71784 : 111;
71785 : 110;
71786 : 111;
71787 : 110;
71788 : 101;
71789 : 111;
71790 : 111;
71791 : 110;
71792 : 111;
71793 : 111;
71794 : 101;
71795 : 111;
71796 : 111;
71797 : 111;
71798 : 111;
71799 : 101;
71800 : 110;
71801 : 111;
71802 : 111;
71803 : 100;
71804 : 111;
71805 : 111;
71806 : 101;
71807 : 111;
71808 : 111;
71809 : 111;
71810 : 111;
71811 : 101;
71812 : 111;
71813 : 111;
71814 : 110;
71815 : 111;
71816 : 011;
71817 : 110;
71818 : 111;
71819 : 101;
71820 : 111;
71821 : 111;
71822 : 101;
71823 : 111;
71824 : 111;
71825 : 100;
71826 : 111;
71827 : 111;
71828 : 111;
71829 : 110;
71830 : 111;
71831 : 110;
71832 : 011;
71833 : 111;
71834 : 100;
71835 : 011;
71836 : 101;
71837 : 111;
71838 : 000;
71839 : 111;
71840 : 111;
71841 : 100;
71842 : 111;
71843 : 111;
71844 : 111;
71845 : 110;
71846 : 101;
71847 : 111;
71848 : 111;
71849 : 110;
71850 : 111;
71851 : 111;
71852 : 111;
71853 : 110;
71854 : 111;
71855 : 111;
71856 : 101;
71857 : 111;
71858 : 110;
71859 : 111;
71860 : 111;
71861 : 111;
71862 : 101;
71863 : 110;
71864 : 111;
71865 : 111;
71866 : 110;
71867 : 111;
71868 : 111;
71869 : 101;
71870 : 111;
71871 : 111;
71872 : 110;
71873 : 101;
71874 : 111;
71875 : 111;
71876 : 111;
71877 : 111;
71878 : 110;
71879 : 111;
71880 : 101;
71881 : 111;
71882 : 111;
71883 : 101;
71884 : 111;
71885 : 111;
71886 : 111;
71887 : 110;
71888 : 111;
71889 : 110;
71890 : 111;
71891 : 110;
71892 : 111;
71893 : 101;
71894 : 111;
71895 : 110;
71896 : 111;
71897 : 111;
71898 : 000;
71899 : 111;
71900 : 111;
71901 : 111;
71902 : 101;
71903 : 111;
71904 : 111;
71905 : 100;
71906 : 111;
71907 : 111;
71908 : 111;
71909 : 110;
71910 : 111;
71911 : 110;
71912 : 101;
71913 : 111;
71914 : 111;
71915 : 111;
71916 : 110;
71917 : 111;
71918 : 101;
71919 : 111;
71920 : 110;
71921 : 111;
71922 : 111;
71923 : 110;
71924 : 111;
71925 : 110;
71926 : 001;
71927 : 110;
71928 : 111;
71929 : 111;
71930 : 110;
71931 : 111;
71932 : 101;
71933 : 111;
71934 : 111;
71935 : 010;
71936 : 111;
71937 : 101;
71938 : 111;
71939 : 100;
71940 : 111;
71941 : 100;
71942 : 111;
71943 : 111;
71944 : 111;
71945 : 110;
71946 : 111;
71947 : 111;
71948 : 111;
71949 : 111;
71950 : 110;
71951 : 101;
71952 : 111;
71953 : 101;
71954 : 110;
71955 : 101;
71956 : 111;
71957 : 100;
71958 : 111;
71959 : 111;
71960 : 110;
71961 : 111;
71962 : 111;
71963 : 110;
71964 : 111;
71965 : 111;
71966 : 110;
71967 : 111;
71968 : 111;
71969 : 111;
71970 : 110;
71971 : 101;
71972 : 111;
71973 : 111;
71974 : 111;
71975 : 110;
71976 : 111;
71977 : 110;
71978 : 101;
71979 : 111;
71980 : 101;
71981 : 110;
71982 : 101;
71983 : 110;
71984 : 101;
71985 : 110;
71986 : 111;
71987 : 111;
71988 : 110;
71989 : 111;
71990 : 111;
71991 : 110;
71992 : 111;
71993 : 101;
71994 : 110;
71995 : 011;
71996 : 101;
71997 : 110;
71998 : 101;
71999 : 111;
72000 : 000;
72001 : 000;
72002 : 100;
72003 : 010;
72004 : 100;
72005 : 000;
72006 : 100;
72007 : 001;
72008 : 010;
72009 : 100;
72010 : 000;
72011 : 100;
72012 : 110;
72013 : 111;
72014 : 110;
72015 : 100;
72016 : 110;
72017 : 000;
72018 : 000;
72019 : 000;
72020 : 000;
72021 : 000;
72022 : 000;
72023 : 000;
72024 : 000;
72025 : 000;
72026 : 000;
72027 : 100;
72028 : 000;
72029 : 011;
72030 : 100;
72031 : 001;
72032 : 100;
72033 : 010;
72034 : 100;
72035 : 000;
72036 : 000;
72037 : 000;
72038 : 000;
72039 : 000;
72040 : 000;
72041 : 000;
72042 : 000;
72043 : 010;
72044 : 000;
72045 : 000;
72046 : 000;
72047 : 000;
72048 : 000;
72049 : 000;
72050 : 000;
72051 : 000;
72052 : 000;
72053 : 000;
72054 : 000;
72055 : 000;
72056 : 000;
72057 : 000;
72058 : 000;
72059 : 000;
72060 : 000;
72061 : 000;
72062 : 000;
72063 : 000;
72064 : 000;
72065 : 000;
72066 : 000;
72067 : 000;
72068 : 000;
72069 : 000;
72070 : 000;
72071 : 000;
72072 : 000;
72073 : 000;
72074 : 000;
72075 : 000;
72076 : 000;
72077 : 001;
72078 : 010;
72079 : 000;
72080 : 000;
72081 : 100;
72082 : 001;
72083 : 000;
72084 : 000;
72085 : 100;
72086 : 110;
72087 : 111;
72088 : 111;
72089 : 110;
72090 : 101;
72091 : 111;
72092 : 000;
72093 : 111;
72094 : 101;
72095 : 111;
72096 : 100;
72097 : 111;
72098 : 101;
72099 : 111;
72100 : 110;
72101 : 101;
72102 : 011;
72103 : 100;
72104 : 111;
72105 : 111;
72106 : 101;
72107 : 111;
72108 : 111;
72109 : 110;
72110 : 111;
72111 : 101;
72112 : 110;
72113 : 111;
72114 : 110;
72115 : 111;
72116 : 100;
72117 : 111;
72118 : 110;
72119 : 111;
72120 : 111;
72121 : 110;
72122 : 111;
72123 : 011;
72124 : 100;
72125 : 111;
72126 : 110;
72127 : 011;
72128 : 100;
72129 : 111;
72130 : 010;
72131 : 111;
72132 : 110;
72133 : 001;
72134 : 111;
72135 : 111;
72136 : 101;
72137 : 110;
72138 : 111;
72139 : 111;
72140 : 110;
72141 : 111;
72142 : 110;
72143 : 111;
72144 : 011;
72145 : 110;
72146 : 111;
72147 : 001;
72148 : 110;
72149 : 111;
72150 : 001;
72151 : 111;
72152 : 100;
72153 : 111;
72154 : 111;
72155 : 110;
72156 : 111;
72157 : 110;
72158 : 111;
72159 : 111;
72160 : 110;
72161 : 111;
72162 : 111;
72163 : 110;
72164 : 111;
72165 : 111;
72166 : 110;
72167 : 011;
72168 : 111;
72169 : 111;
72170 : 111;
72171 : 000;
72172 : 111;
72173 : 111;
72174 : 100;
72175 : 111;
72176 : 110;
72177 : 111;
72178 : 000;
72179 : 111;
72180 : 110;
72181 : 111;
72182 : 111;
72183 : 000;
72184 : 111;
72185 : 111;
72186 : 111;
72187 : 101;
72188 : 110;
72189 : 111;
72190 : 110;
72191 : 111;
72192 : 111;
72193 : 111;
72194 : 110;
72195 : 111;
72196 : 110;
72197 : 111;
72198 : 101;
72199 : 110;
72200 : 111;
72201 : 110;
72202 : 111;
72203 : 110;
72204 : 111;
72205 : 110;
72206 : 111;
72207 : 101;
72208 : 111;
72209 : 111;
72210 : 101;
72211 : 111;
72212 : 010;
72213 : 111;
72214 : 100;
72215 : 111;
72216 : 000;
72217 : 111;
72218 : 111;
72219 : 110;
72220 : 111;
72221 : 110;
72222 : 111;
72223 : 110;
72224 : 111;
72225 : 111;
72226 : 110;
72227 : 001;
72228 : 110;
72229 : 111;
72230 : 101;
72231 : 111;
72232 : 110;
72233 : 111;
72234 : 100;
72235 : 111;
72236 : 001;
72237 : 111;
72238 : 110;
72239 : 111;
72240 : 101;
72241 : 010;
72242 : 111;
72243 : 101;
72244 : 111;
72245 : 111;
72246 : 110;
72247 : 111;
72248 : 101;
72249 : 110;
72250 : 111;
72251 : 111;
72252 : 110;
72253 : 111;
72254 : 111;
72255 : 101;
72256 : 110;
72257 : 111;
72258 : 110;
72259 : 111;
72260 : 011;
72261 : 111;
72262 : 110;
72263 : 101;
72264 : 110;
72265 : 111;
72266 : 101;
72267 : 110;
72268 : 111;
72269 : 100;
72270 : 111;
72271 : 111;
72272 : 010;
72273 : 111;
72274 : 111;
72275 : 110;
72276 : 111;
72277 : 111;
72278 : 111;
72279 : 100;
72280 : 111;
72281 : 101;
72282 : 110;
72283 : 001;
72284 : 111;
72285 : 110;
72286 : 101;
72287 : 111;
72288 : 110;
72289 : 101;
72290 : 111;
72291 : 111;
72292 : 110;
72293 : 111;
72294 : 100;
72295 : 111;
72296 : 111;
72297 : 111;
72298 : 010;
72299 : 111;
72300 : 111;
72301 : 111;
72302 : 110;
72303 : 111;
72304 : 111;
72305 : 010;
72306 : 111;
72307 : 100;
72308 : 111;
72309 : 001;
72310 : 110;
72311 : 101;
72312 : 110;
72313 : 111;
72314 : 111;
72315 : 110;
72316 : 111;
72317 : 111;
72318 : 110;
72319 : 111;
72320 : 000;
72321 : 000;
72322 : 000;
72323 : 000;
72324 : 000;
72325 : 111;
72326 : 000;
72327 : 110;
72328 : 000;
72329 : 110;
72330 : 101;
72331 : 010;
72332 : 100;
72333 : 110;
72334 : 111;
72335 : 110;
72336 : 101;
72337 : 000;
72338 : 000;
72339 : 000;
72340 : 000;
72341 : 000;
72342 : 000;
72343 : 001;
72344 : 110;
72345 : 000;
72346 : 011;
72347 : 100;
72348 : 000;
72349 : 000;
72350 : 000;
72351 : 000;
72352 : 000;
72353 : 100;
72354 : 001;
72355 : 000;
72356 : 010;
72357 : 000;
72358 : 000;
72359 : 000;
72360 : 000;
72361 : 001;
72362 : 000;
72363 : 000;
72364 : 000;
72365 : 000;
72366 : 000;
72367 : 000;
72368 : 000;
72369 : 000;
72370 : 000;
72371 : 000;
72372 : 000;
72373 : 000;
72374 : 000;
72375 : 000;
72376 : 000;
72377 : 000;
72378 : 000;
72379 : 000;
72380 : 000;
72381 : 100;
72382 : 000;
72383 : 000;
72384 : 000;
72385 : 001;
72386 : 000;
72387 : 000;
72388 : 000;
72389 : 001;
72390 : 000;
72391 : 010;
72392 : 000;
72393 : 001;
72394 : 000;
72395 : 000;
72396 : 110;
72397 : 000;
72398 : 100;
72399 : 000;
72400 : 011;
72401 : 000;
72402 : 000;
72403 : 100;
72404 : 010;
72405 : 001;
72406 : 000;
72407 : 111;
72408 : 100;
72409 : 111;
72410 : 011;
72411 : 110;
72412 : 111;
72413 : 111;
72414 : 110;
72415 : 111;
72416 : 111;
72417 : 111;
72418 : 110;
72419 : 111;
72420 : 111;
72421 : 110;
72422 : 111;
72423 : 100;
72424 : 111;
72425 : 110;
72426 : 111;
72427 : 110;
72428 : 101;
72429 : 111;
72430 : 110;
72431 : 111;
72432 : 111;
72433 : 111;
72434 : 101;
72435 : 110;
72436 : 111;
72437 : 111;
72438 : 000;
72439 : 111;
72440 : 111;
72441 : 101;
72442 : 110;
72443 : 111;
72444 : 111;
72445 : 110;
72446 : 111;
72447 : 111;
72448 : 111;
72449 : 110;
72450 : 101;
72451 : 111;
72452 : 111;
72453 : 110;
72454 : 111;
72455 : 110;
72456 : 111;
72457 : 111;
72458 : 100;
72459 : 111;
72460 : 111;
72461 : 111;
72462 : 111;
72463 : 110;
72464 : 101;
72465 : 111;
72466 : 111;
72467 : 110;
72468 : 111;
72469 : 111;
72470 : 110;
72471 : 111;
72472 : 111;
72473 : 111;
72474 : 111;
72475 : 111;
72476 : 100;
72477 : 111;
72478 : 111;
72479 : 111;
72480 : 111;
72481 : 111;
72482 : 111;
72483 : 101;
72484 : 111;
72485 : 111;
72486 : 111;
72487 : 100;
72488 : 111;
72489 : 110;
72490 : 111;
72491 : 111;
72492 : 100;
72493 : 111;
72494 : 111;
72495 : 111;
72496 : 111;
72497 : 111;
72498 : 111;
72499 : 111;
72500 : 101;
72501 : 110;
72502 : 111;
72503 : 111;
72504 : 110;
72505 : 101;
72506 : 110;
72507 : 111;
72508 : 111;
72509 : 111;
72510 : 111;
72511 : 101;
72512 : 110;
72513 : 111;
72514 : 111;
72515 : 101;
72516 : 111;
72517 : 110;
72518 : 111;
72519 : 111;
72520 : 111;
72521 : 111;
72522 : 100;
72523 : 111;
72524 : 111;
72525 : 101;
72526 : 110;
72527 : 011;
72528 : 110;
72529 : 111;
72530 : 010;
72531 : 111;
72532 : 101;
72533 : 111;
72534 : 111;
72535 : 111;
72536 : 111;
72537 : 110;
72538 : 111;
72539 : 101;
72540 : 111;
72541 : 111;
72542 : 101;
72543 : 111;
72544 : 010;
72545 : 101;
72546 : 111;
72547 : 111;
72548 : 111;
72549 : 111;
72550 : 110;
72551 : 111;
72552 : 111;
72553 : 011;
72554 : 111;
72555 : 110;
72556 : 111;
72557 : 111;
72558 : 111;
72559 : 110;
72560 : 111;
72561 : 111;
72562 : 111;
72563 : 110;
72564 : 101;
72565 : 110;
72566 : 111;
72567 : 111;
72568 : 110;
72569 : 001;
72570 : 111;
72571 : 111;
72572 : 101;
72573 : 010;
72574 : 111;
72575 : 110;
72576 : 111;
72577 : 111;
72578 : 101;
72579 : 110;
72580 : 101;
72581 : 110;
72582 : 111;
72583 : 011;
72584 : 101;
72585 : 110;
72586 : 111;
72587 : 111;
72588 : 111;
72589 : 111;
72590 : 110;
72591 : 111;
72592 : 101;
72593 : 110;
72594 : 111;
72595 : 111;
72596 : 101;
72597 : 110;
72598 : 111;
72599 : 111;
72600 : 010;
72601 : 111;
72602 : 111;
72603 : 110;
72604 : 111;
72605 : 111;
72606 : 111;
72607 : 010;
72608 : 111;
72609 : 111;
72610 : 110;
72611 : 111;
72612 : 001;
72613 : 110;
72614 : 111;
72615 : 111;
72616 : 100;
72617 : 111;
72618 : 101;
72619 : 110;
72620 : 111;
72621 : 100;
72622 : 111;
72623 : 111;
72624 : 100;
72625 : 111;
72626 : 111;
72627 : 111;
72628 : 110;
72629 : 111;
72630 : 111;
72631 : 111;
72632 : 111;
72633 : 110;
72634 : 101;
72635 : 111;
72636 : 110;
72637 : 101;
72638 : 111;
72639 : 111;
72640 : 000;
72641 : 100;
72642 : 010;
72643 : 101;
72644 : 010;
72645 : 100;
72646 : 110;
72647 : 000;
72648 : 101;
72649 : 000;
72650 : 110;
72651 : 000;
72652 : 111;
72653 : 000;
72654 : 100;
72655 : 000;
72656 : 000;
72657 : 000;
72658 : 000;
72659 : 000;
72660 : 000;
72661 : 001;
72662 : 000;
72663 : 000;
72664 : 000;
72665 : 000;
72666 : 000;
72667 : 000;
72668 : 000;
72669 : 000;
72670 : 000;
72671 : 000;
72672 : 000;
72673 : 010;
72674 : 000;
72675 : 000;
72676 : 000;
72677 : 000;
72678 : 000;
72679 : 000;
72680 : 000;
72681 : 110;
72682 : 000;
72683 : 000;
72684 : 100;
72685 : 000;
72686 : 000;
72687 : 000;
72688 : 000;
72689 : 100;
72690 : 010;
72691 : 000;
72692 : 100;
72693 : 000;
72694 : 000;
72695 : 100;
72696 : 000;
72697 : 011;
72698 : 100;
72699 : 000;
72700 : 011;
72701 : 000;
72702 : 000;
72703 : 001;
72704 : 010;
72705 : 000;
72706 : 100;
72707 : 010;
72708 : 000;
72709 : 100;
72710 : 000;
72711 : 100;
72712 : 000;
72713 : 110;
72714 : 000;
72715 : 001;
72716 : 000;
72717 : 000;
72718 : 001;
72719 : 100;
72720 : 000;
72721 : 100;
72722 : 010;
72723 : 000;
72724 : 101;
72725 : 010;
72726 : 100;
72727 : 000;
72728 : 111;
72729 : 111;
72730 : 110;
72731 : 101;
72732 : 111;
72733 : 111;
72734 : 100;
72735 : 111;
72736 : 110;
72737 : 101;
72738 : 111;
72739 : 100;
72740 : 111;
72741 : 101;
72742 : 111;
72743 : 111;
72744 : 000;
72745 : 111;
72746 : 111;
72747 : 011;
72748 : 110;
72749 : 101;
72750 : 011;
72751 : 100;
72752 : 111;
72753 : 000;
72754 : 111;
72755 : 010;
72756 : 101;
72757 : 110;
72758 : 111;
72759 : 110;
72760 : 111;
72761 : 111;
72762 : 111;
72763 : 100;
72764 : 111;
72765 : 101;
72766 : 110;
72767 : 111;
72768 : 101;
72769 : 111;
72770 : 110;
72771 : 111;
72772 : 110;
72773 : 101;
72774 : 111;
72775 : 111;
72776 : 111;
72777 : 111;
72778 : 111;
72779 : 100;
72780 : 111;
72781 : 110;
72782 : 101;
72783 : 111;
72784 : 111;
72785 : 110;
72786 : 111;
72787 : 111;
72788 : 111;
72789 : 101;
72790 : 111;
72791 : 110;
72792 : 101;
72793 : 110;
72794 : 100;
72795 : 111;
72796 : 011;
72797 : 111;
72798 : 110;
72799 : 101;
72800 : 110;
72801 : 101;
72802 : 110;
72803 : 111;
72804 : 110;
72805 : 111;
72806 : 111;
72807 : 111;
72808 : 100;
72809 : 111;
72810 : 100;
72811 : 111;
72812 : 111;
72813 : 111;
72814 : 110;
72815 : 111;
72816 : 100;
72817 : 111;
72818 : 110;
72819 : 111;
72820 : 111;
72821 : 111;
72822 : 111;
72823 : 111;
72824 : 111;
72825 : 110;
72826 : 001;
72827 : 111;
72828 : 110;
72829 : 111;
72830 : 110;
72831 : 111;
72832 : 111;
72833 : 000;
72834 : 111;
72835 : 110;
72836 : 011;
72837 : 101;
72838 : 110;
72839 : 001;
72840 : 110;
72841 : 111;
72842 : 111;
72843 : 111;
72844 : 010;
72845 : 111;
72846 : 111;
72847 : 101;
72848 : 111;
72849 : 101;
72850 : 111;
72851 : 110;
72852 : 111;
72853 : 110;
72854 : 111;
72855 : 110;
72856 : 111;
72857 : 101;
72858 : 111;
72859 : 110;
72860 : 111;
72861 : 110;
72862 : 111;
72863 : 110;
72864 : 111;
72865 : 111;
72866 : 110;
72867 : 111;
72868 : 100;
72869 : 111;
72870 : 111;
72871 : 000;
72872 : 111;
72873 : 100;
72874 : 111;
72875 : 111;
72876 : 100;
72877 : 111;
72878 : 100;
72879 : 111;
72880 : 101;
72881 : 110;
72882 : 101;
72883 : 111;
72884 : 110;
72885 : 111;
72886 : 101;
72887 : 111;
72888 : 111;
72889 : 111;
72890 : 110;
72891 : 111;
72892 : 110;
72893 : 111;
72894 : 101;
72895 : 111;
72896 : 110;
72897 : 101;
72898 : 110;
72899 : 111;
72900 : 011;
72901 : 100;
72902 : 111;
72903 : 110;
72904 : 111;
72905 : 111;
72906 : 000;
72907 : 111;
72908 : 100;
72909 : 111;
72910 : 111;
72911 : 111;
72912 : 110;
72913 : 111;
72914 : 101;
72915 : 110;
72916 : 111;
72917 : 111;
72918 : 110;
72919 : 101;
72920 : 111;
72921 : 110;
72922 : 111;
72923 : 101;
72924 : 111;
72925 : 110;
72926 : 101;
72927 : 111;
72928 : 111;
72929 : 100;
72930 : 111;
72931 : 111;
72932 : 110;
72933 : 111;
72934 : 111;
72935 : 111;
72936 : 111;
72937 : 110;
72938 : 111;
72939 : 111;
72940 : 111;
72941 : 111;
72942 : 110;
72943 : 111;
72944 : 111;
72945 : 111;
72946 : 100;
72947 : 111;
72948 : 111;
72949 : 100;
72950 : 111;
72951 : 110;
72952 : 101;
72953 : 111;
72954 : 110;
72955 : 111;
72956 : 111;
72957 : 110;
72958 : 111;
72959 : 110;
72960 : 000;
72961 : 000;
72962 : 100;
72963 : 000;
72964 : 110;
72965 : 101;
72966 : 000;
72967 : 110;
72968 : 100;
72969 : 010;
72970 : 000;
72971 : 000;
72972 : 000;
72973 : 000;
72974 : 000;
72975 : 000;
72976 : 010;
72977 : 100;
72978 : 000;
72979 : 001;
72980 : 100;
72981 : 000;
72982 : 010;
72983 : 000;
72984 : 000;
72985 : 000;
72986 : 000;
72987 : 000;
72988 : 000;
72989 : 000;
72990 : 000;
72991 : 000;
72992 : 000;
72993 : 000;
72994 : 000;
72995 : 000;
72996 : 000;
72997 : 000;
72998 : 100;
72999 : 000;
73000 : 000;
73001 : 000;
73002 : 000;
73003 : 111;
73004 : 000;
73005 : 111;
73006 : 110;
73007 : 101;
73008 : 010;
73009 : 101;
73010 : 000;
73011 : 001;
73012 : 010;
73013 : 101;
73014 : 010;
73015 : 001;
73016 : 110;
73017 : 000;
73018 : 000;
73019 : 100;
73020 : 000;
73021 : 000;
73022 : 110;
73023 : 000;
73024 : 100;
73025 : 000;
73026 : 000;
73027 : 101;
73028 : 000;
73029 : 010;
73030 : 001;
73031 : 000;
73032 : 000;
73033 : 001;
73034 : 100;
73035 : 010;
73036 : 100;
73037 : 000;
73038 : 110;
73039 : 000;
73040 : 010;
73041 : 000;
73042 : 101;
73043 : 000;
73044 : 000;
73045 : 100;
73046 : 010;
73047 : 000;
73048 : 000;
73049 : 111;
73050 : 111;
73051 : 111;
73052 : 110;
73053 : 111;
73054 : 111;
73055 : 111;
73056 : 011;
73057 : 110;
73058 : 111;
73059 : 011;
73060 : 110;
73061 : 111;
73062 : 110;
73063 : 111;
73064 : 111;
73065 : 100;
73066 : 111;
73067 : 100;
73068 : 111;
73069 : 110;
73070 : 111;
73071 : 111;
73072 : 110;
73073 : 111;
73074 : 110;
73075 : 111;
73076 : 111;
73077 : 111;
73078 : 101;
73079 : 111;
73080 : 100;
73081 : 111;
73082 : 110;
73083 : 111;
73084 : 111;
73085 : 111;
73086 : 000;
73087 : 111;
73088 : 110;
73089 : 111;
73090 : 111;
73091 : 111;
73092 : 111;
73093 : 111;
73094 : 110;
73095 : 101;
73096 : 110;
73097 : 111;
73098 : 110;
73099 : 111;
73100 : 001;
73101 : 111;
73102 : 111;
73103 : 110;
73104 : 111;
73105 : 111;
73106 : 101;
73107 : 110;
73108 : 111;
73109 : 110;
73110 : 111;
73111 : 111;
73112 : 111;
73113 : 111;
73114 : 111;
73115 : 111;
73116 : 110;
73117 : 101;
73118 : 111;
73119 : 111;
73120 : 111;
73121 : 111;
73122 : 111;
73123 : 111;
73124 : 111;
73125 : 100;
73126 : 111;
73127 : 111;
73128 : 111;
73129 : 111;
73130 : 011;
73131 : 110;
73132 : 111;
73133 : 111;
73134 : 111;
73135 : 111;
73136 : 111;
73137 : 111;
73138 : 111;
73139 : 100;
73140 : 111;
73141 : 110;
73142 : 101;
73143 : 110;
73144 : 111;
73145 : 111;
73146 : 110;
73147 : 111;
73148 : 101;
73149 : 111;
73150 : 101;
73151 : 110;
73152 : 111;
73153 : 111;
73154 : 111;
73155 : 101;
73156 : 110;
73157 : 111;
73158 : 111;
73159 : 111;
73160 : 100;
73161 : 111;
73162 : 110;
73163 : 101;
73164 : 111;
73165 : 100;
73166 : 111;
73167 : 110;
73168 : 111;
73169 : 110;
73170 : 111;
73171 : 111;
73172 : 101;
73173 : 111;
73174 : 100;
73175 : 111;
73176 : 111;
73177 : 110;
73178 : 111;
73179 : 111;
73180 : 101;
73181 : 111;
73182 : 110;
73183 : 101;
73184 : 111;
73185 : 111;
73186 : 101;
73187 : 110;
73188 : 111;
73189 : 111;
73190 : 100;
73191 : 111;
73192 : 111;
73193 : 111;
73194 : 110;
73195 : 111;
73196 : 111;
73197 : 111;
73198 : 111;
73199 : 010;
73200 : 111;
73201 : 111;
73202 : 110;
73203 : 111;
73204 : 011;
73205 : 111;
73206 : 110;
73207 : 011;
73208 : 100;
73209 : 111;
73210 : 101;
73211 : 110;
73212 : 101;
73213 : 111;
73214 : 110;
73215 : 111;
73216 : 111;
73217 : 111;
73218 : 011;
73219 : 110;
73220 : 111;
73221 : 111;
73222 : 111;
73223 : 101;
73224 : 110;
73225 : 111;
73226 : 111;
73227 : 110;
73228 : 111;
73229 : 111;
73230 : 100;
73231 : 111;
73232 : 111;
73233 : 111;
73234 : 110;
73235 : 111;
73236 : 111;
73237 : 000;
73238 : 111;
73239 : 111;
73240 : 111;
73241 : 101;
73242 : 110;
73243 : 111;
73244 : 110;
73245 : 111;
73246 : 111;
73247 : 110;
73248 : 111;
73249 : 111;
73250 : 110;
73251 : 101;
73252 : 111;
73253 : 111;
73254 : 100;
73255 : 111;
73256 : 000;
73257 : 111;
73258 : 111;
73259 : 100;
73260 : 111;
73261 : 110;
73262 : 001;
73263 : 111;
73264 : 110;
73265 : 111;
73266 : 111;
73267 : 110;
73268 : 111;
73269 : 111;
73270 : 111;
73271 : 110;
73272 : 111;
73273 : 110;
73274 : 001;
73275 : 110;
73276 : 001;
73277 : 100;
73278 : 000;
73279 : 110;
73280 : 100;
73281 : 011;
73282 : 000;
73283 : 110;
73284 : 000;
73285 : 110;
73286 : 000;
73287 : 101;
73288 : 000;
73289 : 000;
73290 : 000;
73291 : 100;
73292 : 000;
73293 : 000;
73294 : 100;
73295 : 001;
73296 : 000;
73297 : 000;
73298 : 000;
73299 : 010;
73300 : 000;
73301 : 000;
73302 : 000;
73303 : 100;
73304 : 000;
73305 : 000;
73306 : 000;
73307 : 101;
73308 : 000;
73309 : 000;
73310 : 000;
73311 : 000;
73312 : 100;
73313 : 000;
73314 : 100;
73315 : 000;
73316 : 000;
73317 : 000;
73318 : 000;
73319 : 000;
73320 : 000;
73321 : 000;
73322 : 000;
73323 : 100;
73324 : 000;
73325 : 000;
73326 : 000;
73327 : 110;
73328 : 000;
73329 : 110;
73330 : 000;
73331 : 110;
73332 : 100;
73333 : 000;
73334 : 000;
73335 : 000;
73336 : 000;
73337 : 000;
73338 : 000;
73339 : 000;
73340 : 000;
73341 : 001;
73342 : 000;
73343 : 100;
73344 : 000;
73345 : 011;
73346 : 100;
73347 : 010;
73348 : 100;
73349 : 000;
73350 : 110;
73351 : 000;
73352 : 110;
73353 : 000;
73354 : 100;
73355 : 000;
73356 : 000;
73357 : 000;
73358 : 001;
73359 : 100;
73360 : 000;
73361 : 000;
73362 : 000;
73363 : 110;
73364 : 000;
73365 : 001;
73366 : 100;
73367 : 001;
73368 : 100;
73369 : 000;
73370 : 111;
73371 : 100;
73372 : 111;
73373 : 100;
73374 : 011;
73375 : 100;
73376 : 111;
73377 : 101;
73378 : 110;
73379 : 111;
73380 : 101;
73381 : 110;
73382 : 111;
73383 : 101;
73384 : 110;
73385 : 011;
73386 : 111;
73387 : 111;
73388 : 111;
73389 : 111;
73390 : 100;
73391 : 111;
73392 : 101;
73393 : 111;
73394 : 101;
73395 : 110;
73396 : 001;
73397 : 110;
73398 : 110;
73399 : 011;
73400 : 111;
73401 : 111;
73402 : 101;
73403 : 111;
73404 : 110;
73405 : 111;
73406 : 111;
73407 : 100;
73408 : 111;
73409 : 111;
73410 : 100;
73411 : 110;
73412 : 101;
73413 : 110;
73414 : 111;
73415 : 111;
73416 : 100;
73417 : 011;
73418 : 101;
73419 : 110;
73420 : 111;
73421 : 110;
73422 : 111;
73423 : 111;
73424 : 100;
73425 : 111;
73426 : 111;
73427 : 111;
73428 : 111;
73429 : 101;
73430 : 110;
73431 : 111;
73432 : 100;
73433 : 111;
73434 : 110;
73435 : 111;
73436 : 111;
73437 : 110;
73438 : 111;
73439 : 110;
73440 : 111;
73441 : 110;
73442 : 111;
73443 : 100;
73444 : 111;
73445 : 111;
73446 : 110;
73447 : 111;
73448 : 110;
73449 : 101;
73450 : 110;
73451 : 101;
73452 : 110;
73453 : 111;
73454 : 100;
73455 : 111;
73456 : 110;
73457 : 101;
73458 : 111;
73459 : 111;
73460 : 111;
73461 : 111;
73462 : 111;
73463 : 111;
73464 : 101;
73465 : 111;
73466 : 111;
73467 : 110;
73468 : 111;
73469 : 110;
73470 : 111;
73471 : 111;
73472 : 101;
73473 : 110;
73474 : 111;
73475 : 110;
73476 : 111;
73477 : 111;
73478 : 110;
73479 : 111;
73480 : 011;
73481 : 100;
73482 : 111;
73483 : 111;
73484 : 111;
73485 : 111;
73486 : 110;
73487 : 111;
73488 : 100;
73489 : 111;
73490 : 111;
73491 : 110;
73492 : 111;
73493 : 111;
73494 : 111;
73495 : 110;
73496 : 101;
73497 : 111;
73498 : 110;
73499 : 111;
73500 : 110;
73501 : 001;
73502 : 111;
73503 : 110;
73504 : 111;
73505 : 100;
73506 : 111;
73507 : 111;
73508 : 110;
73509 : 111;
73510 : 111;
73511 : 111;
73512 : 110;
73513 : 101;
73514 : 111;
73515 : 100;
73516 : 111;
73517 : 110;
73518 : 101;
73519 : 111;
73520 : 110;
73521 : 101;
73522 : 011;
73523 : 100;
73524 : 111;
73525 : 100;
73526 : 111;
73527 : 111;
73528 : 110;
73529 : 111;
73530 : 111;
73531 : 111;
73532 : 110;
73533 : 111;
73534 : 111;
73535 : 100;
73536 : 111;
73537 : 110;
73538 : 101;
73539 : 111;
73540 : 100;
73541 : 111;
73542 : 110;
73543 : 111;
73544 : 101;
73545 : 110;
73546 : 101;
73547 : 111;
73548 : 100;
73549 : 011;
73550 : 111;
73551 : 110;
73552 : 101;
73553 : 111;
73554 : 111;
73555 : 000;
73556 : 111;
73557 : 111;
73558 : 111;
73559 : 110;
73560 : 111;
73561 : 110;
73562 : 111;
73563 : 101;
73564 : 111;
73565 : 100;
73566 : 111;
73567 : 101;
73568 : 110;
73569 : 101;
73570 : 111;
73571 : 110;
73572 : 111;
73573 : 110;
73574 : 111;
73575 : 111;
73576 : 111;
73577 : 110;
73578 : 111;
73579 : 111;
73580 : 110;
73581 : 111;
73582 : 111;
73583 : 110;
73584 : 101;
73585 : 110;
73586 : 101;
73587 : 111;
73588 : 000;
73589 : 110;
73590 : 101;
73591 : 000;
73592 : 100;
73593 : 001;
73594 : 110;
73595 : 000;
73596 : 100;
73597 : 010;
73598 : 000;
73599 : 100;
73600 : 000;
73601 : 000;
73602 : 100;
73603 : 001;
73604 : 000;
73605 : 000;
73606 : 000;
73607 : 000;
73608 : 000;
73609 : 000;
73610 : 000;
73611 : 001;
73612 : 000;
73613 : 000;
73614 : 010;
73615 : 000;
73616 : 100;
73617 : 011;
73618 : 000;
73619 : 100;
73620 : 000;
73621 : 000;
73622 : 000;
73623 : 000;
73624 : 000;
73625 : 001;
73626 : 000;
73627 : 000;
73628 : 000;
73629 : 000;
73630 : 010;
73631 : 000;
73632 : 000;
73633 : 011;
73634 : 000;
73635 : 100;
73636 : 000;
73637 : 000;
73638 : 000;
73639 : 000;
73640 : 001;
73641 : 100;
73642 : 000;
73643 : 010;
73644 : 000;
73645 : 100;
73646 : 000;
73647 : 000;
73648 : 001;
73649 : 000;
73650 : 000;
73651 : 001;
73652 : 000;
73653 : 010;
73654 : 101;
73655 : 000;
73656 : 000;
73657 : 101;
73658 : 010;
73659 : 000;
73660 : 100;
73661 : 010;
73662 : 100;
73663 : 001;
73664 : 000;
73665 : 100;
73666 : 000;
73667 : 000;
73668 : 001;
73669 : 000;
73670 : 100;
73671 : 001;
73672 : 000;
73673 : 000;
73674 : 011;
73675 : 100;
73676 : 010;
73677 : 100;
73678 : 000;
73679 : 010;
73680 : 100;
73681 : 001;
73682 : 110;
73683 : 000;
73684 : 100;
73685 : 010;
73686 : 100;
73687 : 010;
73688 : 100;
73689 : 000;
73690 : 110;
73691 : 111;
73692 : 011;
73693 : 111;
73694 : 111;
73695 : 111;
73696 : 110;
73697 : 111;
73698 : 111;
73699 : 100;
73700 : 111;
73701 : 111;
73702 : 000;
73703 : 111;
73704 : 111;
73705 : 100;
73706 : 110;
73707 : 101;
73708 : 110;
73709 : 111;
73710 : 111;
73711 : 110;
73712 : 011;
73713 : 110;
73714 : 111;
73715 : 110;
73716 : 111;
73717 : 101;
73718 : 111;
73719 : 100;
73720 : 111;
73721 : 110;
73722 : 111;
73723 : 110;
73724 : 101;
73725 : 111;
73726 : 110;
73727 : 111;
73728 : 110;
73729 : 111;
73730 : 111;
73731 : 011;
73732 : 110;
73733 : 111;
73734 : 101;
73735 : 110;
73736 : 111;
73737 : 111;
73738 : 110;
73739 : 111;
73740 : 111;
73741 : 100;
73742 : 111;
73743 : 110;
73744 : 111;
73745 : 111;
73746 : 110;
73747 : 101;
73748 : 110;
73749 : 111;
73750 : 111;
73751 : 111;
73752 : 111;
73753 : 111;
73754 : 111;
73755 : 100;
73756 : 111;
73757 : 111;
73758 : 101;
73759 : 111;
73760 : 111;
73761 : 101;
73762 : 110;
73763 : 111;
73764 : 111;
73765 : 110;
73766 : 101;
73767 : 111;
73768 : 111;
73769 : 110;
73770 : 111;
73771 : 111;
73772 : 111;
73773 : 111;
73774 : 111;
73775 : 111;
73776 : 111;
73777 : 110;
73778 : 111;
73779 : 110;
73780 : 111;
73781 : 110;
73782 : 101;
73783 : 110;
73784 : 111;
73785 : 110;
73786 : 111;
73787 : 101;
73788 : 111;
73789 : 111;
73790 : 100;
73791 : 011;
73792 : 110;
73793 : 111;
73794 : 111;
73795 : 111;
73796 : 101;
73797 : 111;
73798 : 111;
73799 : 100;
73800 : 111;
73801 : 111;
73802 : 110;
73803 : 011;
73804 : 110;
73805 : 111;
73806 : 101;
73807 : 111;
73808 : 111;
73809 : 010;
73810 : 101;
73811 : 111;
73812 : 110;
73813 : 101;
73814 : 111;
73815 : 111;
73816 : 010;
73817 : 111;
73818 : 101;
73819 : 111;
73820 : 111;
73821 : 110;
73822 : 111;
73823 : 111;
73824 : 111;
73825 : 111;
73826 : 010;
73827 : 111;
73828 : 101;
73829 : 111;
73830 : 000;
73831 : 111;
73832 : 111;
73833 : 110;
73834 : 111;
73835 : 111;
73836 : 011;
73837 : 110;
73838 : 111;
73839 : 111;
73840 : 111;
73841 : 110;
73842 : 111;
73843 : 111;
73844 : 111;
73845 : 111;
73846 : 110;
73847 : 101;
73848 : 111;
73849 : 110;
73850 : 101;
73851 : 010;
73852 : 111;
73853 : 101;
73854 : 010;
73855 : 111;
73856 : 111;
73857 : 111;
73858 : 110;
73859 : 111;
73860 : 111;
73861 : 111;
73862 : 101;
73863 : 110;
73864 : 111;
73865 : 111;
73866 : 110;
73867 : 111;
73868 : 111;
73869 : 111;
73870 : 110;
73871 : 111;
73872 : 111;
73873 : 010;
73874 : 111;
73875 : 111;
73876 : 111;
73877 : 110;
73878 : 101;
73879 : 111;
73880 : 111;
73881 : 101;
73882 : 110;
73883 : 111;
73884 : 111;
73885 : 111;
73886 : 010;
73887 : 111;
73888 : 111;
73889 : 110;
73890 : 011;
73891 : 111;
73892 : 101;
73893 : 111;
73894 : 110;
73895 : 101;
73896 : 110;
73897 : 101;
73898 : 111;
73899 : 100;
73900 : 011;
73901 : 100;
73902 : 111;
73903 : 100;
73904 : 011;
73905 : 100;
73906 : 010;
73907 : 000;
73908 : 100;
73909 : 000;
73910 : 000;
73911 : 010;
73912 : 000;
73913 : 000;
73914 : 100;
73915 : 000;
73916 : 000;
73917 : 100;
73918 : 001;
73919 : 110;
73920 : 000;
73921 : 000;
73922 : 000;
73923 : 000;
73924 : 000;
73925 : 000;
73926 : 000;
73927 : 010;
73928 : 100;
73929 : 000;
73930 : 000;
73931 : 010;
73932 : 000;
73933 : 101;
73934 : 000;
73935 : 000;
73936 : 000;
73937 : 000;
73938 : 000;
73939 : 000;
73940 : 000;
73941 : 000;
73942 : 000;
73943 : 000;
73944 : 000;
73945 : 000;
73946 : 000;
73947 : 000;
73948 : 000;
73949 : 000;
73950 : 000;
73951 : 000;
73952 : 000;
73953 : 100;
73954 : 000;
73955 : 010;
73956 : 001;
73957 : 000;
73958 : 000;
73959 : 000;
73960 : 010;
73961 : 000;
73962 : 000;
73963 : 111;
73964 : 100;
73965 : 111;
73966 : 110;
73967 : 000;
73968 : 110;
73969 : 100;
73970 : 000;
73971 : 110;
73972 : 100;
73973 : 000;
73974 : 000;
73975 : 100;
73976 : 010;
73977 : 000;
73978 : 100;
73979 : 001;
73980 : 000;
73981 : 100;
73982 : 010;
73983 : 000;
73984 : 110;
73985 : 000;
73986 : 011;
73987 : 100;
73988 : 010;
73989 : 100;
73990 : 000;
73991 : 010;
73992 : 100;
73993 : 000;
73994 : 100;
73995 : 000;
73996 : 001;
73997 : 000;
73998 : 100;
73999 : 001;
74000 : 010;
74001 : 100;
74002 : 000;
74003 : 001;
74004 : 010;
74005 : 100;
74006 : 001;
74007 : 000;
74008 : 010;
74009 : 101;
74010 : 000;
74011 : 100;
74012 : 111;
74013 : 100;
74014 : 111;
74015 : 110;
74016 : 101;
74017 : 110;
74018 : 111;
74019 : 111;
74020 : 110;
74021 : 111;
74022 : 111;
74023 : 110;
74024 : 111;
74025 : 111;
74026 : 111;
74027 : 010;
74028 : 101;
74029 : 111;
74030 : 110;
74031 : 101;
74032 : 111;
74033 : 111;
74034 : 100;
74035 : 111;
74036 : 111;
74037 : 110;
74038 : 111;
74039 : 111;
74040 : 111;
74041 : 100;
74042 : 111;
74043 : 111;
74044 : 110;
74045 : 111;
74046 : 111;
74047 : 101;
74048 : 011;
74049 : 100;
74050 : 111;
74051 : 111;
74052 : 101;
74053 : 110;
74054 : 111;
74055 : 111;
74056 : 111;
74057 : 110;
74058 : 111;
74059 : 101;
74060 : 111;
74061 : 111;
74062 : 100;
74063 : 011;
74064 : 111;
74065 : 100;
74066 : 111;
74067 : 111;
74068 : 110;
74069 : 111;
74070 : 100;
74071 : 111;
74072 : 010;
74073 : 101;
74074 : 110;
74075 : 111;
74076 : 111;
74077 : 110;
74078 : 111;
74079 : 110;
74080 : 101;
74081 : 110;
74082 : 111;
74083 : 111;
74084 : 100;
74085 : 011;
74086 : 111;
74087 : 110;
74088 : 101;
74089 : 111;
74090 : 111;
74091 : 100;
74092 : 111;
74093 : 110;
74094 : 101;
74095 : 110;
74096 : 011;
74097 : 111;
74098 : 101;
74099 : 111;
74100 : 111;
74101 : 111;
74102 : 111;
74103 : 111;
74104 : 111;
74105 : 111;
74106 : 110;
74107 : 111;
74108 : 110;
74109 : 111;
74110 : 111;
74111 : 111;
74112 : 111;
74113 : 101;
74114 : 110;
74115 : 111;
74116 : 110;
74117 : 111;
74118 : 110;
74119 : 111;
74120 : 111;
74121 : 111;
74122 : 101;
74123 : 110;
74124 : 101;
74125 : 111;
74126 : 110;
74127 : 111;
74128 : 111;
74129 : 111;
74130 : 110;
74131 : 101;
74132 : 111;
74133 : 110;
74134 : 111;
74135 : 110;
74136 : 101;
74137 : 111;
74138 : 110;
74139 : 111;
74140 : 100;
74141 : 111;
74142 : 101;
74143 : 110;
74144 : 001;
74145 : 110;
74146 : 101;
74147 : 111;
74148 : 110;
74149 : 111;
74150 : 111;
74151 : 110;
74152 : 101;
74153 : 111;
74154 : 110;
74155 : 101;
74156 : 111;
74157 : 101;
74158 : 110;
74159 : 101;
74160 : 110;
74161 : 111;
74162 : 101;
74163 : 110;
74164 : 111;
74165 : 100;
74166 : 111;
74167 : 111;
74168 : 111;
74169 : 111;
74170 : 110;
74171 : 111;
74172 : 111;
74173 : 110;
74174 : 111;
74175 : 101;
74176 : 110;
74177 : 101;
74178 : 111;
74179 : 111;
74180 : 100;
74181 : 111;
74182 : 110;
74183 : 111;
74184 : 011;
74185 : 111;
74186 : 111;
74187 : 110;
74188 : 101;
74189 : 111;
74190 : 111;
74191 : 100;
74192 : 111;
74193 : 101;
74194 : 110;
74195 : 111;
74196 : 100;
74197 : 111;
74198 : 111;
74199 : 110;
74200 : 111;
74201 : 110;
74202 : 111;
74203 : 111;
74204 : 110;
74205 : 111;
74206 : 111;
74207 : 100;
74208 : 111;
74209 : 111;
74210 : 100;
74211 : 110;
74212 : 010;
74213 : 101;
74214 : 010;
74215 : 100;
74216 : 011;
74217 : 100;
74218 : 010;
74219 : 000;
74220 : 100;
74221 : 000;
74222 : 000;
74223 : 000;
74224 : 000;
74225 : 000;
74226 : 000;
74227 : 100;
74228 : 010;
74229 : 101;
74230 : 000;
74231 : 100;
74232 : 110;
74233 : 000;
74234 : 110;
74235 : 000;
74236 : 111;
74237 : 000;
74238 : 100;
74239 : 000;
74240 : 000;
74241 : 000;
74242 : 000;
74243 : 000;
74244 : 000;
74245 : 100;
74246 : 000;
74247 : 001;
74248 : 000;
74249 : 011;
74250 : 000;
74251 : 100;
74252 : 000;
74253 : 000;
74254 : 010;
74255 : 101;
74256 : 000;
74257 : 000;
74258 : 000;
74259 : 000;
74260 : 000;
74261 : 000;
74262 : 000;
74263 : 000;
74264 : 000;
74265 : 000;
74266 : 000;
74267 : 000;
74268 : 000;
74269 : 000;
74270 : 000;
74271 : 000;
74272 : 000;
74273 : 000;
74274 : 000;
74275 : 000;
74276 : 000;
74277 : 000;
74278 : 000;
74279 : 100;
74280 : 000;
74281 : 000;
74282 : 100;
74283 : 110;
74284 : 110;
74285 : 101;
74286 : 110;
74287 : 101;
74288 : 110;
74289 : 111;
74290 : 100;
74291 : 111;
74292 : 111;
74293 : 110;
74294 : 111;
74295 : 000;
74296 : 100;
74297 : 001;
74298 : 110;
74299 : 000;
74300 : 110;
74301 : 001;
74302 : 100;
74303 : 000;
74304 : 101;
74305 : 000;
74306 : 100;
74307 : 000;
74308 : 100;
74309 : 011;
74310 : 100;
74311 : 000;
74312 : 001;
74313 : 110;
74314 : 000;
74315 : 000;
74316 : 110;
74317 : 000;
74318 : 010;
74319 : 100;
74320 : 000;
74321 : 001;
74322 : 110;
74323 : 000;
74324 : 100;
74325 : 000;
74326 : 110;
74327 : 000;
74328 : 100;
74329 : 000;
74330 : 010;
74331 : 000;
74332 : 111;
74333 : 111;
74334 : 110;
74335 : 101;
74336 : 111;
74337 : 111;
74338 : 100;
74339 : 011;
74340 : 101;
74341 : 110;
74342 : 111;
74343 : 101;
74344 : 110;
74345 : 101;
74346 : 111;
74347 : 111;
74348 : 110;
74349 : 111;
74350 : 111;
74351 : 110;
74352 : 111;
74353 : 110;
74354 : 111;
74355 : 111;
74356 : 101;
74357 : 111;
74358 : 110;
74359 : 101;
74360 : 110;
74361 : 111;
74362 : 111;
74363 : 011;
74364 : 101;
74365 : 110;
74366 : 111;
74367 : 110;
74368 : 111;
74369 : 110;
74370 : 101;
74371 : 110;
74372 : 111;
74373 : 111;
74374 : 110;
74375 : 111;
74376 : 100;
74377 : 111;
74378 : 111;
74379 : 110;
74380 : 111;
74381 : 110;
74382 : 111;
74383 : 101;
74384 : 110;
74385 : 111;
74386 : 110;
74387 : 011;
74388 : 101;
74389 : 111;
74390 : 110;
74391 : 111;
74392 : 111;
74393 : 110;
74394 : 111;
74395 : 101;
74396 : 110;
74397 : 001;
74398 : 110;
74399 : 111;
74400 : 111;
74401 : 111;
74402 : 110;
74403 : 011;
74404 : 111;
74405 : 111;
74406 : 110;
74407 : 111;
74408 : 111;
74409 : 110;
74410 : 111;
74411 : 111;
74412 : 011;
74413 : 111;
74414 : 111;
74415 : 111;
74416 : 100;
74417 : 111;
74418 : 110;
74419 : 111;
74420 : 100;
74421 : 111;
74422 : 110;
74423 : 111;
74424 : 100;
74425 : 111;
74426 : 101;
74427 : 111;
74428 : 111;
74429 : 100;
74430 : 111;
74431 : 110;
74432 : 111;
74433 : 110;
74434 : 111;
74435 : 101;
74436 : 111;
74437 : 100;
74438 : 111;
74439 : 111;
74440 : 100;
74441 : 111;
74442 : 110;
74443 : 111;
74444 : 111;
74445 : 110;
74446 : 111;
74447 : 000;
74448 : 111;
74449 : 100;
74450 : 111;
74451 : 111;
74452 : 010;
74453 : 101;
74454 : 111;
74455 : 111;
74456 : 110;
74457 : 111;
74458 : 101;
74459 : 111;
74460 : 011;
74461 : 110;
74462 : 111;
74463 : 111;
74464 : 110;
74465 : 111;
74466 : 111;
74467 : 110;
74468 : 101;
74469 : 111;
74470 : 110;
74471 : 111;
74472 : 111;
74473 : 110;
74474 : 011;
74475 : 111;
74476 : 110;
74477 : 111;
74478 : 111;
74479 : 010;
74480 : 101;
74481 : 111;
74482 : 110;
74483 : 111;
74484 : 111;
74485 : 111;
74486 : 111;
74487 : 010;
74488 : 101;
74489 : 110;
74490 : 101;
74491 : 111;
74492 : 101;
74493 : 111;
74494 : 111;
74495 : 110;
74496 : 111;
74497 : 111;
74498 : 010;
74499 : 111;
74500 : 111;
74501 : 111;
74502 : 111;
74503 : 100;
74504 : 111;
74505 : 100;
74506 : 111;
74507 : 111;
74508 : 110;
74509 : 111;
74510 : 110;
74511 : 111;
74512 : 111;
74513 : 110;
74514 : 111;
74515 : 111;
74516 : 111;
74517 : 110;
74518 : 111;
74519 : 101;
74520 : 111;
74521 : 111;
74522 : 110;
74523 : 101;
74524 : 011;
74525 : 100;
74526 : 110;
74527 : 001;
74528 : 100;
74529 : 000;
74530 : 000;
74531 : 001;
74532 : 100;
74533 : 000;
74534 : 000;
74535 : 000;
74536 : 100;
74537 : 000;
74538 : 000;
74539 : 100;
74540 : 011;
74541 : 100;
74542 : 010;
74543 : 100;
74544 : 000;
74545 : 110;
74546 : 101;
74547 : 000;
74548 : 100;
74549 : 010;
74550 : 100;
74551 : 000;
74552 : 000;
74553 : 001;
74554 : 000;
74555 : 000;
74556 : 000;
74557 : 000;
74558 : 000;
74559 : 000;
74560 : 000;
74561 : 000;
74562 : 000;
74563 : 010;
74564 : 000;
74565 : 001;
74566 : 010;
74567 : 100;
74568 : 000;
74569 : 000;
74570 : 000;
74571 : 000;
74572 : 001;
74573 : 000;
74574 : 000;
74575 : 000;
74576 : 000;
74577 : 000;
74578 : 100;
74579 : 000;
74580 : 000;
74581 : 000;
74582 : 000;
74583 : 000;
74584 : 000;
74585 : 000;
74586 : 000;
74587 : 000;
74588 : 000;
74589 : 000;
74590 : 000;
74591 : 000;
74592 : 000;
74593 : 100;
74594 : 001;
74595 : 100;
74596 : 000;
74597 : 000;
74598 : 000;
74599 : 000;
74600 : 000;
74601 : 000;
74602 : 000;
74603 : 001;
74604 : 100;
74605 : 010;
74606 : 100;
74607 : 010;
74608 : 101;
74609 : 110;
74610 : 000;
74611 : 110;
74612 : 100;
74613 : 101;
74614 : 110;
74615 : 000;
74616 : 110;
74617 : 000;
74618 : 100;
74619 : 000;
74620 : 111;
74621 : 000;
74622 : 110;
74623 : 000;
74624 : 110;
74625 : 000;
74626 : 110;
74627 : 001;
74628 : 010;
74629 : 100;
74630 : 000;
74631 : 110;
74632 : 000;
74633 : 000;
74634 : 111;
74635 : 000;
74636 : 101;
74637 : 000;
74638 : 101;
74639 : 010;
74640 : 100;
74641 : 000;
74642 : 100;
74643 : 000;
74644 : 111;
74645 : 000;
74646 : 001;
74647 : 100;
74648 : 011;
74649 : 100;
74650 : 001;
74651 : 100;
74652 : 000;
74653 : 100;
74654 : 111;
74655 : 111;
74656 : 110;
74657 : 011;
74658 : 111;
74659 : 110;
74660 : 111;
74661 : 111;
74662 : 110;
74663 : 111;
74664 : 111;
74665 : 110;
74666 : 111;
74667 : 100;
74668 : 111;
74669 : 000;
74670 : 111;
74671 : 101;
74672 : 111;
74673 : 101;
74674 : 010;
74675 : 111;
74676 : 110;
74677 : 001;
74678 : 111;
74679 : 110;
74680 : 011;
74681 : 101;
74682 : 110;
74683 : 110;
74684 : 111;
74685 : 101;
74686 : 010;
74687 : 101;
74688 : 111;
74689 : 111;
74690 : 110;
74691 : 111;
74692 : 111;
74693 : 100;
74694 : 111;
74695 : 111;
74696 : 111;
74697 : 111;
74698 : 100;
74699 : 111;
74700 : 111;
74701 : 111;
74702 : 110;
74703 : 111;
74704 : 111;
74705 : 000;
74706 : 111;
74707 : 111;
74708 : 110;
74709 : 111;
74710 : 111;
74711 : 100;
74712 : 111;
74713 : 101;
74714 : 111;
74715 : 110;
74716 : 111;
74717 : 111;
74718 : 101;
74719 : 010;
74720 : 111;
74721 : 101;
74722 : 111;
74723 : 100;
74724 : 111;
74725 : 111;
74726 : 101;
74727 : 110;
74728 : 111;
74729 : 101;
74730 : 010;
74731 : 111;
74732 : 100;
74733 : 111;
74734 : 110;
74735 : 111;
74736 : 111;
74737 : 111;
74738 : 111;
74739 : 110;
74740 : 111;
74741 : 011;
74742 : 101;
74743 : 110;
74744 : 111;
74745 : 011;
74746 : 110;
74747 : 111;
74748 : 010;
74749 : 111;
74750 : 111;
74751 : 101;
74752 : 111;
74753 : 101;
74754 : 110;
74755 : 111;
74756 : 010;
74757 : 111;
74758 : 111;
74759 : 111;
74760 : 111;
74761 : 110;
74762 : 111;
74763 : 101;
74764 : 111;
74765 : 101;
74766 : 111;
74767 : 111;
74768 : 110;
74769 : 111;
74770 : 110;
74771 : 101;
74772 : 111;
74773 : 110;
74774 : 111;
74775 : 101;
74776 : 111;
74777 : 110;
74778 : 111;
74779 : 110;
74780 : 111;
74781 : 111;
74782 : 100;
74783 : 111;
74784 : 111;
74785 : 101;
74786 : 110;
74787 : 111;
74788 : 111;
74789 : 110;
74790 : 001;
74791 : 111;
74792 : 100;
74793 : 111;
74794 : 101;
74795 : 110;
74796 : 101;
74797 : 110;
74798 : 111;
74799 : 111;
74800 : 111;
74801 : 110;
74802 : 101;
74803 : 111;
74804 : 000;
74805 : 111;
74806 : 100;
74807 : 111;
74808 : 111;
74809 : 111;
74810 : 111;
74811 : 110;
74812 : 111;
74813 : 110;
74814 : 101;
74815 : 111;
74816 : 111;
74817 : 100;
74818 : 111;
74819 : 111;
74820 : 100;
74821 : 111;
74822 : 110;
74823 : 111;
74824 : 111;
74825 : 111;
74826 : 110;
74827 : 101;
74828 : 011;
74829 : 111;
74830 : 101;
74831 : 111;
74832 : 110;
74833 : 101;
74834 : 111;
74835 : 110;
74836 : 101;
74837 : 111;
74838 : 110;
74839 : 111;
74840 : 110;
74841 : 000;
74842 : 111;
74843 : 000;
74844 : 100;
74845 : 000;
74846 : 000;
74847 : 000;
74848 : 000;
74849 : 010;
74850 : 100;
74851 : 000;
74852 : 000;
74853 : 100;
74854 : 010;
74855 : 100;
74856 : 010;
74857 : 101;
74858 : 010;
74859 : 100;
74860 : 000;
74861 : 100;
74862 : 000;
74863 : 001;
74864 : 100;
74865 : 000;
74866 : 000;
74867 : 010;
74868 : 000;
74869 : 000;
74870 : 000;
74871 : 000;
74872 : 000;
74873 : 100;
74874 : 000;
74875 : 000;
74876 : 000;
74877 : 000;
74878 : 000;
74879 : 000;
74880 : 000;
74881 : 000;
74882 : 100;
74883 : 001;
74884 : 000;
74885 : 100;
74886 : 000;
74887 : 000;
74888 : 000;
74889 : 000;
74890 : 100;
74891 : 000;
74892 : 010;
74893 : 000;
74894 : 000;
74895 : 000;
74896 : 000;
74897 : 000;
74898 : 010;
74899 : 000;
74900 : 000;
74901 : 001;
74902 : 000;
74903 : 000;
74904 : 000;
74905 : 000;
74906 : 000;
74907 : 000;
74908 : 000;
74909 : 000;
74910 : 000;
74911 : 000;
74912 : 000;
74913 : 010;
74914 : 000;
74915 : 000;
74916 : 000;
74917 : 000;
74918 : 000;
74919 : 000;
74920 : 000;
74921 : 000;
74922 : 110;
74923 : 100;
74924 : 010;
74925 : 101;
74926 : 110;
74927 : 000;
74928 : 100;
74929 : 011;
74930 : 100;
74931 : 001;
74932 : 010;
74933 : 100;
74934 : 010;
74935 : 101;
74936 : 110;
74937 : 001;
74938 : 110;
74939 : 000;
74940 : 000;
74941 : 100;
74942 : 000;
74943 : 001;
74944 : 000;
74945 : 101;
74946 : 000;
74947 : 100;
74948 : 000;
74949 : 000;
74950 : 001;
74951 : 000;
74952 : 101;
74953 : 000;
74954 : 100;
74955 : 010;
74956 : 000;
74957 : 110;
74958 : 000;
74959 : 100;
74960 : 011;
74961 : 000;
74962 : 110;
74963 : 000;
74964 : 000;
74965 : 110;
74966 : 000;
74967 : 110;
74968 : 000;
74969 : 100;
74970 : 010;
74971 : 100;
74972 : 011;
74973 : 000;
74974 : 110;
74975 : 111;
74976 : 101;
74977 : 110;
74978 : 111;
74979 : 101;
74980 : 110;
74981 : 101;
74982 : 111;
74983 : 101;
74984 : 010;
74985 : 111;
74986 : 111;
74987 : 111;
74988 : 111;
74989 : 110;
74990 : 111;
74991 : 110;
74992 : 011;
74993 : 110;
74994 : 101;
74995 : 111;
74996 : 110;
74997 : 111;
74998 : 110;
74999 : 101;
75000 : 111;
75001 : 110;
75002 : 111;
75003 : 101;
75004 : 110;
75005 : 111;
75006 : 111;
75007 : 111;
75008 : 110;
75009 : 101;
75010 : 111;
75011 : 110;
75012 : 111;
75013 : 111;
75014 : 111;
75015 : 100;
75016 : 111;
75017 : 110;
75018 : 111;
75019 : 111;
75020 : 100;
75021 : 111;
75022 : 111;
75023 : 100;
75024 : 111;
75025 : 111;
75026 : 110;
75027 : 101;
75028 : 111;
75029 : 110;
75030 : 101;
75031 : 111;
75032 : 110;
75033 : 111;
75034 : 011;
75035 : 111;
75036 : 110;
75037 : 111;
75038 : 111;
75039 : 100;
75040 : 111;
75041 : 110;
75042 : 111;
75043 : 111;
75044 : 110;
75045 : 111;
75046 : 111;
75047 : 111;
75048 : 110;
75049 : 111;
75050 : 111;
75051 : 111;
75052 : 111;
75053 : 100;
75054 : 111;
75055 : 101;
75056 : 110;
75057 : 101;
75058 : 110;
75059 : 001;
75060 : 111;
75061 : 110;
75062 : 111;
75063 : 111;
75064 : 100;
75065 : 111;
75066 : 111;
75067 : 101;
75068 : 111;
75069 : 100;
75070 : 111;
75071 : 110;
75072 : 111;
75073 : 110;
75074 : 011;
75075 : 111;
75076 : 111;
75077 : 101;
75078 : 110;
75079 : 101;
75080 : 010;
75081 : 101;
75082 : 111;
75083 : 010;
75084 : 111;
75085 : 110;
75086 : 111;
75087 : 100;
75088 : 111;
75089 : 101;
75090 : 011;
75091 : 110;
75092 : 111;
75093 : 111;
75094 : 110;
75095 : 111;
75096 : 110;
75097 : 001;
75098 : 111;
75099 : 111;
75100 : 100;
75101 : 111;
75102 : 111;
75103 : 110;
75104 : 111;
75105 : 110;
75106 : 111;
75107 : 101;
75108 : 010;
75109 : 111;
75110 : 111;
75111 : 110;
75112 : 111;
75113 : 111;
75114 : 110;
75115 : 111;
75116 : 111;
75117 : 111;
75118 : 100;
75119 : 111;
75120 : 110;
75121 : 111;
75122 : 111;
75123 : 110;
75124 : 111;
75125 : 111;
75126 : 111;
75127 : 110;
75128 : 111;
75129 : 100;
75130 : 111;
75131 : 111;
75132 : 110;
75133 : 111;
75134 : 111;
75135 : 110;
75136 : 111;
75137 : 111;
75138 : 111;
75139 : 110;
75140 : 111;
75141 : 111;
75142 : 111;
75143 : 101;
75144 : 110;
75145 : 111;
75146 : 111;
75147 : 111;
75148 : 110;
75149 : 111;
75150 : 110;
75151 : 111;
75152 : 111;
75153 : 111;
75154 : 110;
75155 : 101;
75156 : 110;
75157 : 111;
75158 : 000;
75159 : 100;
75160 : 000;
75161 : 100;
75162 : 000;
75163 : 000;
75164 : 000;
75165 : 010;
75166 : 100;
75167 : 000;
75168 : 100;
75169 : 000;
75170 : 000;
75171 : 010;
75172 : 100;
75173 : 000;
75174 : 000;
75175 : 001;
75176 : 100;
75177 : 000;
75178 : 000;
75179 : 000;
75180 : 000;
75181 : 000;
75182 : 000;
75183 : 010;
75184 : 000;
75185 : 000;
75186 : 000;
75187 : 000;
75188 : 000;
75189 : 000;
75190 : 000;
75191 : 001;
75192 : 010;
75193 : 000;
75194 : 000;
75195 : 110;
75196 : 000;
75197 : 000;
75198 : 100;
75199 : 000;
75200 : 000;
75201 : 000;
75202 : 010;
75203 : 000;
75204 : 000;
75205 : 000;
75206 : 000;
75207 : 000;
75208 : 011;
75209 : 000;
75210 : 000;
75211 : 000;
75212 : 000;
75213 : 000;
75214 : 100;
75215 : 000;
75216 : 000;
75217 : 000;
75218 : 000;
75219 : 100;
75220 : 000;
75221 : 010;
75222 : 100;
75223 : 000;
75224 : 000;
75225 : 000;
75226 : 000;
75227 : 000;
75228 : 000;
75229 : 000;
75230 : 000;
75231 : 000;
75232 : 000;
75233 : 100;
75234 : 000;
75235 : 010;
75236 : 000;
75237 : 000;
75238 : 000;
75239 : 000;
75240 : 000;
75241 : 000;
75242 : 000;
75243 : 111;
75244 : 100;
75245 : 110;
75246 : 101;
75247 : 010;
75248 : 100;
75249 : 100;
75250 : 010;
75251 : 100;
75252 : 000;
75253 : 100;
75254 : 111;
75255 : 000;
75256 : 110;
75257 : 100;
75258 : 011;
75259 : 100;
75260 : 010;
75261 : 001;
75262 : 110;
75263 : 000;
75264 : 110;
75265 : 000;
75266 : 010;
75267 : 000;
75268 : 110;
75269 : 000;
75270 : 110;
75271 : 000;
75272 : 010;
75273 : 100;
75274 : 000;
75275 : 001;
75276 : 100;
75277 : 000;
75278 : 011;
75279 : 000;
75280 : 100;
75281 : 000;
75282 : 001;
75283 : 110;
75284 : 001;
75285 : 100;
75286 : 000;
75287 : 001;
75288 : 100;
75289 : 010;
75290 : 101;
75291 : 000;
75292 : 110;
75293 : 100;
75294 : 001;
75295 : 110;
75296 : 111;
75297 : 111;
75298 : 110;
75299 : 111;
75300 : 111;
75301 : 111;
75302 : 110;
75303 : 111;
75304 : 111;
75305 : 100;
75306 : 111;
75307 : 100;
75308 : 111;
75309 : 101;
75310 : 111;
75311 : 100;
75312 : 111;
75313 : 111;
75314 : 110;
75315 : 111;
75316 : 101;
75317 : 111;
75318 : 111;
75319 : 110;
75320 : 111;
75321 : 111;
75322 : 111;
75323 : 111;
75324 : 111;
75325 : 110;
75326 : 111;
75327 : 100;
75328 : 111;
75329 : 111;
75330 : 110;
75331 : 101;
75332 : 111;
75333 : 100;
75334 : 111;
75335 : 111;
75336 : 110;
75337 : 111;
75338 : 101;
75339 : 110;
75340 : 111;
75341 : 111;
75342 : 010;
75343 : 111;
75344 : 111;
75345 : 100;
75346 : 111;
75347 : 110;
75348 : 111;
75349 : 111;
75350 : 110;
75351 : 011;
75352 : 111;
75353 : 110;
75354 : 101;
75355 : 110;
75356 : 101;
75357 : 111;
75358 : 110;
75359 : 111;
75360 : 111;
75361 : 100;
75362 : 111;
75363 : 111;
75364 : 101;
75365 : 110;
75366 : 101;
75367 : 110;
75368 : 001;
75369 : 111;
75370 : 100;
75371 : 111;
75372 : 110;
75373 : 111;
75374 : 111;
75375 : 110;
75376 : 111;
75377 : 111;
75378 : 111;
75379 : 110;
75380 : 111;
75381 : 101;
75382 : 110;
75383 : 111;
75384 : 111;
75385 : 110;
75386 : 111;
75387 : 110;
75388 : 111;
75389 : 111;
75390 : 111;
75391 : 110;
75392 : 001;
75393 : 111;
75394 : 111;
75395 : 100;
75396 : 111;
75397 : 110;
75398 : 111;
75399 : 111;
75400 : 111;
75401 : 111;
75402 : 110;
75403 : 111;
75404 : 111;
75405 : 101;
75406 : 110;
75407 : 111;
75408 : 111;
75409 : 110;
75410 : 111;
75411 : 111;
75412 : 100;
75413 : 111;
75414 : 101;
75415 : 111;
75416 : 111;
75417 : 110;
75418 : 111;
75419 : 110;
75420 : 111;
75421 : 111;
75422 : 101;
75423 : 111;
75424 : 111;
75425 : 101;
75426 : 011;
75427 : 110;
75428 : 111;
75429 : 101;
75430 : 111;
75431 : 111;
75432 : 100;
75433 : 111;
75434 : 111;
75435 : 101;
75436 : 110;
75437 : 011;
75438 : 111;
75439 : 101;
75440 : 111;
75441 : 100;
75442 : 011;
75443 : 111;
75444 : 101;
75445 : 110;
75446 : 111;
75447 : 101;
75448 : 111;
75449 : 111;
75450 : 110;
75451 : 001;
75452 : 111;
75453 : 111;
75454 : 100;
75455 : 111;
75456 : 111;
75457 : 100;
75458 : 111;
75459 : 111;
75460 : 101;
75461 : 110;
75462 : 111;
75463 : 010;
75464 : 111;
75465 : 101;
75466 : 110;
75467 : 111;
75468 : 101;
75469 : 110;
75470 : 101;
75471 : 010;
75472 : 100;
75473 : 000;
75474 : 111;
75475 : 000;
75476 : 000;
75477 : 100;
75478 : 010;
75479 : 000;
75480 : 001;
75481 : 010;
75482 : 100;
75483 : 000;
75484 : 100;
75485 : 000;
75486 : 000;
75487 : 010;
75488 : 000;
75489 : 000;
75490 : 000;
75491 : 000;
75492 : 000;
75493 : 000;
75494 : 000;
75495 : 000;
75496 : 000;
75497 : 000;
75498 : 000;
75499 : 000;
75500 : 000;
75501 : 010;
75502 : 000;
75503 : 000;
75504 : 000;
75505 : 000;
75506 : 000;
75507 : 000;
75508 : 000;
75509 : 000;
75510 : 000;
75511 : 100;
75512 : 000;
75513 : 100;
75514 : 001;
75515 : 000;
75516 : 000;
75517 : 011;
75518 : 000;
75519 : 000;
75520 : 000;
75521 : 001;
75522 : 100;
75523 : 000;
75524 : 000;
75525 : 010;
75526 : 001;
75527 : 000;
75528 : 100;
75529 : 000;
75530 : 000;
75531 : 000;
75532 : 000;
75533 : 000;
75534 : 000;
75535 : 000;
75536 : 100;
75537 : 000;
75538 : 000;
75539 : 000;
75540 : 000;
75541 : 000;
75542 : 000;
75543 : 000;
75544 : 000;
75545 : 000;
75546 : 000;
75547 : 000;
75548 : 000;
75549 : 000;
75550 : 000;
75551 : 000;
75552 : 000;
75553 : 000;
75554 : 001;
75555 : 100;
75556 : 000;
75557 : 000;
75558 : 000;
75559 : 000;
75560 : 000;
75561 : 100;
75562 : 010;
75563 : 100;
75564 : 111;
75565 : 010;
75566 : 100;
75567 : 101;
75568 : 010;
75569 : 101;
75570 : 000;
75571 : 110;
75572 : 001;
75573 : 110;
75574 : 000;
75575 : 100;
75576 : 111;
75577 : 000;
75578 : 100;
75579 : 110;
75580 : 100;
75581 : 000;
75582 : 100;
75583 : 000;
75584 : 000;
75585 : 000;
75586 : 101;
75587 : 000;
75588 : 001;
75589 : 000;
75590 : 000;
75591 : 100;
75592 : 000;
75593 : 001;
75594 : 010;
75595 : 100;
75596 : 010;
75597 : 000;
75598 : 100;
75599 : 000;
75600 : 110;
75601 : 000;
75602 : 100;
75603 : 000;
75604 : 000;
75605 : 010;
75606 : 100;
75607 : 010;
75608 : 000;
75609 : 100;
75610 : 000;
75611 : 010;
75612 : 000;
75613 : 100;
75614 : 000;
75615 : 000;
75616 : 100;
75617 : 111;
75618 : 101;
75619 : 110;
75620 : 111;
75621 : 100;
75622 : 011;
75623 : 110;
75624 : 111;
75625 : 111;
75626 : 111;
75627 : 110;
75628 : 011;
75629 : 110;
75630 : 111;
75631 : 111;
75632 : 110;
75633 : 101;
75634 : 111;
75635 : 110;
75636 : 111;
75637 : 110;
75638 : 101;
75639 : 111;
75640 : 110;
75641 : 101;
75642 : 110;
75643 : 101;
75644 : 110;
75645 : 101;
75646 : 111;
75647 : 111;
75648 : 110;
75649 : 111;
75650 : 011;
75651 : 111;
75652 : 110;
75653 : 111;
75654 : 010;
75655 : 111;
75656 : 101;
75657 : 111;
75658 : 010;
75659 : 111;
75660 : 111;
75661 : 100;
75662 : 111;
75663 : 101;
75664 : 110;
75665 : 111;
75666 : 111;
75667 : 101;
75668 : 010;
75669 : 101;
75670 : 111;
75671 : 111;
75672 : 100;
75673 : 111;
75674 : 111;
75675 : 111;
75676 : 110;
75677 : 111;
75678 : 101;
75679 : 110;
75680 : 111;
75681 : 011;
75682 : 110;
75683 : 101;
75684 : 110;
75685 : 111;
75686 : 111;
75687 : 111;
75688 : 110;
75689 : 111;
75690 : 111;
75691 : 111;
75692 : 101;
75693 : 110;
75694 : 111;
75695 : 001;
75696 : 110;
75697 : 111;
75698 : 100;
75699 : 111;
75700 : 111;
75701 : 110;
75702 : 111;
75703 : 101;
75704 : 110;
75705 : 101;
75706 : 111;
75707 : 101;
75708 : 110;
75709 : 111;
75710 : 100;
75711 : 111;
75712 : 111;
75713 : 110;
75714 : 111;
75715 : 111;
75716 : 111;
75717 : 111;
75718 : 110;
75719 : 101;
75720 : 110;
75721 : 111;
75722 : 101;
75723 : 110;
75724 : 111;
75725 : 111;
75726 : 111;
75727 : 111;
75728 : 110;
75729 : 111;
75730 : 101;
75731 : 111;
75732 : 111;
75733 : 110;
75734 : 111;
75735 : 110;
75736 : 111;
75737 : 101;
75738 : 111;
75739 : 101;
75740 : 110;
75741 : 111;
75742 : 110;
75743 : 011;
75744 : 110;
75745 : 111;
75746 : 110;
75747 : 111;
75748 : 111;
75749 : 110;
75750 : 111;
75751 : 110;
75752 : 111;
75753 : 111;
75754 : 110;
75755 : 011;
75756 : 111;
75757 : 100;
75758 : 111;
75759 : 110;
75760 : 111;
75761 : 111;
75762 : 111;
75763 : 110;
75764 : 111;
75765 : 111;
75766 : 110;
75767 : 111;
75768 : 110;
75769 : 111;
75770 : 111;
75771 : 110;
75772 : 111;
75773 : 110;
75774 : 111;
75775 : 011;
75776 : 110;
75777 : 111;
75778 : 111;
75779 : 100;
75780 : 111;
75781 : 011;
75782 : 100;
75783 : 111;
75784 : 110;
75785 : 111;
75786 : 000;
75787 : 110;
75788 : 000;
75789 : 010;
75790 : 100;
75791 : 000;
75792 : 101;
75793 : 000;
75794 : 000;
75795 : 100;
75796 : 010;
75797 : 001;
75798 : 000;
75799 : 100;
75800 : 000;
75801 : 000;
75802 : 000;
75803 : 011;
75804 : 000;
75805 : 000;
75806 : 001;
75807 : 100;
75808 : 001;
75809 : 000;
75810 : 100;
75811 : 001;
75812 : 000;
75813 : 000;
75814 : 010;
75815 : 000;
75816 : 000;
75817 : 000;
75818 : 000;
75819 : 110;
75820 : 000;
75821 : 001;
75822 : 000;
75823 : 000;
75824 : 000;
75825 : 000;
75826 : 000;
75827 : 000;
75828 : 000;
75829 : 101;
75830 : 000;
75831 : 000;
75832 : 000;
75833 : 010;
75834 : 000;
75835 : 100;
75836 : 000;
75837 : 100;
75838 : 000;
75839 : 000;
75840 : 000;
75841 : 000;
75842 : 000;
75843 : 000;
75844 : 000;
75845 : 100;
75846 : 000;
75847 : 000;
75848 : 000;
75849 : 000;
75850 : 000;
75851 : 000;
75852 : 100;
75853 : 000;
75854 : 000;
75855 : 010;
75856 : 000;
75857 : 000;
75858 : 000;
75859 : 011;
75860 : 100;
75861 : 000;
75862 : 000;
75863 : 000;
75864 : 000;
75865 : 000;
75866 : 000;
75867 : 000;
75868 : 000;
75869 : 000;
75870 : 000;
75871 : 000;
75872 : 000;
75873 : 110;
75874 : 000;
75875 : 000;
75876 : 000;
75877 : 000;
75878 : 000;
75879 : 000;
75880 : 000;
75881 : 010;
75882 : 101;
75883 : 110;
75884 : 100;
75885 : 111;
75886 : 100;
75887 : 010;
75888 : 100;
75889 : 010;
75890 : 100;
75891 : 111;
75892 : 000;
75893 : 100;
75894 : 010;
75895 : 100;
75896 : 000;
75897 : 110;
75898 : 101;
75899 : 010;
75900 : 101;
75901 : 010;
75902 : 101;
75903 : 110;
75904 : 001;
75905 : 110;
75906 : 000;
75907 : 000;
75908 : 110;
75909 : 000;
75910 : 101;
75911 : 010;
75912 : 000;
75913 : 100;
75914 : 000;
75915 : 000;
75916 : 100;
75917 : 001;
75918 : 000;
75919 : 000;
75920 : 001;
75921 : 000;
75922 : 011;
75923 : 100;
75924 : 000;
75925 : 101;
75926 : 000;
75927 : 101;
75928 : 000;
75929 : 011;
75930 : 100;
75931 : 000;
75932 : 101;
75933 : 010;
75934 : 000;
75935 : 111;
75936 : 000;
75937 : 111;
75938 : 110;
75939 : 011;
75940 : 111;
75941 : 111;
75942 : 111;
75943 : 101;
75944 : 110;
75945 : 101;
75946 : 110;
75947 : 111;
75948 : 101;
75949 : 111;
75950 : 110;
75951 : 101;
75952 : 111;
75953 : 110;
75954 : 111;
75955 : 101;
75956 : 111;
75957 : 111;
75958 : 110;
75959 : 111;
75960 : 111;
75961 : 111;
75962 : 110;
75963 : 011;
75964 : 111;
75965 : 111;
75966 : 110;
75967 : 111;
75968 : 001;
75969 : 110;
75970 : 101;
75971 : 110;
75972 : 111;
75973 : 101;
75974 : 111;
75975 : 110;
75976 : 111;
75977 : 110;
75978 : 111;
75979 : 101;
75980 : 110;
75981 : 111;
75982 : 111;
75983 : 110;
75984 : 111;
75985 : 111;
75986 : 110;
75987 : 111;
75988 : 111;
75989 : 110;
75990 : 111;
75991 : 110;
75992 : 111;
75993 : 111;
75994 : 110;
75995 : 101;
75996 : 111;
75997 : 110;
75998 : 111;
75999 : 111;
76000 : 101;
76001 : 110;
76002 : 111;
76003 : 111;
76004 : 111;
76005 : 010;
76006 : 101;
76007 : 110;
76008 : 111;
76009 : 101;
76010 : 110;
76011 : 110;
76012 : 111;
76013 : 001;
76014 : 110;
76015 : 111;
76016 : 111;
76017 : 111;
76018 : 111;
76019 : 110;
76020 : 101;
76021 : 111;
76022 : 110;
76023 : 111;
76024 : 111;
76025 : 111;
76026 : 110;
76027 : 111;
76028 : 111;
76029 : 111;
76030 : 111;
76031 : 111;
76032 : 110;
76033 : 101;
76034 : 111;
76035 : 110;
76036 : 101;
76037 : 110;
76038 : 111;
76039 : 111;
76040 : 111;
76041 : 110;
76042 : 111;
76043 : 111;
76044 : 100;
76045 : 111;
76046 : 110;
76047 : 101;
76048 : 111;
76049 : 111;
76050 : 110;
76051 : 111;
76052 : 110;
76053 : 111;
76054 : 101;
76055 : 011;
76056 : 110;
76057 : 111;
76058 : 110;
76059 : 111;
76060 : 111;
76061 : 101;
76062 : 110;
76063 : 111;
76064 : 101;
76065 : 110;
76066 : 101;
76067 : 111;
76068 : 100;
76069 : 111;
76070 : 101;
76071 : 111;
76072 : 100;
76073 : 111;
76074 : 101;
76075 : 110;
76076 : 111;
76077 : 111;
76078 : 111;
76079 : 110;
76080 : 111;
76081 : 100;
76082 : 111;
76083 : 111;
76084 : 100;
76085 : 111;
76086 : 101;
76087 : 110;
76088 : 001;
76089 : 110;
76090 : 101;
76091 : 110;
76092 : 101;
76093 : 000;
76094 : 111;
76095 : 100;
76096 : 001;
76097 : 100;
76098 : 010;
76099 : 000;
76100 : 110;
76101 : 000;
76102 : 100;
76103 : 000;
76104 : 000;
76105 : 000;
76106 : 000;
76107 : 000;
76108 : 101;
76109 : 000;
76110 : 000;
76111 : 000;
76112 : 000;
76113 : 010;
76114 : 000;
76115 : 000;
76116 : 000;
76117 : 100;
76118 : 000;
76119 : 000;
76120 : 011;
76121 : 100;
76122 : 000;
76123 : 000;
76124 : 100;
76125 : 011;
76126 : 000;
76127 : 000;
76128 : 010;
76129 : 000;
76130 : 010;
76131 : 000;
76132 : 000;
76133 : 101;
76134 : 000;
76135 : 100;
76136 : 000;
76137 : 010;
76138 : 001;
76139 : 000;
76140 : 000;
76141 : 000;
76142 : 100;
76143 : 000;
76144 : 000;
76145 : 000;
76146 : 000;
76147 : 100;
76148 : 000;
76149 : 000;
76150 : 010;
76151 : 000;
76152 : 000;
76153 : 000;
76154 : 000;
76155 : 010;
76156 : 000;
76157 : 000;
76158 : 000;
76159 : 000;
76160 : 000;
76161 : 000;
76162 : 000;
76163 : 010;
76164 : 000;
76165 : 000;
76166 : 000;
76167 : 000;
76168 : 000;
76169 : 000;
76170 : 000;
76171 : 000;
76172 : 000;
76173 : 000;
76174 : 000;
76175 : 000;
76176 : 000;
76177 : 000;
76178 : 100;
76179 : 000;
76180 : 000;
76181 : 000;
76182 : 000;
76183 : 000;
76184 : 000;
76185 : 000;
76186 : 000;
76187 : 000;
76188 : 000;
76189 : 000;
76190 : 000;
76191 : 000;
76192 : 000;
76193 : 000;
76194 : 000;
76195 : 000;
76196 : 000;
76197 : 000;
76198 : 000;
76199 : 000;
76200 : 100;
76201 : 000;
76202 : 100;
76203 : 011;
76204 : 100;
76205 : 110;
76206 : 001;
76207 : 110;
76208 : 101;
76209 : 110;
76210 : 001;
76211 : 110;
76212 : 100;
76213 : 011;
76214 : 100;
76215 : 011;
76216 : 100;
76217 : 010;
76218 : 101;
76219 : 110;
76220 : 000;
76221 : 100;
76222 : 010;
76223 : 100;
76224 : 000;
76225 : 100;
76226 : 010;
76227 : 100;
76228 : 000;
76229 : 000;
76230 : 000;
76231 : 100;
76232 : 001;
76233 : 010;
76234 : 100;
76235 : 001;
76236 : 010;
76237 : 100;
76238 : 010;
76239 : 100;
76240 : 010;
76241 : 100;
76242 : 000;
76243 : 000;
76244 : 110;
76245 : 000;
76246 : 010;
76247 : 000;
76248 : 100;
76249 : 000;
76250 : 000;
76251 : 110;
76252 : 000;
76253 : 000;
76254 : 100;
76255 : 000;
76256 : 000;
76257 : 000;
76258 : 111;
76259 : 101;
76260 : 110;
76261 : 101;
76262 : 110;
76263 : 111;
76264 : 111;
76265 : 110;
76266 : 111;
76267 : 111;
76268 : 110;
76269 : 111;
76270 : 111;
76271 : 110;
76272 : 111;
76273 : 111;
76274 : 111;
76275 : 110;
76276 : 011;
76277 : 100;
76278 : 111;
76279 : 111;
76280 : 000;
76281 : 111;
76282 : 111;
76283 : 100;
76284 : 111;
76285 : 110;
76286 : 101;
76287 : 111;
76288 : 110;
76289 : 111;
76290 : 111;
76291 : 111;
76292 : 110;
76293 : 111;
76294 : 111;
76295 : 101;
76296 : 110;
76297 : 111;
76298 : 111;
76299 : 110;
76300 : 111;
76301 : 111;
76302 : 100;
76303 : 111;
76304 : 111;
76305 : 100;
76306 : 111;
76307 : 111;
76308 : 100;
76309 : 111;
76310 : 101;
76311 : 111;
76312 : 100;
76313 : 111;
76314 : 111;
76315 : 110;
76316 : 111;
76317 : 001;
76318 : 110;
76319 : 111;
76320 : 110;
76321 : 111;
76322 : 101;
76323 : 110;
76324 : 101;
76325 : 111;
76326 : 110;
76327 : 111;
76328 : 111;
76329 : 110;
76330 : 111;
76331 : 101;
76332 : 111;
76333 : 110;
76334 : 111;
76335 : 111;
76336 : 100;
76337 : 111;
76338 : 110;
76339 : 111;
76340 : 111;
76341 : 010;
76342 : 101;
76343 : 111;
76344 : 110;
76345 : 001;
76346 : 111;
76347 : 110;
76348 : 001;
76349 : 110;
76350 : 100;
76351 : 111;
76352 : 111;
76353 : 110;
76354 : 101;
76355 : 111;
76356 : 110;
76357 : 111;
76358 : 101;
76359 : 110;
76360 : 111;
76361 : 101;
76362 : 110;
76363 : 111;
76364 : 111;
76365 : 111;
76366 : 111;
76367 : 110;
76368 : 111;
76369 : 110;
76370 : 101;
76371 : 111;
76372 : 111;
76373 : 110;
76374 : 111;
76375 : 110;
76376 : 101;
76377 : 111;
76378 : 111;
76379 : 110;
76380 : 111;
76381 : 110;
76382 : 111;
76383 : 111;
76384 : 110;
76385 : 111;
76386 : 111;
76387 : 110;
76388 : 111;
76389 : 111;
76390 : 110;
76391 : 111;
76392 : 011;
76393 : 110;
76394 : 111;
76395 : 101;
76396 : 110;
76397 : 100;
76398 : 111;
76399 : 000;
76400 : 111;
76401 : 111;
76402 : 000;
76403 : 110;
76404 : 001;
76405 : 110;
76406 : 000;
76407 : 111;
76408 : 000;
76409 : 100;
76410 : 010;
76411 : 000;
76412 : 000;
76413 : 100;
76414 : 000;
76415 : 000;
76416 : 000;
76417 : 000;
76418 : 000;
76419 : 000;
76420 : 000;
76421 : 000;
76422 : 000;
76423 : 001;
76424 : 000;
76425 : 100;
76426 : 000;
76427 : 000;
76428 : 000;
76429 : 000;
76430 : 000;
76431 : 010;
76432 : 100;
76433 : 000;
76434 : 001;
76435 : 100;
76436 : 010;
76437 : 001;
76438 : 010;
76439 : 100;
76440 : 000;
76441 : 000;
76442 : 111;
76443 : 000;
76444 : 000;
76445 : 000;
76446 : 100;
76447 : 000;
76448 : 001;
76449 : 100;
76450 : 000;
76451 : 000;
76452 : 000;
76453 : 010;
76454 : 000;
76455 : 000;
76456 : 001;
76457 : 000;
76458 : 000;
76459 : 000;
76460 : 000;
76461 : 000;
76462 : 000;
76463 : 000;
76464 : 000;
76465 : 100;
76466 : 001;
76467 : 010;
76468 : 000;
76469 : 000;
76470 : 000;
76471 : 100;
76472 : 000;
76473 : 101;
76474 : 000;
76475 : 000;
76476 : 101;
76477 : 000;
76478 : 010;
76479 : 000;
76480 : 000;
76481 : 000;
76482 : 000;
76483 : 000;
76484 : 000;
76485 : 000;
76486 : 000;
76487 : 000;
76488 : 000;
76489 : 000;
76490 : 000;
76491 : 000;
76492 : 010;
76493 : 000;
76494 : 000;
76495 : 100;
76496 : 000;
76497 : 000;
76498 : 000;
76499 : 000;
76500 : 000;
76501 : 000;
76502 : 000;
76503 : 000;
76504 : 000;
76505 : 000;
76506 : 000;
76507 : 000;
76508 : 000;
76509 : 000;
76510 : 000;
76511 : 000;
76512 : 000;
76513 : 000;
76514 : 000;
76515 : 000;
76516 : 000;
76517 : 000;
76518 : 000;
76519 : 000;
76520 : 000;
76521 : 010;
76522 : 000;
76523 : 100;
76524 : 010;
76525 : 100;
76526 : 110;
76527 : 000;
76528 : 110;
76529 : 000;
76530 : 100;
76531 : 000;
76532 : 100;
76533 : 000;
76534 : 100;
76535 : 000;
76536 : 110;
76537 : 101;
76538 : 000;
76539 : 110;
76540 : 000;
76541 : 101;
76542 : 000;
76543 : 110;
76544 : 001;
76545 : 110;
76546 : 001;
76547 : 000;
76548 : 111;
76549 : 000;
76550 : 110;
76551 : 000;
76552 : 100;
76553 : 000;
76554 : 010;
76555 : 100;
76556 : 000;
76557 : 000;
76558 : 101;
76559 : 000;
76560 : 100;
76561 : 001;
76562 : 110;
76563 : 001;
76564 : 000;
76565 : 101;
76566 : 000;
76567 : 110;
76568 : 001;
76569 : 110;
76570 : 000;
76571 : 001;
76572 : 100;
76573 : 011;
76574 : 000;
76575 : 000;
76576 : 110;
76577 : 000;
76578 : 110;
76579 : 111;
76580 : 111;
76581 : 110;
76582 : 111;
76583 : 110;
76584 : 101;
76585 : 111;
76586 : 001;
76587 : 110;
76588 : 101;
76589 : 110;
76590 : 101;
76591 : 011;
76592 : 110;
76593 : 101;
76594 : 110;
76595 : 101;
76596 : 111;
76597 : 111;
76598 : 110;
76599 : 111;
76600 : 111;
76601 : 100;
76602 : 111;
76603 : 111;
76604 : 111;
76605 : 111;
76606 : 110;
76607 : 111;
76608 : 111;
76609 : 111;
76610 : 100;
76611 : 111;
76612 : 101;
76613 : 110;
76614 : 111;
76615 : 110;
76616 : 111;
76617 : 101;
76618 : 110;
76619 : 111;
76620 : 101;
76621 : 110;
76622 : 111;
76623 : 011;
76624 : 110;
76625 : 111;
76626 : 111;
76627 : 110;
76628 : 111;
76629 : 111;
76630 : 010;
76631 : 111;
76632 : 111;
76633 : 110;
76634 : 001;
76635 : 111;
76636 : 110;
76637 : 111;
76638 : 111;
76639 : 101;
76640 : 111;
76641 : 110;
76642 : 111;
76643 : 011;
76644 : 110;
76645 : 111;
76646 : 111;
76647 : 101;
76648 : 110;
76649 : 101;
76650 : 011;
76651 : 110;
76652 : 111;
76653 : 111;
76654 : 100;
76655 : 111;
76656 : 111;
76657 : 110;
76658 : 101;
76659 : 011;
76660 : 100;
76661 : 111;
76662 : 111;
76663 : 110;
76664 : 111;
76665 : 110;
76666 : 111;
76667 : 100;
76668 : 111;
76669 : 111;
76670 : 111;
76671 : 010;
76672 : 101;
76673 : 111;
76674 : 110;
76675 : 111;
76676 : 111;
76677 : 111;
76678 : 110;
76679 : 011;
76680 : 111;
76681 : 110;
76682 : 111;
76683 : 101;
76684 : 110;
76685 : 111;
76686 : 100;
76687 : 011;
76688 : 111;
76689 : 111;
76690 : 110;
76691 : 111;
76692 : 100;
76693 : 111;
76694 : 111;
76695 : 111;
76696 : 110;
76697 : 111;
76698 : 100;
76699 : 011;
76700 : 101;
76701 : 111;
76702 : 000;
76703 : 111;
76704 : 100;
76705 : 111;
76706 : 000;
76707 : 111;
76708 : 000;
76709 : 100;
76710 : 011;
76711 : 100;
76712 : 100;
76713 : 000;
76714 : 010;
76715 : 100;
76716 : 001;
76717 : 010;
76718 : 100;
76719 : 000;
76720 : 000;
76721 : 000;
76722 : 100;
76723 : 000;
76724 : 100;
76725 : 000;
76726 : 000;
76727 : 000;
76728 : 000;
76729 : 000;
76730 : 000;
76731 : 101;
76732 : 000;
76733 : 010;
76734 : 000;
76735 : 000;
76736 : 100;
76737 : 000;
76738 : 000;
76739 : 000;
76740 : 000;
76741 : 000;
76742 : 000;
76743 : 000;
76744 : 000;
76745 : 000;
76746 : 000;
76747 : 000;
76748 : 000;
76749 : 010;
76750 : 101;
76751 : 000;
76752 : 001;
76753 : 100;
76754 : 010;
76755 : 000;
76756 : 000;
76757 : 100;
76758 : 001;
76759 : 000;
76760 : 111;
76761 : 000;
76762 : 000;
76763 : 000;
76764 : 111;
76765 : 000;
76766 : 000;
76767 : 000;
76768 : 000;
76769 : 000;
76770 : 000;
76771 : 000;
76772 : 000;
76773 : 000;
76774 : 000;
76775 : 000;
76776 : 000;
76777 : 000;
76778 : 100;
76779 : 000;
76780 : 000;
76781 : 100;
76782 : 000;
76783 : 000;
76784 : 011;
76785 : 000;
76786 : 000;
76787 : 100;
76788 : 000;
76789 : 100;
76790 : 011;
76791 : 000;
76792 : 000;
76793 : 000;
76794 : 000;
76795 : 000;
76796 : 000;
76797 : 000;
76798 : 000;
76799 : 000;
END;
